input_path,output_path,status,original_sample_rate,original_channels,original_frames,output_sample_rate,output_channels,output_frames,original_duration_seconds,output_duration_seconds,error
/Users/tavantai/Developer/project_thesis_code/new_data/1/train-00032-of-00803_1191.wav,/Users/tavantai/Developer/project_thesis_code/processed/E0/1/train-00032-of-00803_1191.wav,processed,16000,1,48000,16000,1,48000,3.0,3.0,
/Users/tavantai/Developer/project_thesis_code/new_data/1/train-00032-of-00803_1192.wav,/Users/tavantai/Developer/project_thesis_code/processed/E0/1/train-00032-of-00803_1192.wav,processed,16000,1,48000,16000,1,48000,3.0,3.0,
/Users/tavantai/Developer/project_thesis_code/new_data/1/train-00032-of-00803_1193.wav,/Users/tavantai/Developer/project_thesis_code/processed/E0/1/train-00032-of-00803_1193.wav,processed,16000,1,48000,16000,1,48000,3.0,3.0,
/Users/tavantai/Developer/project_thesis_code/new_data/1/train-00032-of-00803_1194.wav,/Users/tavantai/Developer/project_thesis_code/processed/E0/1/train-00032-of-00803_1194.wav,processed,16000,1,48000,16000,1,48000,3.0,3.0,
/Users/tavantai/Developer/project_thesis_code/new_data/1/train-00032-of-00803_1195.wav,/Users/tavantai/Developer/project_thesis_code/processed/E0/1/train-00032-of-00803_1195.wav,processed,16000,1,48000,16000,1,48000,3.0,3.0,
/Users/tavantai/Developer/project_thesis_code/new_data/1/train-00032-of-00803_1196.wav,/Users/tavantai/Developer/project_thesis_code/processed/E0/1/train-00032-of-00803_1196.wav,processed,16000,1,48000,16000,1,48000,3.0,3.0,
/Users/tavantai/Developer/project_thesis_code/new_data/1/train-00032-of-00803_1197.wav,/Users/tavantai/Developer/project_thesis_code/processed/E0/1/train-00032-of-00803_1197.wav,processed,16000,1,48000,16000,1,48000,3.0,3.0,
/Users/tavantai/Developer/project_thesis_code/new_data/1/train-00032-of-00803_1198.wav,/Users/tavantai/Developer/project_thesis_code/processed/E0/1/train-00032-of-00803_1198.wav,processed,16000,1,48000,16000,1,48000,3.0,3.0,
/Users/tavantai/Developer/project_thesis_code/new_data/1/train-00032-of-00803_1199.wav,/Users/tavantai/Developer/project_thesis_code/processed/E0/1/train-00032-of-00803_1199.wav,processed,16000,1,48000,16000,1,48000,3.0,3.0,
/Users/tavantai/Developer/project_thesis_code/new_data/1/train-00032-of-00803_1200.wav,/Users/tavantai/Developer/project_thesis_code/processed/E0/1/train-00032-of-00803_1200.wav,processed,16000,1,48000,16000,1,48000,3.0,3.0,
/Users/tavantai/Developer/project_thesis_code/new_data/1/train-00032-of-00803_1201.wav,/Users/tavantai/Developer/project_thesis_code/processed/E0/1/train-00032-of-00803_1201.wav,processed,16000,1,48000,16000,1,48000,3.0,3.0,
/Users/tavantai/Developer/project_thesis_code/new_data/1/train-00032-of-00803_1202.wav,/Users/tavantai/Developer/project_thesis_code/processed/E0/1/train-00032-of-00803_1202.wav,processed,16000,1,48000,16000,1,48000,3.0,3.0,
/Users/tavantai/Developer/project_thesis_code/new_data/1/train-00032-of-00803_1203.wav,/Users/tavantai/Developer/project_thesis_code/processed/E0/1/train-00032-of-00803_1203.wav,processed,16000,1,48000,16000,1,48000,3.0,3.0,
/Users/tavantai/Developer/project_thesis_code/new_data/1/train-00032-of-00803_1204.wav,/Users/tavantai/Developer/project_thesis_code/processed/E0/1/train-00032-of-00803_1204.wav,processed,16000,1,48000,16000,1,48000,3.0,3.0,
/Users/tavantai/Developer/project_thesis_code/new_data/1/train-00032-of-00803_1205.wav,/Users/tavantai/Developer/project_thesis_code/processed/E0/1/train-00032-of-00803_1205.wav,processed,16000,1,48000,16000,1,48000,3.0,3.0,
/Users/tavantai/Developer/project_thesis_code/new_data/1/train-00032-of-00803_1206.wav,/Users/tavantai/Developer/project_thesis_code/processed/E0/1/train-00032-of-00803_1206.wav,processed,16000,1,48000,16000,1,48000,3.0,3.0,
/Users/tavantai/Developer/project_thesis_code/new_data/1/train-00032-of-00803_1207.wav,/Users/tavantai/Developer/project_thesis_code/processed/E0/1/train-00032-of-00803_1207.wav,processed,16000,1,48000,16000,1,48000,3.0,3.0,
/Users/tavantai/Developer/project_thesis_code/new_data/1/train-00032-of-00803_1208.wav,/Users/tavantai/Developer/project_thesis_code/processed/E0/1/train-00032-of-00803_1208.wav,processed,16000,1,48000,16000,1,48000,3.0,3.0,
/Users/tavantai/Developer/project_thesis_code/new_data/1/train-00032-of-00803_1209.wav,/Users/tavantai/Developer/project_thesis_code/processed/E0/1/train-00032-of-00803_1209.wav,processed,16000,1,48000,16000,1,48000,3.0,3.0,
/Users/tavantai/Developer/project_thesis_code/new_data/1/train-00032-of-00803_1210.wav,/Users/tavantai/Developer/project_thesis_code/processed/E0/1/train-00032-of-00803_1210.wav,processed,16000,1,48000,16000,1,48000,3.0,3.0,
/Users/tavantai/Developer/project_thesis_code/new_data/1/train-00032-of-00803_1211.wav,/Users/tavantai/Developer/project_thesis_code/processed/E0/1/train-00032-of-00803_1211.wav,processed,16000,1,48000,16000,1,48000,3.0,3.0,
/Users/tavantai/Developer/project_thesis_code/new_data/1/train-00032-of-00803_1212.wav,/Users/tavantai/Developer/project_thesis_code/processed/E0/1/train-00032-of-00803_1212.wav,processed,16000,1,48000,16000,1,48000,3.0,3.0,
/Users/tavantai/Developer/project_thesis_code/new_data/1/train-00032-of-00803_1213.wav,/Users/tavantai/Developer/project_thesis_code/processed/E0/1/train-00032-of-00803_1213.wav,processed,16000,1,48000,16000,1,48000,3.0,3.0,
/Users/tavantai/Developer/project_thesis_code/new_data/1/train-00032-of-00803_1214.wav,/Users/tavantai/Developer/project_thesis_code/processed/E0/1/train-00032-of-00803_1214.wav,processed,16000,1,48000,16000,1,48000,3.0,3.0,
/Users/tavantai/Developer/project_thesis_code/new_data/1/train-00032-of-00803_1215.wav,/Users/tavantai/Developer/project_thesis_code/processed/E0/1/train-00032-of-00803_1215.wav,processed,16000,1,48000,16000,1,48000,3.0,3.0,
/Users/tavantai/Developer/project_thesis_code/new_data/1/train-00032-of-00803_1216.wav,/Users/tavantai/Developer/project_thesis_code/processed/E0/1/train-00032-of-00803_1216.wav,processed,16000,1,48000,16000,1,48000,3.0,3.0,
/Users/tavantai/Developer/project_thesis_code/new_data/1/train-00032-of-00803_1217.wav,/Users/tavantai/Developer/project_thesis_code/processed/E0/1/train-00032-of-00803_1217.wav,processed,16000,1,48000,16000,1,48000,3.0,3.0,
/Users/tavantai/Developer/project_thesis_code/new_data/1/train-00032-of-00803_1218.wav,/Users/tavantai/Developer/project_thesis_code/processed/E0/1/train-00032-of-00803_1218.wav,processed,16000,1,48000,16000,1,48000,3.0,3.0,
/Users/tavantai/Developer/project_thesis_code/new_data/1/train-00032-of-00803_1219.wav,/Users/tavantai/Developer/project_thesis_code/processed/E0/1/train-00032-of-00803_1219.wav,processed,16000,1,48000,16000,1,48000,3.0,3.0,
/Users/tavantai/Developer/project_thesis_code/new_data/1/train-00032-of-00803_1220.wav,/Users/tavantai/Developer/project_thesis_code/processed/E0/1/train-00032-of-00803_1220.wav,processed,16000,1,48000,16000,1,48000,3.0,3.0,
/Users/tavantai/Developer/project_thesis_code/new_data/1/train-00032-of-00803_1221.wav,/Users/tavantai/Developer/project_thesis_code/processed/E0/1/train-00032-of-00803_1221.wav,processed,16000,1,48000,16000,1,48000,3.0,3.0,
/Users/tavantai/Developer/project_thesis_code/new_data/1/train-00032-of-00803_1222.wav,/Users/tavantai/Developer/project_thesis_code/processed/E0/1/train-00032-of-00803_1222.wav,processed,16000,1,48000,16000,1,48000,3.0,3.0,
/Users/tavantai/Developer/project_thesis_code/new_data/1/train-00032-of-00803_1223.wav,/Users/tavantai/Developer/project_thesis_code/processed/E0/1/train-00032-of-00803_1223.wav,processed,16000,1,48000,16000,1,48000,3.0,3.0,
/Users/tavantai/Developer/project_thesis_code/new_data/1/train-00032-of-00803_1224.wav,/Users/tavantai/Developer/project_thesis_code/processed/E0/1/train-00032-of-00803_1224.wav,processed,16000,1,48000,16000,1,48000,3.0,3.0,
/Users/tavantai/Developer/project_thesis_code/new_data/1/train-00032-of-00803_1225.wav,/Users/tavantai/Developer/project_thesis_code/processed/E0/1/train-00032-of-00803_1225.wav,processed,16000,1,48000,16000,1,48000,3.0,3.0,
/Users/tavantai/Developer/project_thesis_code/new_data/1/train-00032-of-00803_1226.wav,/Users/tavantai/Developer/project_thesis_code/processed/E0/1/train-00032-of-00803_1226.wav,processed,16000,1,48000,16000,1,48000,3.0,3.0,
/Users/tavantai/Developer/project_thesis_code/new_data/1/train-00032-of-00803_1227.wav,/Users/tavantai/Developer/project_thesis_code/processed/E0/1/train-00032-of-00803_1227.wav,processed,16000,1,48000,16000,1,48000,3.0,3.0,
/Users/tavantai/Developer/project_thesis_code/new_data/1/train-00032-of-00803_1228.wav,/Users/tavantai/Developer/project_thesis_code/processed/E0/1/train-00032-of-00803_1228.wav,processed,16000,1,48000,16000,1,48000,3.0,3.0,
/Users/tavantai/Developer/project_thesis_code/new_data/1/train-00032-of-00803_1229.wav,/Users/tavantai/Developer/project_thesis_code/processed/E0/1/train-00032-of-00803_1229.wav,processed,16000,1,48000,16000,1,48000,3.0,3.0,
/Users/tavantai/Developer/project_thesis_code/new_data/1/train-00032-of-00803_1230.wav,/Users/tavantai/Developer/project_thesis_code/processed/E0/1/train-00032-of-00803_1230.wav,processed,16000,1,48000,16000,1,48000,3.0,3.0,
/Users/tavantai/Developer/project_thesis_code/new_data/1/train-00032-of-00803_1231.wav,/Users/tavantai/Developer/project_thesis_code/processed/E0/1/train-00032-of-00803_1231.wav,processed,16000,1,48000,16000,1,48000,3.0,3.0,
/Users/tavantai/Developer/project_thesis_code/new_data/1/train-00032-of-00803_1232.wav,/Users/tavantai/Developer/project_thesis_code/processed/E0/1/train-00032-of-00803_1232.wav,processed,16000,1,48000,16000,1,48000,3.0,3.0,
/Users/tavantai/Developer/project_thesis_code/new_data/1/train-00032-of-00803_1233.wav,/Users/tavantai/Developer/project_thesis_code/processed/E0/1/train-00032-of-00803_1233.wav,processed,16000,1,48000,16000,1,48000,3.0,3.0,
/Users/tavantai/Developer/project_thesis_code/new_data/1/train-00032-of-00803_1234.wav,/Users/tavantai/Developer/project_thesis_code/processed/E0/1/train-00032-of-00803_1234.wav,processed,16000,1,48000,16000,1,48000,3.0,3.0,
/Users/tavantai/Developer/project_thesis_code/new_data/1/train-00032-of-00803_1235.wav,/Users/tavantai/Developer/project_thesis_code/processed/E0/1/train-00032-of-00803_1235.wav,processed,16000,1,48000,16000,1,48000,3.0,3.0,
/Users/tavantai/Developer/project_thesis_code/new_data/1/train-00032-of-00803_1236.wav,/Users/tavantai/Developer/project_thesis_code/processed/E0/1/train-00032-of-00803_1236.wav,processed,16000,1,48000,16000,1,48000,3.0,3.0,
/Users/tavantai/Developer/project_thesis_code/new_data/1/train-00032-of-00803_1237.wav,/Users/tavantai/Developer/project_thesis_code/processed/E0/1/train-00032-of-00803_1237.wav,processed,16000,1,48000,16000,1,48000,3.0,3.0,
/Users/tavantai/Developer/project_thesis_code/new_data/1/train-00032-of-00803_1238.wav,/Users/tavantai/Developer/project_thesis_code/processed/E0/1/train-00032-of-00803_1238.wav,processed,16000,1,48000,16000,1,48000,3.0,3.0,
/Users/tavantai/Developer/project_thesis_code/new_data/1/train-00032-of-00803_1239.wav,/Users/tavantai/Developer/project_thesis_code/processed/E0/1/train-00032-of-00803_1239.wav,processed,16000,1,48000,16000,1,48000,3.0,3.0,
/Users/tavantai/Developer/project_thesis_code/new_data/1/train-00032-of-00803_1240.wav,/Users/tavantai/Developer/project_thesis_code/processed/E0/1/train-00032-of-00803_1240.wav,processed,16000,1,48000,16000,1,48000,3.0,3.0,
/Users/tavantai/Developer/project_thesis_code/new_data/1/train-00032-of-00803_1241.wav,/Users/tavantai/Developer/project_thesis_code/processed/E0/1/train-00032-of-00803_1241.wav,processed,16000,1,48000,16000,1,48000,3.0,3.0,
/Users/tavantai/Developer/project_thesis_code/new_data/1/train-00032-of-00803_1242.wav,/Users/tavantai/Developer/project_thesis_code/processed/E0/1/train-00032-of-00803_1242.wav,processed,16000,1,48000,16000,1,48000,3.0,3.0,
/Users/tavantai/Developer/project_thesis_code/new_data/1/train-00032-of-00803_1243.wav,/Users/tavantai/Developer/project_thesis_code/processed/E0/1/train-00032-of-00803_1243.wav,processed,16000,1,48000,16000,1,48000,3.0,3.0,
/Users/tavantai/Developer/project_thesis_code/new_data/1/train-00032-of-00803_1244.wav,/Users/tavantai/Developer/project_thesis_code/processed/E0/1/train-00032-of-00803_1244.wav,processed,16000,1,48000,16000,1,48000,3.0,3.0,
/Users/tavantai/Developer/project_thesis_code/new_data/1/train-00032-of-00803_1245.wav,/Users/tavantai/Developer/project_thesis_code/processed/E0/1/train-00032-of-00803_1245.wav,processed,16000,1,48000,16000,1,48000,3.0,3.0,
/Users/tavantai/Developer/project_thesis_code/new_data/1/train-00032-of-00803_1246.wav,/Users/tavantai/Developer/project_thesis_code/processed/E0/1/train-00032-of-00803_1246.wav,processed,16000,1,48000,16000,1,48000,3.0,3.0,
/Users/tavantai/Developer/project_thesis_code/new_data/1/train-00032-of-00803_1247.wav,/Users/tavantai/Developer/project_thesis_code/processed/E0/1/train-00032-of-00803_1247.wav,processed,16000,1,48000,16000,1,48000,3.0,3.0,
/Users/tavantai/Developer/project_thesis_code/new_data/1/train-00032-of-00803_1248.wav,/Users/tavantai/Developer/project_thesis_code/processed/E0/1/train-00032-of-00803_1248.wav,processed,16000,1,48000,16000,1,48000,3.0,3.0,
/Users/tavantai/Developer/project_thesis_code/new_data/1/train-00032-of-00803_1249.wav,/Users/tavantai/Developer/project_thesis_code/processed/E0/1/train-00032-of-00803_1249.wav,processed,16000,1,48000,16000,1,48000,3.0,3.0,
/Users/tavantai/Developer/project_thesis_code/new_data/1/train-00032-of-00803_1250.wav,/Users/tavantai/Developer/project_thesis_code/processed/E0/1/train-00032-of-00803_1250.wav,processed,16000,1,48000,16000,1,48000,3.0,3.0,
/Users/tavantai/Developer/project_thesis_code/new_data/1/train-00032-of-00803_1251.wav,/Users/tavantai/Developer/project_thesis_code/processed/E0/1/train-00032-of-00803_1251.wav,processed,16000,1,48000,16000,1,48000,3.0,3.0,
/Users/tavantai/Developer/project_thesis_code/new_data/1/train-00032-of-00803_1252.wav,/Users/tavantai/Developer/project_thesis_code/processed/E0/1/train-00032-of-00803_1252.wav,processed,16000,1,48000,16000,1,48000,3.0,3.0,
/Users/tavantai/Developer/project_thesis_code/new_data/1/train-00032-of-00803_1253.wav,/Users/tavantai/Developer/project_thesis_code/processed/E0/1/train-00032-of-00803_1253.wav,processed,16000,1,48000,16000,1,48000,3.0,3.0,
/Users/tavantai/Developer/project_thesis_code/new_data/1/train-00032-of-00803_1254.wav,/Users/tavantai/Developer/project_thesis_code/processed/E0/1/train-00032-of-00803_1254.wav,processed,16000,1,48000,16000,1,48000,3.0,3.0,
/Users/tavantai/Developer/project_thesis_code/new_data/1/train-00032-of-00803_1255.wav,/Users/tavantai/Developer/project_thesis_code/processed/E0/1/train-00032-of-00803_1255.wav,processed,16000,1,48000,16000,1,48000,3.0,3.0,
/Users/tavantai/Developer/project_thesis_code/new_data/1/train-00032-of-00803_1256.wav,/Users/tavantai/Developer/project_thesis_code/processed/E0/1/train-00032-of-00803_1256.wav,processed,16000,1,48000,16000,1,48000,3.0,3.0,
/Users/tavantai/Developer/project_thesis_code/new_data/1/train-00032-of-00803_1257.wav,/Users/tavantai/Developer/project_thesis_code/processed/E0/1/train-00032-of-00803_1257.wav,processed,16000,1,48000,16000,1,48000,3.0,3.0,
/Users/tavantai/Developer/project_thesis_code/new_data/1/train-00032-of-00803_1258.wav,/Users/tavantai/Developer/project_thesis_code/processed/E0/1/train-00032-of-00803_1258.wav,processed,16000,1,48000,16000,1,48000,3.0,3.0,
/Users/tavantai/Developer/project_thesis_code/new_data/1/train-00032-of-00803_1259.wav,/Users/tavantai/Developer/project_thesis_code/processed/E0/1/train-00032-of-00803_1259.wav,processed,16000,1,48000,16000,1,48000,3.0,3.0,
/Users/tavantai/Developer/project_thesis_code/new_data/1/train-00032-of-00803_1260.wav,/Users/tavantai/Developer/project_thesis_code/processed/E0/1/train-00032-of-00803_1260.wav,processed,16000,1,48000,16000,1,48000,3.0,3.0,
/Users/tavantai/Developer/project_thesis_code/new_data/1/train-00032-of-00803_1261.wav,/Users/tavantai/Developer/project_thesis_code/processed/E0/1/train-00032-of-00803_1261.wav,processed,16000,1,48000,16000,1,48000,3.0,3.0,
/Users/tavantai/Developer/project_thesis_code/new_data/1/train-00032-of-00803_1262.wav,/Users/tavantai/Developer/project_thesis_code/processed/E0/1/train-00032-of-00803_1262.wav,processed,16000,1,48000,16000,1,48000,3.0,3.0,
/Users/tavantai/Developer/project_thesis_code/new_data/1/train-00032-of-00803_1263.wav,/Users/tavantai/Developer/project_thesis_code/processed/E0/1/train-00032-of-00803_1263.wav,processed,16000,1,48000,16000,1,48000,3.0,3.0,
/Users/tavantai/Developer/project_thesis_code/new_data/1/train-00032-of-00803_1264.wav,/Users/tavantai/Developer/project_thesis_code/processed/E0/1/train-00032-of-00803_1264.wav,processed,16000,1,48000,16000,1,48000,3.0,3.0,
/Users/tavantai/Developer/project_thesis_code/new_data/1/train-00032-of-00803_1265.wav,/Users/tavantai/Developer/project_thesis_code/processed/E0/1/train-00032-of-00803_1265.wav,processed,16000,1,48000,16000,1,48000,3.0,3.0,
/Users/tavantai/Developer/project_thesis_code/new_data/1/train-00032-of-00803_1266.wav,/Users/tavantai/Developer/project_thesis_code/processed/E0/1/train-00032-of-00803_1266.wav,processed,16000,1,48000,16000,1,48000,3.0,3.0,
/Users/tavantai/Developer/project_thesis_code/new_data/1/train-00032-of-00803_1267.wav,/Users/tavantai/Developer/project_thesis_code/processed/E0/1/train-00032-of-00803_1267.wav,processed,16000,1,48000,16000,1,48000,3.0,3.0,
/Users/tavantai/Developer/project_thesis_code/new_data/1/train-00032-of-00803_1268.wav,/Users/tavantai/Developer/project_thesis_code/processed/E0/1/train-00032-of-00803_1268.wav,processed,16000,1,48000,16000,1,48000,3.0,3.0,
/Users/tavantai/Developer/project_thesis_code/new_data/1/train-00032-of-00803_1269.wav,/Users/tavantai/Developer/project_thesis_code/processed/E0/1/train-00032-of-00803_1269.wav,processed,16000,1,48000,16000,1,48000,3.0,3.0,
/Users/tavantai/Developer/project_thesis_code/new_data/1/train-00032-of-00803_1270.wav,/Users/tavantai/Developer/project_thesis_code/processed/E0/1/train-00032-of-00803_1270.wav,processed,16000,1,48000,16000,1,48000,3.0,3.0,
/Users/tavantai/Developer/project_thesis_code/new_data/1/train-00032-of-00803_1271.wav,/Users/tavantai/Developer/project_thesis_code/processed/E0/1/train-00032-of-00803_1271.wav,processed,16000,1,48000,16000,1,48000,3.0,3.0,
/Users/tavantai/Developer/project_thesis_code/new_data/1/train-00032-of-00803_1272.wav,/Users/tavantai/Developer/project_thesis_code/processed/E0/1/train-00032-of-00803_1272.wav,processed,16000,1,48000,16000,1,48000,3.0,3.0,
/Users/tavantai/Developer/project_thesis_code/new_data/1/train-00032-of-00803_1273.wav,/Users/tavantai/Developer/project_thesis_code/processed/E0/1/train-00032-of-00803_1273.wav,processed,16000,1,48000,16000,1,48000,3.0,3.0,
/Users/tavantai/Developer/project_thesis_code/new_data/1/train-00032-of-00803_1274.wav,/Users/tavantai/Developer/project_thesis_code/processed/E0/1/train-00032-of-00803_1274.wav,processed,16000,1,48000,16000,1,48000,3.0,3.0,
/Users/tavantai/Developer/project_thesis_code/new_data/1/train-00032-of-00803_1275.wav,/Users/tavantai/Developer/project_thesis_code/processed/E0/1/train-00032-of-00803_1275.wav,processed,16000,1,48000,16000,1,48000,3.0,3.0,
/Users/tavantai/Developer/project_thesis_code/new_data/1/train-00032-of-00803_1276.wav,/Users/tavantai/Developer/project_thesis_code/processed/E0/1/train-00032-of-00803_1276.wav,processed,16000,1,48000,16000,1,48000,3.0,3.0,
/Users/tavantai/Developer/project_thesis_code/new_data/1/train-00032-of-00803_1277.wav,/Users/tavantai/Developer/project_thesis_code/processed/E0/1/train-00032-of-00803_1277.wav,processed,16000,1,48000,16000,1,48000,3.0,3.0,
/Users/tavantai/Developer/project_thesis_code/new_data/1/train-00032-of-00803_1278.wav,/Users/tavantai/Developer/project_thesis_code/processed/E0/1/train-00032-of-00803_1278.wav,processed,16000,1,48000,16000,1,48000,3.0,3.0,
/Users/tavantai/Developer/project_thesis_code/new_data/1/train-00032-of-00803_1279.wav,/Users/tavantai/Developer/project_thesis_code/processed/E0/1/train-00032-of-00803_1279.wav,processed,16000,1,48000,16000,1,48000,3.0,3.0,
/Users/tavantai/Developer/project_thesis_code/new_data/1/train-00032-of-00803_1280.wav,/Users/tavantai/Developer/project_thesis_code/processed/E0/1/train-00032-of-00803_1280.wav,processed,16000,1,48000,16000,1,48000,3.0,3.0,
/Users/tavantai/Developer/project_thesis_code/new_data/1/train-00032-of-00803_1281.wav,/Users/tavantai/Developer/project_thesis_code/processed/E0/1/train-00032-of-00803_1281.wav,processed,16000,1,48000,16000,1,48000,3.0,3.0,
/Users/tavantai/Developer/project_thesis_code/new_data/1/train-00032-of-00803_1282.wav,/Users/tavantai/Developer/project_thesis_code/processed/E0/1/train-00032-of-00803_1282.wav,processed,16000,1,48000,16000,1,48000,3.0,3.0,
/Users/tavantai/Developer/project_thesis_code/new_data/1/train-00032-of-00803_1283.wav,/Users/tavantai/Developer/project_thesis_code/processed/E0/1/train-00032-of-00803_1283.wav,processed,16000,1,48000,16000,1,48000,3.0,3.0,
/Users/tavantai/Developer/project_thesis_code/new_data/1/train-00032-of-00803_1284.wav,/Users/tavantai/Developer/project_thesis_code/processed/E0/1/train-00032-of-00803_1284.wav,processed,16000,1,48000,16000,1,48000,3.0,3.0,
/Users/tavantai/Developer/project_thesis_code/new_data/1/train-00032-of-00803_1285.wav,/Users/tavantai/Developer/project_thesis_code/processed/E0/1/train-00032-of-00803_1285.wav,processed,16000,1,48000,16000,1,48000,3.0,3.0,
/Users/tavantai/Developer/project_thesis_code/new_data/1/train-00032-of-00803_1286.wav,/Users/tavantai/Developer/project_thesis_code/processed/E0/1/train-00032-of-00803_1286.wav,processed,16000,1,48000,16000,1,48000,3.0,3.0,
/Users/tavantai/Developer/project_thesis_code/new_data/1/train-00032-of-00803_1287.wav,/Users/tavantai/Developer/project_thesis_code/processed/E0/1/train-00032-of-00803_1287.wav,processed,16000,1,48000,16000,1,48000,3.0,3.0,
/Users/tavantai/Developer/project_thesis_code/new_data/1/train-00032-of-00803_1288.wav,/Users/tavantai/Developer/project_thesis_code/processed/E0/1/train-00032-of-00803_1288.wav,processed,16000,1,48000,16000,1,48000,3.0,3.0,
/Users/tavantai/Developer/project_thesis_code/new_data/1/train-00032-of-00803_1289.wav,/Users/tavantai/Developer/project_thesis_code/processed/E0/1/train-00032-of-00803_1289.wav,processed,16000,1,48000,16000,1,48000,3.0,3.0,
/Users/tavantai/Developer/project_thesis_code/new_data/1/train-00032-of-00803_1290.wav,/Users/tavantai/Developer/project_thesis_code/processed/E0/1/train-00032-of-00803_1290.wav,processed,16000,1,48000,16000,1,48000,3.0,3.0,
/Users/tavantai/Developer/project_thesis_code/new_data/1/train-00032-of-00803_1291.wav,/Users/tavantai/Developer/project_thesis_code/processed/E0/1/train-00032-of-00803_1291.wav,processed,16000,1,48000,16000,1,48000,3.0,3.0,
/Users/tavantai/Developer/project_thesis_code/new_data/1/train-00032-of-00803_1292.wav,/Users/tavantai/Developer/project_thesis_code/processed/E0/1/train-00032-of-00803_1292.wav,processed,16000,1,48000,16000,1,48000,3.0,3.0,
/Users/tavantai/Developer/project_thesis_code/new_data/1/train-00032-of-00803_1293.wav,/Users/tavantai/Developer/project_thesis_code/processed/E0/1/train-00032-of-00803_1293.wav,processed,16000,1,48000,16000,1,48000,3.0,3.0,
/Users/tavantai/Developer/project_thesis_code/new_data/1/train-00032-of-00803_1294.wav,/Users/tavantai/Developer/project_thesis_code/processed/E0/1/train-00032-of-00803_1294.wav,processed,16000,1,48000,16000,1,48000,3.0,3.0,
/Users/tavantai/Developer/project_thesis_code/new_data/1/train-00032-of-00803_1295.wav,/Users/tavantai/Developer/project_thesis_code/processed/E0/1/train-00032-of-00803_1295.wav,processed,16000,1,48000,16000,1,48000,3.0,3.0,
/Users/tavantai/Developer/project_thesis_code/new_data/1/train-00032-of-00803_1296.wav,/Users/tavantai/Developer/project_thesis_code/processed/E0/1/train-00032-of-00803_1296.wav,processed,16000,1,48000,16000,1,48000,3.0,3.0,
/Users/tavantai/Developer/project_thesis_code/new_data/1/train-00032-of-00803_1297.wav,/Users/tavantai/Developer/project_thesis_code/processed/E0/1/train-00032-of-00803_1297.wav,processed,16000,1,48000,16000,1,48000,3.0,3.0,
/Users/tavantai/Developer/project_thesis_code/new_data/1/train-00032-of-00803_1298.wav,/Users/tavantai/Developer/project_thesis_code/processed/E0/1/train-00032-of-00803_1298.wav,processed,16000,1,48000,16000,1,48000,3.0,3.0,
/Users/tavantai/Developer/project_thesis_code/new_data/1/train-00033-of-00803_0.wav,/Users/tavantai/Developer/project_thesis_code/processed/E0/1/train-00033-of-00803_0.wav,processed,16000,1,48000,16000,1,48000,3.0,3.0,
/Users/tavantai/Developer/project_thesis_code/new_data/1/train-00033-of-00803_1.wav,/Users/tavantai/Developer/project_thesis_code/processed/E0/1/train-00033-of-00803_1.wav,processed,16000,1,48000,16000,1,48000,3.0,3.0,
/Users/tavantai/Developer/project_thesis_code/new_data/1/train-00033-of-00803_10.wav,/Users/tavantai/Developer/project_thesis_code/processed/E0/1/train-00033-of-00803_10.wav,processed,16000,1,48000,16000,1,48000,3.0,3.0,
/Users/tavantai/Developer/project_thesis_code/new_data/1/train-00033-of-00803_100.wav,/Users/tavantai/Developer/project_thesis_code/processed/E0/1/train-00033-of-00803_100.wav,processed,16000,1,48000,16000,1,48000,3.0,3.0,
/Users/tavantai/Developer/project_thesis_code/new_data/1/train-00033-of-00803_101.wav,/Users/tavantai/Developer/project_thesis_code/processed/E0/1/train-00033-of-00803_101.wav,processed,16000,1,48000,16000,1,48000,3.0,3.0,
/Users/tavantai/Developer/project_thesis_code/new_data/1/train-00033-of-00803_102.wav,/Users/tavantai/Developer/project_thesis_code/processed/E0/1/train-00033-of-00803_102.wav,processed,16000,1,48000,16000,1,48000,3.0,3.0,
/Users/tavantai/Developer/project_thesis_code/new_data/1/train-00033-of-00803_103.wav,/Users/tavantai/Developer/project_thesis_code/processed/E0/1/train-00033-of-00803_103.wav,processed,16000,1,48000,16000,1,48000,3.0,3.0,
/Users/tavantai/Developer/project_thesis_code/new_data/1/train-00033-of-00803_104.wav,/Users/tavantai/Developer/project_thesis_code/processed/E0/1/train-00033-of-00803_104.wav,processed,16000,1,48000,16000,1,48000,3.0,3.0,
/Users/tavantai/Developer/project_thesis_code/new_data/1/train-00033-of-00803_105.wav,/Users/tavantai/Developer/project_thesis_code/processed/E0/1/train-00033-of-00803_105.wav,processed,16000,1,48000,16000,1,48000,3.0,3.0,
/Users/tavantai/Developer/project_thesis_code/new_data/1/train-00033-of-00803_106.wav,/Users/tavantai/Developer/project_thesis_code/processed/E0/1/train-00033-of-00803_106.wav,processed,16000,1,48000,16000,1,48000,3.0,3.0,
/Users/tavantai/Developer/project_thesis_code/new_data/1/train-00033-of-00803_107.wav,/Users/tavantai/Developer/project_thesis_code/processed/E0/1/train-00033-of-00803_107.wav,processed,16000,1,48000,16000,1,48000,3.0,3.0,
/Users/tavantai/Developer/project_thesis_code/new_data/1/train-00033-of-00803_108.wav,/Users/tavantai/Developer/project_thesis_code/processed/E0/1/train-00033-of-00803_108.wav,processed,16000,1,48000,16000,1,48000,3.0,3.0,
/Users/tavantai/Developer/project_thesis_code/new_data/1/train-00033-of-00803_109.wav,/Users/tavantai/Developer/project_thesis_code/processed/E0/1/train-00033-of-00803_109.wav,processed,16000,1,48000,16000,1,48000,3.0,3.0,
/Users/tavantai/Developer/project_thesis_code/new_data/1/train-00033-of-00803_11.wav,/Users/tavantai/Developer/project_thesis_code/processed/E0/1/train-00033-of-00803_11.wav,processed,16000,1,48000,16000,1,48000,3.0,3.0,
/Users/tavantai/Developer/project_thesis_code/new_data/1/train-00033-of-00803_110.wav,/Users/tavantai/Developer/project_thesis_code/processed/E0/1/train-00033-of-00803_110.wav,processed,16000,1,48000,16000,1,48000,3.0,3.0,
/Users/tavantai/Developer/project_thesis_code/new_data/1/train-00033-of-00803_111.wav,/Users/tavantai/Developer/project_thesis_code/processed/E0/1/train-00033-of-00803_111.wav,processed,16000,1,48000,16000,1,48000,3.0,3.0,
/Users/tavantai/Developer/project_thesis_code/new_data/1/train-00033-of-00803_112.wav,/Users/tavantai/Developer/project_thesis_code/processed/E0/1/train-00033-of-00803_112.wav,processed,16000,1,48000,16000,1,48000,3.0,3.0,
/Users/tavantai/Developer/project_thesis_code/new_data/1/train-00033-of-00803_113.wav,/Users/tavantai/Developer/project_thesis_code/processed/E0/1/train-00033-of-00803_113.wav,processed,16000,1,48000,16000,1,48000,3.0,3.0,
/Users/tavantai/Developer/project_thesis_code/new_data/1/train-00033-of-00803_114.wav,/Users/tavantai/Developer/project_thesis_code/processed/E0/1/train-00033-of-00803_114.wav,processed,16000,1,48000,16000,1,48000,3.0,3.0,
/Users/tavantai/Developer/project_thesis_code/new_data/1/train-00033-of-00803_115.wav,/Users/tavantai/Developer/project_thesis_code/processed/E0/1/train-00033-of-00803_115.wav,processed,16000,1,48000,16000,1,48000,3.0,3.0,
/Users/tavantai/Developer/project_thesis_code/new_data/1/train-00033-of-00803_116.wav,/Users/tavantai/Developer/project_thesis_code/processed/E0/1/train-00033-of-00803_116.wav,processed,16000,1,48000,16000,1,48000,3.0,3.0,
/Users/tavantai/Developer/project_thesis_code/new_data/1/train-00033-of-00803_117.wav,/Users/tavantai/Developer/project_thesis_code/processed/E0/1/train-00033-of-00803_117.wav,processed,16000,1,48000,16000,1,48000,3.0,3.0,
/Users/tavantai/Developer/project_thesis_code/new_data/1/train-00033-of-00803_118.wav,/Users/tavantai/Developer/project_thesis_code/processed/E0/1/train-00033-of-00803_118.wav,processed,16000,1,48000,16000,1,48000,3.0,3.0,
/Users/tavantai/Developer/project_thesis_code/new_data/1/train-00033-of-00803_119.wav,/Users/tavantai/Developer/project_thesis_code/processed/E0/1/train-00033-of-00803_119.wav,processed,16000,1,48000,16000,1,48000,3.0,3.0,
/Users/tavantai/Developer/project_thesis_code/new_data/1/train-00033-of-00803_12.wav,/Users/tavantai/Developer/project_thesis_code/processed/E0/1/train-00033-of-00803_12.wav,processed,16000,1,48000,16000,1,48000,3.0,3.0,
/Users/tavantai/Developer/project_thesis_code/new_data/1/train-00033-of-00803_120.wav,/Users/tavantai/Developer/project_thesis_code/processed/E0/1/train-00033-of-00803_120.wav,processed,16000,1,48000,16000,1,48000,3.0,3.0,
/Users/tavantai/Developer/project_thesis_code/new_data/1/train-00033-of-00803_121.wav,/Users/tavantai/Developer/project_thesis_code/processed/E0/1/train-00033-of-00803_121.wav,processed,16000,1,48000,16000,1,48000,3.0,3.0,
/Users/tavantai/Developer/project_thesis_code/new_data/1/train-00033-of-00803_122.wav,/Users/tavantai/Developer/project_thesis_code/processed/E0/1/train-00033-of-00803_122.wav,processed,16000,1,48000,16000,1,48000,3.0,3.0,
/Users/tavantai/Developer/project_thesis_code/new_data/1/train-00033-of-00803_123.wav,/Users/tavantai/Developer/project_thesis_code/processed/E0/1/train-00033-of-00803_123.wav,processed,16000,1,48000,16000,1,48000,3.0,3.0,
/Users/tavantai/Developer/project_thesis_code/new_data/1/train-00033-of-00803_124.wav,/Users/tavantai/Developer/project_thesis_code/processed/E0/1/train-00033-of-00803_124.wav,processed,16000,1,48000,16000,1,48000,3.0,3.0,
/Users/tavantai/Developer/project_thesis_code/new_data/1/train-00033-of-00803_125.wav,/Users/tavantai/Developer/project_thesis_code/processed/E0/1/train-00033-of-00803_125.wav,processed,16000,1,48000,16000,1,48000,3.0,3.0,
/Users/tavantai/Developer/project_thesis_code/new_data/1/train-00033-of-00803_126.wav,/Users/tavantai/Developer/project_thesis_code/processed/E0/1/train-00033-of-00803_126.wav,processed,16000,1,48000,16000,1,48000,3.0,3.0,
/Users/tavantai/Developer/project_thesis_code/new_data/1/train-00033-of-00803_127.wav,/Users/tavantai/Developer/project_thesis_code/processed/E0/1/train-00033-of-00803_127.wav,processed,16000,1,48000,16000,1,48000,3.0,3.0,
/Users/tavantai/Developer/project_thesis_code/new_data/1/train-00033-of-00803_128.wav,/Users/tavantai/Developer/project_thesis_code/processed/E0/1/train-00033-of-00803_128.wav,processed,16000,1,48000,16000,1,48000,3.0,3.0,
/Users/tavantai/Developer/project_thesis_code/new_data/1/train-00033-of-00803_129.wav,/Users/tavantai/Developer/project_thesis_code/processed/E0/1/train-00033-of-00803_129.wav,processed,16000,1,48000,16000,1,48000,3.0,3.0,
/Users/tavantai/Developer/project_thesis_code/new_data/1/train-00033-of-00803_13.wav,/Users/tavantai/Developer/project_thesis_code/processed/E0/1/train-00033-of-00803_13.wav,processed,16000,1,48000,16000,1,48000,3.0,3.0,
/Users/tavantai/Developer/project_thesis_code/new_data/1/train-00033-of-00803_130.wav,/Users/tavantai/Developer/project_thesis_code/processed/E0/1/train-00033-of-00803_130.wav,processed,16000,1,48000,16000,1,48000,3.0,3.0,
/Users/tavantai/Developer/project_thesis_code/new_data/1/train-00033-of-00803_131.wav,/Users/tavantai/Developer/project_thesis_code/processed/E0/1/train-00033-of-00803_131.wav,processed,16000,1,48000,16000,1,48000,3.0,3.0,
/Users/tavantai/Developer/project_thesis_code/new_data/1/train-00033-of-00803_132.wav,/Users/tavantai/Developer/project_thesis_code/processed/E0/1/train-00033-of-00803_132.wav,processed,16000,1,48000,16000,1,48000,3.0,3.0,
/Users/tavantai/Developer/project_thesis_code/new_data/1/train-00033-of-00803_133.wav,/Users/tavantai/Developer/project_thesis_code/processed/E0/1/train-00033-of-00803_133.wav,processed,16000,1,48000,16000,1,48000,3.0,3.0,
/Users/tavantai/Developer/project_thesis_code/new_data/1/train-00033-of-00803_134.wav,/Users/tavantai/Developer/project_thesis_code/processed/E0/1/train-00033-of-00803_134.wav,processed,16000,1,48000,16000,1,48000,3.0,3.0,
/Users/tavantai/Developer/project_thesis_code/new_data/1/train-00033-of-00803_135.wav,/Users/tavantai/Developer/project_thesis_code/processed/E0/1/train-00033-of-00803_135.wav,processed,16000,1,48000,16000,1,48000,3.0,3.0,
/Users/tavantai/Developer/project_thesis_code/new_data/1/train-00033-of-00803_136.wav,/Users/tavantai/Developer/project_thesis_code/processed/E0/1/train-00033-of-00803_136.wav,processed,16000,1,48000,16000,1,48000,3.0,3.0,
/Users/tavantai/Developer/project_thesis_code/new_data/1/train-00033-of-00803_137.wav,/Users/tavantai/Developer/project_thesis_code/processed/E0/1/train-00033-of-00803_137.wav,processed,16000,1,48000,16000,1,48000,3.0,3.0,
/Users/tavantai/Developer/project_thesis_code/new_data/1/train-00033-of-00803_138.wav,/Users/tavantai/Developer/project_thesis_code/processed/E0/1/train-00033-of-00803_138.wav,processed,16000,1,48000,16000,1,48000,3.0,3.0,
/Users/tavantai/Developer/project_thesis_code/new_data/1/train-00033-of-00803_139.wav,/Users/tavantai/Developer/project_thesis_code/processed/E0/1/train-00033-of-00803_139.wav,processed,16000,1,48000,16000,1,48000,3.0,3.0,
/Users/tavantai/Developer/project_thesis_code/new_data/1/train-00033-of-00803_14.wav,/Users/tavantai/Developer/project_thesis_code/processed/E0/1/train-00033-of-00803_14.wav,processed,16000,1,48000,16000,1,48000,3.0,3.0,
/Users/tavantai/Developer/project_thesis_code/new_data/1/train-00033-of-00803_140.wav,/Users/tavantai/Developer/project_thesis_code/processed/E0/1/train-00033-of-00803_140.wav,processed,16000,1,48000,16000,1,48000,3.0,3.0,
/Users/tavantai/Developer/project_thesis_code/new_data/1/train-00033-of-00803_141.wav,/Users/tavantai/Developer/project_thesis_code/processed/E0/1/train-00033-of-00803_141.wav,processed,16000,1,48000,16000,1,48000,3.0,3.0,
/Users/tavantai/Developer/project_thesis_code/new_data/1/train-00033-of-00803_142.wav,/Users/tavantai/Developer/project_thesis_code/processed/E0/1/train-00033-of-00803_142.wav,processed,16000,1,48000,16000,1,48000,3.0,3.0,
/Users/tavantai/Developer/project_thesis_code/new_data/1/train-00033-of-00803_143.wav,/Users/tavantai/Developer/project_thesis_code/processed/E0/1/train-00033-of-00803_143.wav,processed,16000,1,48000,16000,1,48000,3.0,3.0,
/Users/tavantai/Developer/project_thesis_code/new_data/1/train-00033-of-00803_144.wav,/Users/tavantai/Developer/project_thesis_code/processed/E0/1/train-00033-of-00803_144.wav,processed,16000,1,48000,16000,1,48000,3.0,3.0,
/Users/tavantai/Developer/project_thesis_code/new_data/1/train-00033-of-00803_145.wav,/Users/tavantai/Developer/project_thesis_code/processed/E0/1/train-00033-of-00803_145.wav,processed,16000,1,48000,16000,1,48000,3.0,3.0,
/Users/tavantai/Developer/project_thesis_code/new_data/1/train-00033-of-00803_146.wav,/Users/tavantai/Developer/project_thesis_code/processed/E0/1/train-00033-of-00803_146.wav,processed,16000,1,48000,16000,1,48000,3.0,3.0,
/Users/tavantai/Developer/project_thesis_code/new_data/1/train-00033-of-00803_147.wav,/Users/tavantai/Developer/project_thesis_code/processed/E0/1/train-00033-of-00803_147.wav,processed,16000,1,48000,16000,1,48000,3.0,3.0,
/Users/tavantai/Developer/project_thesis_code/new_data/1/train-00033-of-00803_148.wav,/Users/tavantai/Developer/project_thesis_code/processed/E0/1/train-00033-of-00803_148.wav,processed,16000,1,48000,16000,1,48000,3.0,3.0,
/Users/tavantai/Developer/project_thesis_code/new_data/1/train-00033-of-00803_149.wav,/Users/tavantai/Developer/project_thesis_code/processed/E0/1/train-00033-of-00803_149.wav,processed,16000,1,48000,16000,1,48000,3.0,3.0,
/Users/tavantai/Developer/project_thesis_code/new_data/1/train-00033-of-00803_15.wav,/Users/tavantai/Developer/project_thesis_code/processed/E0/1/train-00033-of-00803_15.wav,processed,16000,1,48000,16000,1,48000,3.0,3.0,
/Users/tavantai/Developer/project_thesis_code/new_data/1/train-00033-of-00803_150.wav,/Users/tavantai/Developer/project_thesis_code/processed/E0/1/train-00033-of-00803_150.wav,processed,16000,1,48000,16000,1,48000,3.0,3.0,
/Users/tavantai/Developer/project_thesis_code/new_data/1/train-00033-of-00803_151.wav,/Users/tavantai/Developer/project_thesis_code/processed/E0/1/train-00033-of-00803_151.wav,processed,16000,1,48000,16000,1,48000,3.0,3.0,
/Users/tavantai/Developer/project_thesis_code/new_data/1/train-00033-of-00803_152.wav,/Users/tavantai/Developer/project_thesis_code/processed/E0/1/train-00033-of-00803_152.wav,processed,16000,1,48000,16000,1,48000,3.0,3.0,
/Users/tavantai/Developer/project_thesis_code/new_data/1/train-00033-of-00803_153.wav,/Users/tavantai/Developer/project_thesis_code/processed/E0/1/train-00033-of-00803_153.wav,processed,16000,1,48000,16000,1,48000,3.0,3.0,
/Users/tavantai/Developer/project_thesis_code/new_data/1/train-00033-of-00803_154.wav,/Users/tavantai/Developer/project_thesis_code/processed/E0/1/train-00033-of-00803_154.wav,processed,16000,1,48000,16000,1,48000,3.0,3.0,
/Users/tavantai/Developer/project_thesis_code/new_data/1/train-00033-of-00803_155.wav,/Users/tavantai/Developer/project_thesis_code/processed/E0/1/train-00033-of-00803_155.wav,processed,16000,1,48000,16000,1,48000,3.0,3.0,
/Users/tavantai/Developer/project_thesis_code/new_data/1/train-00033-of-00803_156.wav,/Users/tavantai/Developer/project_thesis_code/processed/E0/1/train-00033-of-00803_156.wav,processed,16000,1,48000,16000,1,48000,3.0,3.0,
/Users/tavantai/Developer/project_thesis_code/new_data/1/train-00033-of-00803_157.wav,/Users/tavantai/Developer/project_thesis_code/processed/E0/1/train-00033-of-00803_157.wav,processed,16000,1,48000,16000,1,48000,3.0,3.0,
/Users/tavantai/Developer/project_thesis_code/new_data/1/train-00033-of-00803_158.wav,/Users/tavantai/Developer/project_thesis_code/processed/E0/1/train-00033-of-00803_158.wav,processed,16000,1,48000,16000,1,48000,3.0,3.0,
/Users/tavantai/Developer/project_thesis_code/new_data/1/train-00033-of-00803_159.wav,/Users/tavantai/Developer/project_thesis_code/processed/E0/1/train-00033-of-00803_159.wav,processed,16000,1,48000,16000,1,48000,3.0,3.0,
/Users/tavantai/Developer/project_thesis_code/new_data/1/train-00033-of-00803_16.wav,/Users/tavantai/Developer/project_thesis_code/processed/E0/1/train-00033-of-00803_16.wav,processed,16000,1,48000,16000,1,48000,3.0,3.0,
/Users/tavantai/Developer/project_thesis_code/new_data/1/train-00033-of-00803_160.wav,/Users/tavantai/Developer/project_thesis_code/processed/E0/1/train-00033-of-00803_160.wav,processed,16000,1,48000,16000,1,48000,3.0,3.0,
/Users/tavantai/Developer/project_thesis_code/new_data/1/train-00033-of-00803_161.wav,/Users/tavantai/Developer/project_thesis_code/processed/E0/1/train-00033-of-00803_161.wav,processed,16000,1,48000,16000,1,48000,3.0,3.0,
/Users/tavantai/Developer/project_thesis_code/new_data/1/train-00033-of-00803_162.wav,/Users/tavantai/Developer/project_thesis_code/processed/E0/1/train-00033-of-00803_162.wav,processed,16000,1,48000,16000,1,48000,3.0,3.0,
/Users/tavantai/Developer/project_thesis_code/new_data/1/train-00033-of-00803_163.wav,/Users/tavantai/Developer/project_thesis_code/processed/E0/1/train-00033-of-00803_163.wav,processed,16000,1,48000,16000,1,48000,3.0,3.0,
/Users/tavantai/Developer/project_thesis_code/new_data/1/train-00033-of-00803_164.wav,/Users/tavantai/Developer/project_thesis_code/processed/E0/1/train-00033-of-00803_164.wav,processed,16000,1,48000,16000,1,48000,3.0,3.0,
/Users/tavantai/Developer/project_thesis_code/new_data/1/train-00033-of-00803_165.wav,/Users/tavantai/Developer/project_thesis_code/processed/E0/1/train-00033-of-00803_165.wav,processed,16000,1,48000,16000,1,48000,3.0,3.0,
/Users/tavantai/Developer/project_thesis_code/new_data/1/train-00033-of-00803_166.wav,/Users/tavantai/Developer/project_thesis_code/processed/E0/1/train-00033-of-00803_166.wav,processed,16000,1,48000,16000,1,48000,3.0,3.0,
/Users/tavantai/Developer/project_thesis_code/new_data/1/train-00033-of-00803_167.wav,/Users/tavantai/Developer/project_thesis_code/processed/E0/1/train-00033-of-00803_167.wav,processed,16000,1,48000,16000,1,48000,3.0,3.0,
/Users/tavantai/Developer/project_thesis_code/new_data/1/train-00033-of-00803_168.wav,/Users/tavantai/Developer/project_thesis_code/processed/E0/1/train-00033-of-00803_168.wav,processed,16000,1,48000,16000,1,48000,3.0,3.0,
/Users/tavantai/Developer/project_thesis_code/new_data/1/train-00033-of-00803_169.wav,/Users/tavantai/Developer/project_thesis_code/processed/E0/1/train-00033-of-00803_169.wav,processed,16000,1,48000,16000,1,48000,3.0,3.0,
/Users/tavantai/Developer/project_thesis_code/new_data/1/train-00033-of-00803_17.wav,/Users/tavantai/Developer/project_thesis_code/processed/E0/1/train-00033-of-00803_17.wav,processed,16000,1,48000,16000,1,48000,3.0,3.0,
/Users/tavantai/Developer/project_thesis_code/new_data/1/train-00033-of-00803_170.wav,/Users/tavantai/Developer/project_thesis_code/processed/E0/1/train-00033-of-00803_170.wav,processed,16000,1,48000,16000,1,48000,3.0,3.0,
/Users/tavantai/Developer/project_thesis_code/new_data/1/train-00033-of-00803_171.wav,/Users/tavantai/Developer/project_thesis_code/processed/E0/1/train-00033-of-00803_171.wav,processed,16000,1,48000,16000,1,48000,3.0,3.0,
/Users/tavantai/Developer/project_thesis_code/new_data/1/train-00033-of-00803_172.wav,/Users/tavantai/Developer/project_thesis_code/processed/E0/1/train-00033-of-00803_172.wav,processed,16000,1,48000,16000,1,48000,3.0,3.0,
/Users/tavantai/Developer/project_thesis_code/new_data/1/train-00033-of-00803_173.wav,/Users/tavantai/Developer/project_thesis_code/processed/E0/1/train-00033-of-00803_173.wav,processed,16000,1,48000,16000,1,48000,3.0,3.0,
/Users/tavantai/Developer/project_thesis_code/new_data/1/train-00033-of-00803_174.wav,/Users/tavantai/Developer/project_thesis_code/processed/E0/1/train-00033-of-00803_174.wav,processed,16000,1,48000,16000,1,48000,3.0,3.0,
/Users/tavantai/Developer/project_thesis_code/new_data/1/train-00033-of-00803_175.wav,/Users/tavantai/Developer/project_thesis_code/processed/E0/1/train-00033-of-00803_175.wav,processed,16000,1,48000,16000,1,48000,3.0,3.0,
/Users/tavantai/Developer/project_thesis_code/new_data/1/train-00033-of-00803_176.wav,/Users/tavantai/Developer/project_thesis_code/processed/E0/1/train-00033-of-00803_176.wav,processed,16000,1,48000,16000,1,48000,3.0,3.0,
/Users/tavantai/Developer/project_thesis_code/new_data/1/train-00033-of-00803_177.wav,/Users/tavantai/Developer/project_thesis_code/processed/E0/1/train-00033-of-00803_177.wav,processed,16000,1,48000,16000,1,48000,3.0,3.0,
/Users/tavantai/Developer/project_thesis_code/new_data/1/train-00033-of-00803_178.wav,/Users/tavantai/Developer/project_thesis_code/processed/E0/1/train-00033-of-00803_178.wav,processed,16000,1,48000,16000,1,48000,3.0,3.0,
/Users/tavantai/Developer/project_thesis_code/new_data/1/train-00033-of-00803_179.wav,/Users/tavantai/Developer/project_thesis_code/processed/E0/1/train-00033-of-00803_179.wav,processed,16000,1,48000,16000,1,48000,3.0,3.0,
/Users/tavantai/Developer/project_thesis_code/new_data/1/train-00033-of-00803_18.wav,/Users/tavantai/Developer/project_thesis_code/processed/E0/1/train-00033-of-00803_18.wav,processed,16000,1,48000,16000,1,48000,3.0,3.0,
/Users/tavantai/Developer/project_thesis_code/new_data/1/train-00033-of-00803_180.wav,/Users/tavantai/Developer/project_thesis_code/processed/E0/1/train-00033-of-00803_180.wav,processed,16000,1,48000,16000,1,48000,3.0,3.0,
/Users/tavantai/Developer/project_thesis_code/new_data/1/train-00033-of-00803_181.wav,/Users/tavantai/Developer/project_thesis_code/processed/E0/1/train-00033-of-00803_181.wav,processed,16000,1,48000,16000,1,48000,3.0,3.0,
/Users/tavantai/Developer/project_thesis_code/new_data/1/train-00033-of-00803_182.wav,/Users/tavantai/Developer/project_thesis_code/processed/E0/1/train-00033-of-00803_182.wav,processed,16000,1,48000,16000,1,48000,3.0,3.0,
/Users/tavantai/Developer/project_thesis_code/new_data/1/train-00033-of-00803_183.wav,/Users/tavantai/Developer/project_thesis_code/processed/E0/1/train-00033-of-00803_183.wav,processed,16000,1,48000,16000,1,48000,3.0,3.0,
/Users/tavantai/Developer/project_thesis_code/new_data/1/train-00033-of-00803_184.wav,/Users/tavantai/Developer/project_thesis_code/processed/E0/1/train-00033-of-00803_184.wav,processed,16000,1,48000,16000,1,48000,3.0,3.0,
/Users/tavantai/Developer/project_thesis_code/new_data/1/train-00033-of-00803_185.wav,/Users/tavantai/Developer/project_thesis_code/processed/E0/1/train-00033-of-00803_185.wav,processed,16000,1,48000,16000,1,48000,3.0,3.0,
/Users/tavantai/Developer/project_thesis_code/new_data/1/train-00033-of-00803_186.wav,/Users/tavantai/Developer/project_thesis_code/processed/E0/1/train-00033-of-00803_186.wav,processed,16000,1,48000,16000,1,48000,3.0,3.0,
/Users/tavantai/Developer/project_thesis_code/new_data/1/train-00033-of-00803_187.wav,/Users/tavantai/Developer/project_thesis_code/processed/E0/1/train-00033-of-00803_187.wav,processed,16000,1,48000,16000,1,48000,3.0,3.0,
/Users/tavantai/Developer/project_thesis_code/new_data/1/train-00033-of-00803_188.wav,/Users/tavantai/Developer/project_thesis_code/processed/E0/1/train-00033-of-00803_188.wav,processed,16000,1,48000,16000,1,48000,3.0,3.0,
/Users/tavantai/Developer/project_thesis_code/new_data/1/train-00033-of-00803_189.wav,/Users/tavantai/Developer/project_thesis_code/processed/E0/1/train-00033-of-00803_189.wav,processed,16000,1,48000,16000,1,48000,3.0,3.0,
/Users/tavantai/Developer/project_thesis_code/new_data/1/train-00033-of-00803_19.wav,/Users/tavantai/Developer/project_thesis_code/processed/E0/1/train-00033-of-00803_19.wav,processed,16000,1,48000,16000,1,48000,3.0,3.0,
/Users/tavantai/Developer/project_thesis_code/new_data/1/train-00033-of-00803_190.wav,/Users/tavantai/Developer/project_thesis_code/processed/E0/1/train-00033-of-00803_190.wav,processed,16000,1,48000,16000,1,48000,3.0,3.0,
/Users/tavantai/Developer/project_thesis_code/new_data/1/train-00033-of-00803_191.wav,/Users/tavantai/Developer/project_thesis_code/processed/E0/1/train-00033-of-00803_191.wav,processed,16000,1,48000,16000,1,48000,3.0,3.0,
/Users/tavantai/Developer/project_thesis_code/new_data/1/train-00033-of-00803_192.wav,/Users/tavantai/Developer/project_thesis_code/processed/E0/1/train-00033-of-00803_192.wav,processed,16000,1,48000,16000,1,48000,3.0,3.0,
/Users/tavantai/Developer/project_thesis_code/new_data/1/train-00033-of-00803_193.wav,/Users/tavantai/Developer/project_thesis_code/processed/E0/1/train-00033-of-00803_193.wav,processed,16000,1,48000,16000,1,48000,3.0,3.0,
/Users/tavantai/Developer/project_thesis_code/new_data/1/train-00033-of-00803_194.wav,/Users/tavantai/Developer/project_thesis_code/processed/E0/1/train-00033-of-00803_194.wav,processed,16000,1,48000,16000,1,48000,3.0,3.0,
/Users/tavantai/Developer/project_thesis_code/new_data/1/train-00033-of-00803_195.wav,/Users/tavantai/Developer/project_thesis_code/processed/E0/1/train-00033-of-00803_195.wav,processed,16000,1,48000,16000,1,48000,3.0,3.0,
/Users/tavantai/Developer/project_thesis_code/new_data/1/train-00033-of-00803_196.wav,/Users/tavantai/Developer/project_thesis_code/processed/E0/1/train-00033-of-00803_196.wav,processed,16000,1,48000,16000,1,48000,3.0,3.0,
/Users/tavantai/Developer/project_thesis_code/new_data/1/train-00033-of-00803_197.wav,/Users/tavantai/Developer/project_thesis_code/processed/E0/1/train-00033-of-00803_197.wav,processed,16000,1,48000,16000,1,48000,3.0,3.0,
/Users/tavantai/Developer/project_thesis_code/new_data/1/train-00033-of-00803_198.wav,/Users/tavantai/Developer/project_thesis_code/processed/E0/1/train-00033-of-00803_198.wav,processed,16000,1,48000,16000,1,48000,3.0,3.0,
/Users/tavantai/Developer/project_thesis_code/new_data/1/train-00033-of-00803_199.wav,/Users/tavantai/Developer/project_thesis_code/processed/E0/1/train-00033-of-00803_199.wav,processed,16000,1,48000,16000,1,48000,3.0,3.0,
/Users/tavantai/Developer/project_thesis_code/new_data/1/train-00033-of-00803_2.wav,/Users/tavantai/Developer/project_thesis_code/processed/E0/1/train-00033-of-00803_2.wav,processed,16000,1,48000,16000,1,48000,3.0,3.0,
/Users/tavantai/Developer/project_thesis_code/new_data/1/train-00033-of-00803_20.wav,/Users/tavantai/Developer/project_thesis_code/processed/E0/1/train-00033-of-00803_20.wav,processed,16000,1,48000,16000,1,48000,3.0,3.0,
/Users/tavantai/Developer/project_thesis_code/new_data/1/train-00033-of-00803_200.wav,/Users/tavantai/Developer/project_thesis_code/processed/E0/1/train-00033-of-00803_200.wav,processed,16000,1,48000,16000,1,48000,3.0,3.0,
/Users/tavantai/Developer/project_thesis_code/new_data/1/train-00033-of-00803_201.wav,/Users/tavantai/Developer/project_thesis_code/processed/E0/1/train-00033-of-00803_201.wav,processed,16000,1,48000,16000,1,48000,3.0,3.0,
/Users/tavantai/Developer/project_thesis_code/new_data/1/train-00033-of-00803_202.wav,/Users/tavantai/Developer/project_thesis_code/processed/E0/1/train-00033-of-00803_202.wav,processed,16000,1,48000,16000,1,48000,3.0,3.0,
/Users/tavantai/Developer/project_thesis_code/new_data/1/train-00033-of-00803_203.wav,/Users/tavantai/Developer/project_thesis_code/processed/E0/1/train-00033-of-00803_203.wav,processed,16000,1,48000,16000,1,48000,3.0,3.0,
/Users/tavantai/Developer/project_thesis_code/new_data/1/train-00033-of-00803_204.wav,/Users/tavantai/Developer/project_thesis_code/processed/E0/1/train-00033-of-00803_204.wav,processed,16000,1,48000,16000,1,48000,3.0,3.0,
/Users/tavantai/Developer/project_thesis_code/new_data/1/train-00033-of-00803_205.wav,/Users/tavantai/Developer/project_thesis_code/processed/E0/1/train-00033-of-00803_205.wav,processed,16000,1,48000,16000,1,48000,3.0,3.0,
/Users/tavantai/Developer/project_thesis_code/new_data/1/train-00033-of-00803_206.wav,/Users/tavantai/Developer/project_thesis_code/processed/E0/1/train-00033-of-00803_206.wav,processed,16000,1,48000,16000,1,48000,3.0,3.0,
/Users/tavantai/Developer/project_thesis_code/new_data/1/train-00033-of-00803_207.wav,/Users/tavantai/Developer/project_thesis_code/processed/E0/1/train-00033-of-00803_207.wav,processed,16000,1,48000,16000,1,48000,3.0,3.0,
/Users/tavantai/Developer/project_thesis_code/new_data/1/train-00033-of-00803_208.wav,/Users/tavantai/Developer/project_thesis_code/processed/E0/1/train-00033-of-00803_208.wav,processed,16000,1,48000,16000,1,48000,3.0,3.0,
/Users/tavantai/Developer/project_thesis_code/new_data/1/train-00033-of-00803_209.wav,/Users/tavantai/Developer/project_thesis_code/processed/E0/1/train-00033-of-00803_209.wav,processed,16000,1,48000,16000,1,48000,3.0,3.0,
/Users/tavantai/Developer/project_thesis_code/new_data/1/train-00033-of-00803_21.wav,/Users/tavantai/Developer/project_thesis_code/processed/E0/1/train-00033-of-00803_21.wav,processed,16000,1,48000,16000,1,48000,3.0,3.0,
/Users/tavantai/Developer/project_thesis_code/new_data/1/train-00033-of-00803_210.wav,/Users/tavantai/Developer/project_thesis_code/processed/E0/1/train-00033-of-00803_210.wav,processed,16000,1,48000,16000,1,48000,3.0,3.0,
/Users/tavantai/Developer/project_thesis_code/new_data/1/train-00033-of-00803_211.wav,/Users/tavantai/Developer/project_thesis_code/processed/E0/1/train-00033-of-00803_211.wav,processed,16000,1,48000,16000,1,48000,3.0,3.0,
/Users/tavantai/Developer/project_thesis_code/new_data/1/train-00033-of-00803_212.wav,/Users/tavantai/Developer/project_thesis_code/processed/E0/1/train-00033-of-00803_212.wav,processed,16000,1,48000,16000,1,48000,3.0,3.0,
/Users/tavantai/Developer/project_thesis_code/new_data/1/train-00033-of-00803_213.wav,/Users/tavantai/Developer/project_thesis_code/processed/E0/1/train-00033-of-00803_213.wav,processed,16000,1,48000,16000,1,48000,3.0,3.0,
/Users/tavantai/Developer/project_thesis_code/new_data/1/train-00033-of-00803_214.wav,/Users/tavantai/Developer/project_thesis_code/processed/E0/1/train-00033-of-00803_214.wav,processed,16000,1,48000,16000,1,48000,3.0,3.0,
/Users/tavantai/Developer/project_thesis_code/new_data/1/train-00033-of-00803_215.wav,/Users/tavantai/Developer/project_thesis_code/processed/E0/1/train-00033-of-00803_215.wav,processed,16000,1,48000,16000,1,48000,3.0,3.0,
/Users/tavantai/Developer/project_thesis_code/new_data/1/train-00033-of-00803_216.wav,/Users/tavantai/Developer/project_thesis_code/processed/E0/1/train-00033-of-00803_216.wav,processed,16000,1,48000,16000,1,48000,3.0,3.0,
/Users/tavantai/Developer/project_thesis_code/new_data/1/train-00033-of-00803_217.wav,/Users/tavantai/Developer/project_thesis_code/processed/E0/1/train-00033-of-00803_217.wav,processed,16000,1,48000,16000,1,48000,3.0,3.0,
/Users/tavantai/Developer/project_thesis_code/new_data/1/train-00033-of-00803_218.wav,/Users/tavantai/Developer/project_thesis_code/processed/E0/1/train-00033-of-00803_218.wav,processed,16000,1,48000,16000,1,48000,3.0,3.0,
/Users/tavantai/Developer/project_thesis_code/new_data/1/train-00033-of-00803_219.wav,/Users/tavantai/Developer/project_thesis_code/processed/E0/1/train-00033-of-00803_219.wav,processed,16000,1,48000,16000,1,48000,3.0,3.0,
/Users/tavantai/Developer/project_thesis_code/new_data/1/train-00033-of-00803_22.wav,/Users/tavantai/Developer/project_thesis_code/processed/E0/1/train-00033-of-00803_22.wav,processed,16000,1,48000,16000,1,48000,3.0,3.0,
/Users/tavantai/Developer/project_thesis_code/new_data/1/train-00033-of-00803_220.wav,/Users/tavantai/Developer/project_thesis_code/processed/E0/1/train-00033-of-00803_220.wav,processed,16000,1,48000,16000,1,48000,3.0,3.0,
/Users/tavantai/Developer/project_thesis_code/new_data/1/train-00033-of-00803_221.wav,/Users/tavantai/Developer/project_thesis_code/processed/E0/1/train-00033-of-00803_221.wav,processed,16000,1,48000,16000,1,48000,3.0,3.0,
/Users/tavantai/Developer/project_thesis_code/new_data/1/train-00033-of-00803_222.wav,/Users/tavantai/Developer/project_thesis_code/processed/E0/1/train-00033-of-00803_222.wav,processed,16000,1,48000,16000,1,48000,3.0,3.0,
/Users/tavantai/Developer/project_thesis_code/new_data/1/train-00033-of-00803_223.wav,/Users/tavantai/Developer/project_thesis_code/processed/E0/1/train-00033-of-00803_223.wav,processed,16000,1,48000,16000,1,48000,3.0,3.0,
/Users/tavantai/Developer/project_thesis_code/new_data/1/train-00033-of-00803_224.wav,/Users/tavantai/Developer/project_thesis_code/processed/E0/1/train-00033-of-00803_224.wav,processed,16000,1,48000,16000,1,48000,3.0,3.0,
/Users/tavantai/Developer/project_thesis_code/new_data/1/train-00033-of-00803_225.wav,/Users/tavantai/Developer/project_thesis_code/processed/E0/1/train-00033-of-00803_225.wav,processed,16000,1,48000,16000,1,48000,3.0,3.0,
/Users/tavantai/Developer/project_thesis_code/new_data/1/train-00033-of-00803_226.wav,/Users/tavantai/Developer/project_thesis_code/processed/E0/1/train-00033-of-00803_226.wav,processed,16000,1,48000,16000,1,48000,3.0,3.0,
/Users/tavantai/Developer/project_thesis_code/new_data/1/train-00033-of-00803_227.wav,/Users/tavantai/Developer/project_thesis_code/processed/E0/1/train-00033-of-00803_227.wav,processed,16000,1,48000,16000,1,48000,3.0,3.0,
/Users/tavantai/Developer/project_thesis_code/new_data/1/train-00033-of-00803_228.wav,/Users/tavantai/Developer/project_thesis_code/processed/E0/1/train-00033-of-00803_228.wav,processed,16000,1,48000,16000,1,48000,3.0,3.0,
/Users/tavantai/Developer/project_thesis_code/new_data/1/train-00033-of-00803_229.wav,/Users/tavantai/Developer/project_thesis_code/processed/E0/1/train-00033-of-00803_229.wav,processed,16000,1,48000,16000,1,48000,3.0,3.0,
/Users/tavantai/Developer/project_thesis_code/new_data/1/train-00033-of-00803_23.wav,/Users/tavantai/Developer/project_thesis_code/processed/E0/1/train-00033-of-00803_23.wav,processed,16000,1,48000,16000,1,48000,3.0,3.0,
/Users/tavantai/Developer/project_thesis_code/new_data/1/train-00033-of-00803_230.wav,/Users/tavantai/Developer/project_thesis_code/processed/E0/1/train-00033-of-00803_230.wav,processed,16000,1,48000,16000,1,48000,3.0,3.0,
/Users/tavantai/Developer/project_thesis_code/new_data/1/train-00033-of-00803_231.wav,/Users/tavantai/Developer/project_thesis_code/processed/E0/1/train-00033-of-00803_231.wav,processed,16000,1,48000,16000,1,48000,3.0,3.0,
/Users/tavantai/Developer/project_thesis_code/new_data/1/train-00033-of-00803_232.wav,/Users/tavantai/Developer/project_thesis_code/processed/E0/1/train-00033-of-00803_232.wav,processed,16000,1,48000,16000,1,48000,3.0,3.0,
/Users/tavantai/Developer/project_thesis_code/new_data/1/train-00033-of-00803_233.wav,/Users/tavantai/Developer/project_thesis_code/processed/E0/1/train-00033-of-00803_233.wav,processed,16000,1,48000,16000,1,48000,3.0,3.0,
/Users/tavantai/Developer/project_thesis_code/new_data/1/train-00033-of-00803_234.wav,/Users/tavantai/Developer/project_thesis_code/processed/E0/1/train-00033-of-00803_234.wav,processed,16000,1,48000,16000,1,48000,3.0,3.0,
/Users/tavantai/Developer/project_thesis_code/new_data/1/train-00033-of-00803_235.wav,/Users/tavantai/Developer/project_thesis_code/processed/E0/1/train-00033-of-00803_235.wav,processed,16000,1,48000,16000,1,48000,3.0,3.0,
/Users/tavantai/Developer/project_thesis_code/new_data/1/train-00033-of-00803_236.wav,/Users/tavantai/Developer/project_thesis_code/processed/E0/1/train-00033-of-00803_236.wav,processed,16000,1,48000,16000,1,48000,3.0,3.0,
/Users/tavantai/Developer/project_thesis_code/new_data/1/train-00033-of-00803_237.wav,/Users/tavantai/Developer/project_thesis_code/processed/E0/1/train-00033-of-00803_237.wav,processed,16000,1,48000,16000,1,48000,3.0,3.0,
/Users/tavantai/Developer/project_thesis_code/new_data/1/train-00033-of-00803_238.wav,/Users/tavantai/Developer/project_thesis_code/processed/E0/1/train-00033-of-00803_238.wav,processed,16000,1,48000,16000,1,48000,3.0,3.0,
/Users/tavantai/Developer/project_thesis_code/new_data/1/train-00033-of-00803_239.wav,/Users/tavantai/Developer/project_thesis_code/processed/E0/1/train-00033-of-00803_239.wav,processed,16000,1,48000,16000,1,48000,3.0,3.0,
/Users/tavantai/Developer/project_thesis_code/new_data/1/train-00033-of-00803_24.wav,/Users/tavantai/Developer/project_thesis_code/processed/E0/1/train-00033-of-00803_24.wav,processed,16000,1,48000,16000,1,48000,3.0,3.0,
/Users/tavantai/Developer/project_thesis_code/new_data/1/train-00033-of-00803_240.wav,/Users/tavantai/Developer/project_thesis_code/processed/E0/1/train-00033-of-00803_240.wav,processed,16000,1,48000,16000,1,48000,3.0,3.0,
/Users/tavantai/Developer/project_thesis_code/new_data/1/train-00033-of-00803_241.wav,/Users/tavantai/Developer/project_thesis_code/processed/E0/1/train-00033-of-00803_241.wav,processed,16000,1,48000,16000,1,48000,3.0,3.0,
/Users/tavantai/Developer/project_thesis_code/new_data/1/train-00033-of-00803_242.wav,/Users/tavantai/Developer/project_thesis_code/processed/E0/1/train-00033-of-00803_242.wav,processed,16000,1,48000,16000,1,48000,3.0,3.0,
/Users/tavantai/Developer/project_thesis_code/new_data/1/train-00033-of-00803_243.wav,/Users/tavantai/Developer/project_thesis_code/processed/E0/1/train-00033-of-00803_243.wav,processed,16000,1,48000,16000,1,48000,3.0,3.0,
/Users/tavantai/Developer/project_thesis_code/new_data/1/train-00033-of-00803_244.wav,/Users/tavantai/Developer/project_thesis_code/processed/E0/1/train-00033-of-00803_244.wav,processed,16000,1,48000,16000,1,48000,3.0,3.0,
/Users/tavantai/Developer/project_thesis_code/new_data/1/train-00033-of-00803_245.wav,/Users/tavantai/Developer/project_thesis_code/processed/E0/1/train-00033-of-00803_245.wav,processed,16000,1,48000,16000,1,48000,3.0,3.0,
/Users/tavantai/Developer/project_thesis_code/new_data/1/train-00033-of-00803_246.wav,/Users/tavantai/Developer/project_thesis_code/processed/E0/1/train-00033-of-00803_246.wav,processed,16000,1,48000,16000,1,48000,3.0,3.0,
/Users/tavantai/Developer/project_thesis_code/new_data/1/train-00033-of-00803_247.wav,/Users/tavantai/Developer/project_thesis_code/processed/E0/1/train-00033-of-00803_247.wav,processed,16000,1,48000,16000,1,48000,3.0,3.0,
/Users/tavantai/Developer/project_thesis_code/new_data/1/train-00033-of-00803_248.wav,/Users/tavantai/Developer/project_thesis_code/processed/E0/1/train-00033-of-00803_248.wav,processed,16000,1,48000,16000,1,48000,3.0,3.0,
/Users/tavantai/Developer/project_thesis_code/new_data/1/train-00033-of-00803_249.wav,/Users/tavantai/Developer/project_thesis_code/processed/E0/1/train-00033-of-00803_249.wav,processed,16000,1,48000,16000,1,48000,3.0,3.0,
/Users/tavantai/Developer/project_thesis_code/new_data/1/train-00033-of-00803_25.wav,/Users/tavantai/Developer/project_thesis_code/processed/E0/1/train-00033-of-00803_25.wav,processed,16000,1,48000,16000,1,48000,3.0,3.0,
/Users/tavantai/Developer/project_thesis_code/new_data/1/train-00033-of-00803_250.wav,/Users/tavantai/Developer/project_thesis_code/processed/E0/1/train-00033-of-00803_250.wav,processed,16000,1,48000,16000,1,48000,3.0,3.0,
/Users/tavantai/Developer/project_thesis_code/new_data/1/train-00033-of-00803_26.wav,/Users/tavantai/Developer/project_thesis_code/processed/E0/1/train-00033-of-00803_26.wav,processed,16000,1,48000,16000,1,48000,3.0,3.0,
/Users/tavantai/Developer/project_thesis_code/new_data/1/train-00033-of-00803_27.wav,/Users/tavantai/Developer/project_thesis_code/processed/E0/1/train-00033-of-00803_27.wav,processed,16000,1,48000,16000,1,48000,3.0,3.0,
/Users/tavantai/Developer/project_thesis_code/new_data/1/train-00033-of-00803_28.wav,/Users/tavantai/Developer/project_thesis_code/processed/E0/1/train-00033-of-00803_28.wav,processed,16000,1,48000,16000,1,48000,3.0,3.0,
/Users/tavantai/Developer/project_thesis_code/new_data/1/train-00033-of-00803_29.wav,/Users/tavantai/Developer/project_thesis_code/processed/E0/1/train-00033-of-00803_29.wav,processed,16000,1,48000,16000,1,48000,3.0,3.0,
/Users/tavantai/Developer/project_thesis_code/new_data/1/train-00033-of-00803_3.wav,/Users/tavantai/Developer/project_thesis_code/processed/E0/1/train-00033-of-00803_3.wav,processed,16000,1,48000,16000,1,48000,3.0,3.0,
/Users/tavantai/Developer/project_thesis_code/new_data/1/train-00033-of-00803_30.wav,/Users/tavantai/Developer/project_thesis_code/processed/E0/1/train-00033-of-00803_30.wav,processed,16000,1,48000,16000,1,48000,3.0,3.0,
/Users/tavantai/Developer/project_thesis_code/new_data/1/train-00033-of-00803_31.wav,/Users/tavantai/Developer/project_thesis_code/processed/E0/1/train-00033-of-00803_31.wav,processed,16000,1,48000,16000,1,48000,3.0,3.0,
/Users/tavantai/Developer/project_thesis_code/new_data/1/train-00033-of-00803_32.wav,/Users/tavantai/Developer/project_thesis_code/processed/E0/1/train-00033-of-00803_32.wav,processed,16000,1,48000,16000,1,48000,3.0,3.0,
/Users/tavantai/Developer/project_thesis_code/new_data/1/train-00033-of-00803_33.wav,/Users/tavantai/Developer/project_thesis_code/processed/E0/1/train-00033-of-00803_33.wav,processed,16000,1,48000,16000,1,48000,3.0,3.0,
/Users/tavantai/Developer/project_thesis_code/new_data/1/train-00033-of-00803_34.wav,/Users/tavantai/Developer/project_thesis_code/processed/E0/1/train-00033-of-00803_34.wav,processed,16000,1,48000,16000,1,48000,3.0,3.0,
/Users/tavantai/Developer/project_thesis_code/new_data/1/train-00033-of-00803_35.wav,/Users/tavantai/Developer/project_thesis_code/processed/E0/1/train-00033-of-00803_35.wav,processed,16000,1,48000,16000,1,48000,3.0,3.0,
/Users/tavantai/Developer/project_thesis_code/new_data/1/train-00033-of-00803_36.wav,/Users/tavantai/Developer/project_thesis_code/processed/E0/1/train-00033-of-00803_36.wav,processed,16000,1,48000,16000,1,48000,3.0,3.0,
/Users/tavantai/Developer/project_thesis_code/new_data/1/train-00033-of-00803_37.wav,/Users/tavantai/Developer/project_thesis_code/processed/E0/1/train-00033-of-00803_37.wav,processed,16000,1,48000,16000,1,48000,3.0,3.0,
/Users/tavantai/Developer/project_thesis_code/new_data/1/train-00033-of-00803_38.wav,/Users/tavantai/Developer/project_thesis_code/processed/E0/1/train-00033-of-00803_38.wav,processed,16000,1,48000,16000,1,48000,3.0,3.0,
/Users/tavantai/Developer/project_thesis_code/new_data/1/train-00033-of-00803_39.wav,/Users/tavantai/Developer/project_thesis_code/processed/E0/1/train-00033-of-00803_39.wav,processed,16000,1,48000,16000,1,48000,3.0,3.0,
/Users/tavantai/Developer/project_thesis_code/new_data/1/train-00033-of-00803_4.wav,/Users/tavantai/Developer/project_thesis_code/processed/E0/1/train-00033-of-00803_4.wav,processed,16000,1,48000,16000,1,48000,3.0,3.0,
/Users/tavantai/Developer/project_thesis_code/new_data/1/train-00033-of-00803_40.wav,/Users/tavantai/Developer/project_thesis_code/processed/E0/1/train-00033-of-00803_40.wav,processed,16000,1,48000,16000,1,48000,3.0,3.0,
/Users/tavantai/Developer/project_thesis_code/new_data/1/train-00033-of-00803_41.wav,/Users/tavantai/Developer/project_thesis_code/processed/E0/1/train-00033-of-00803_41.wav,processed,16000,1,48000,16000,1,48000,3.0,3.0,
/Users/tavantai/Developer/project_thesis_code/new_data/1/train-00033-of-00803_42.wav,/Users/tavantai/Developer/project_thesis_code/processed/E0/1/train-00033-of-00803_42.wav,processed,16000,1,48000,16000,1,48000,3.0,3.0,
/Users/tavantai/Developer/project_thesis_code/new_data/1/train-00033-of-00803_43.wav,/Users/tavantai/Developer/project_thesis_code/processed/E0/1/train-00033-of-00803_43.wav,processed,16000,1,48000,16000,1,48000,3.0,3.0,
/Users/tavantai/Developer/project_thesis_code/new_data/1/train-00033-of-00803_44.wav,/Users/tavantai/Developer/project_thesis_code/processed/E0/1/train-00033-of-00803_44.wav,processed,16000,1,48000,16000,1,48000,3.0,3.0,
/Users/tavantai/Developer/project_thesis_code/new_data/1/train-00033-of-00803_45.wav,/Users/tavantai/Developer/project_thesis_code/processed/E0/1/train-00033-of-00803_45.wav,processed,16000,1,48000,16000,1,48000,3.0,3.0,
/Users/tavantai/Developer/project_thesis_code/new_data/1/train-00033-of-00803_46.wav,/Users/tavantai/Developer/project_thesis_code/processed/E0/1/train-00033-of-00803_46.wav,processed,16000,1,48000,16000,1,48000,3.0,3.0,
/Users/tavantai/Developer/project_thesis_code/new_data/1/train-00033-of-00803_47.wav,/Users/tavantai/Developer/project_thesis_code/processed/E0/1/train-00033-of-00803_47.wav,processed,16000,1,48000,16000,1,48000,3.0,3.0,
/Users/tavantai/Developer/project_thesis_code/new_data/1/train-00033-of-00803_48.wav,/Users/tavantai/Developer/project_thesis_code/processed/E0/1/train-00033-of-00803_48.wav,processed,16000,1,48000,16000,1,48000,3.0,3.0,
/Users/tavantai/Developer/project_thesis_code/new_data/1/train-00033-of-00803_49.wav,/Users/tavantai/Developer/project_thesis_code/processed/E0/1/train-00033-of-00803_49.wav,processed,16000,1,48000,16000,1,48000,3.0,3.0,
/Users/tavantai/Developer/project_thesis_code/new_data/1/train-00033-of-00803_5.wav,/Users/tavantai/Developer/project_thesis_code/processed/E0/1/train-00033-of-00803_5.wav,processed,16000,1,48000,16000,1,48000,3.0,3.0,
/Users/tavantai/Developer/project_thesis_code/new_data/1/train-00033-of-00803_50.wav,/Users/tavantai/Developer/project_thesis_code/processed/E0/1/train-00033-of-00803_50.wav,processed,16000,1,48000,16000,1,48000,3.0,3.0,
/Users/tavantai/Developer/project_thesis_code/new_data/1/train-00033-of-00803_51.wav,/Users/tavantai/Developer/project_thesis_code/processed/E0/1/train-00033-of-00803_51.wav,processed,16000,1,48000,16000,1,48000,3.0,3.0,
/Users/tavantai/Developer/project_thesis_code/new_data/1/train-00033-of-00803_52.wav,/Users/tavantai/Developer/project_thesis_code/processed/E0/1/train-00033-of-00803_52.wav,processed,16000,1,48000,16000,1,48000,3.0,3.0,
/Users/tavantai/Developer/project_thesis_code/new_data/1/train-00033-of-00803_53.wav,/Users/tavantai/Developer/project_thesis_code/processed/E0/1/train-00033-of-00803_53.wav,processed,16000,1,48000,16000,1,48000,3.0,3.0,
/Users/tavantai/Developer/project_thesis_code/new_data/1/train-00033-of-00803_54.wav,/Users/tavantai/Developer/project_thesis_code/processed/E0/1/train-00033-of-00803_54.wav,processed,16000,1,48000,16000,1,48000,3.0,3.0,
/Users/tavantai/Developer/project_thesis_code/new_data/1/train-00033-of-00803_55.wav,/Users/tavantai/Developer/project_thesis_code/processed/E0/1/train-00033-of-00803_55.wav,processed,16000,1,48000,16000,1,48000,3.0,3.0,
/Users/tavantai/Developer/project_thesis_code/new_data/1/train-00033-of-00803_56.wav,/Users/tavantai/Developer/project_thesis_code/processed/E0/1/train-00033-of-00803_56.wav,processed,16000,1,48000,16000,1,48000,3.0,3.0,
/Users/tavantai/Developer/project_thesis_code/new_data/1/train-00033-of-00803_57.wav,/Users/tavantai/Developer/project_thesis_code/processed/E0/1/train-00033-of-00803_57.wav,processed,16000,1,48000,16000,1,48000,3.0,3.0,
/Users/tavantai/Developer/project_thesis_code/new_data/1/train-00033-of-00803_58.wav,/Users/tavantai/Developer/project_thesis_code/processed/E0/1/train-00033-of-00803_58.wav,processed,16000,1,48000,16000,1,48000,3.0,3.0,
/Users/tavantai/Developer/project_thesis_code/new_data/1/train-00033-of-00803_59.wav,/Users/tavantai/Developer/project_thesis_code/processed/E0/1/train-00033-of-00803_59.wav,processed,16000,1,48000,16000,1,48000,3.0,3.0,
/Users/tavantai/Developer/project_thesis_code/new_data/1/train-00033-of-00803_6.wav,/Users/tavantai/Developer/project_thesis_code/processed/E0/1/train-00033-of-00803_6.wav,processed,16000,1,48000,16000,1,48000,3.0,3.0,
/Users/tavantai/Developer/project_thesis_code/new_data/1/train-00033-of-00803_60.wav,/Users/tavantai/Developer/project_thesis_code/processed/E0/1/train-00033-of-00803_60.wav,processed,16000,1,48000,16000,1,48000,3.0,3.0,
/Users/tavantai/Developer/project_thesis_code/new_data/1/train-00033-of-00803_61.wav,/Users/tavantai/Developer/project_thesis_code/processed/E0/1/train-00033-of-00803_61.wav,processed,16000,1,48000,16000,1,48000,3.0,3.0,
/Users/tavantai/Developer/project_thesis_code/new_data/1/train-00033-of-00803_62.wav,/Users/tavantai/Developer/project_thesis_code/processed/E0/1/train-00033-of-00803_62.wav,processed,16000,1,48000,16000,1,48000,3.0,3.0,
/Users/tavantai/Developer/project_thesis_code/new_data/1/train-00033-of-00803_63.wav,/Users/tavantai/Developer/project_thesis_code/processed/E0/1/train-00033-of-00803_63.wav,processed,16000,1,48000,16000,1,48000,3.0,3.0,
/Users/tavantai/Developer/project_thesis_code/new_data/1/train-00033-of-00803_64.wav,/Users/tavantai/Developer/project_thesis_code/processed/E0/1/train-00033-of-00803_64.wav,processed,16000,1,48000,16000,1,48000,3.0,3.0,
/Users/tavantai/Developer/project_thesis_code/new_data/1/train-00033-of-00803_65.wav,/Users/tavantai/Developer/project_thesis_code/processed/E0/1/train-00033-of-00803_65.wav,processed,16000,1,48000,16000,1,48000,3.0,3.0,
/Users/tavantai/Developer/project_thesis_code/new_data/1/train-00033-of-00803_66.wav,/Users/tavantai/Developer/project_thesis_code/processed/E0/1/train-00033-of-00803_66.wav,processed,16000,1,48000,16000,1,48000,3.0,3.0,
/Users/tavantai/Developer/project_thesis_code/new_data/1/train-00033-of-00803_67.wav,/Users/tavantai/Developer/project_thesis_code/processed/E0/1/train-00033-of-00803_67.wav,processed,16000,1,48000,16000,1,48000,3.0,3.0,
/Users/tavantai/Developer/project_thesis_code/new_data/1/train-00033-of-00803_68.wav,/Users/tavantai/Developer/project_thesis_code/processed/E0/1/train-00033-of-00803_68.wav,processed,16000,1,48000,16000,1,48000,3.0,3.0,
/Users/tavantai/Developer/project_thesis_code/new_data/1/train-00033-of-00803_69.wav,/Users/tavantai/Developer/project_thesis_code/processed/E0/1/train-00033-of-00803_69.wav,processed,16000,1,48000,16000,1,48000,3.0,3.0,
/Users/tavantai/Developer/project_thesis_code/new_data/1/train-00033-of-00803_7.wav,/Users/tavantai/Developer/project_thesis_code/processed/E0/1/train-00033-of-00803_7.wav,processed,16000,1,48000,16000,1,48000,3.0,3.0,
/Users/tavantai/Developer/project_thesis_code/new_data/1/train-00033-of-00803_70.wav,/Users/tavantai/Developer/project_thesis_code/processed/E0/1/train-00033-of-00803_70.wav,processed,16000,1,48000,16000,1,48000,3.0,3.0,
/Users/tavantai/Developer/project_thesis_code/new_data/1/train-00033-of-00803_71.wav,/Users/tavantai/Developer/project_thesis_code/processed/E0/1/train-00033-of-00803_71.wav,processed,16000,1,48000,16000,1,48000,3.0,3.0,
/Users/tavantai/Developer/project_thesis_code/new_data/1/train-00033-of-00803_72.wav,/Users/tavantai/Developer/project_thesis_code/processed/E0/1/train-00033-of-00803_72.wav,processed,16000,1,48000,16000,1,48000,3.0,3.0,
/Users/tavantai/Developer/project_thesis_code/new_data/1/train-00033-of-00803_73.wav,/Users/tavantai/Developer/project_thesis_code/processed/E0/1/train-00033-of-00803_73.wav,processed,16000,1,48000,16000,1,48000,3.0,3.0,
/Users/tavantai/Developer/project_thesis_code/new_data/1/train-00033-of-00803_74.wav,/Users/tavantai/Developer/project_thesis_code/processed/E0/1/train-00033-of-00803_74.wav,processed,16000,1,48000,16000,1,48000,3.0,3.0,
/Users/tavantai/Developer/project_thesis_code/new_data/1/train-00033-of-00803_75.wav,/Users/tavantai/Developer/project_thesis_code/processed/E0/1/train-00033-of-00803_75.wav,processed,16000,1,48000,16000,1,48000,3.0,3.0,
/Users/tavantai/Developer/project_thesis_code/new_data/1/train-00033-of-00803_76.wav,/Users/tavantai/Developer/project_thesis_code/processed/E0/1/train-00033-of-00803_76.wav,processed,16000,1,48000,16000,1,48000,3.0,3.0,
/Users/tavantai/Developer/project_thesis_code/new_data/1/train-00033-of-00803_77.wav,/Users/tavantai/Developer/project_thesis_code/processed/E0/1/train-00033-of-00803_77.wav,processed,16000,1,48000,16000,1,48000,3.0,3.0,
/Users/tavantai/Developer/project_thesis_code/new_data/1/train-00033-of-00803_78.wav,/Users/tavantai/Developer/project_thesis_code/processed/E0/1/train-00033-of-00803_78.wav,processed,16000,1,48000,16000,1,48000,3.0,3.0,
/Users/tavantai/Developer/project_thesis_code/new_data/1/train-00033-of-00803_79.wav,/Users/tavantai/Developer/project_thesis_code/processed/E0/1/train-00033-of-00803_79.wav,processed,16000,1,48000,16000,1,48000,3.0,3.0,
/Users/tavantai/Developer/project_thesis_code/new_data/1/train-00033-of-00803_8.wav,/Users/tavantai/Developer/project_thesis_code/processed/E0/1/train-00033-of-00803_8.wav,processed,16000,1,48000,16000,1,48000,3.0,3.0,
/Users/tavantai/Developer/project_thesis_code/new_data/1/train-00033-of-00803_80.wav,/Users/tavantai/Developer/project_thesis_code/processed/E0/1/train-00033-of-00803_80.wav,processed,16000,1,48000,16000,1,48000,3.0,3.0,
/Users/tavantai/Developer/project_thesis_code/new_data/1/train-00033-of-00803_81.wav,/Users/tavantai/Developer/project_thesis_code/processed/E0/1/train-00033-of-00803_81.wav,processed,16000,1,48000,16000,1,48000,3.0,3.0,
/Users/tavantai/Developer/project_thesis_code/new_data/1/train-00033-of-00803_82.wav,/Users/tavantai/Developer/project_thesis_code/processed/E0/1/train-00033-of-00803_82.wav,processed,16000,1,48000,16000,1,48000,3.0,3.0,
/Users/tavantai/Developer/project_thesis_code/new_data/1/train-00033-of-00803_83.wav,/Users/tavantai/Developer/project_thesis_code/processed/E0/1/train-00033-of-00803_83.wav,processed,16000,1,48000,16000,1,48000,3.0,3.0,
/Users/tavantai/Developer/project_thesis_code/new_data/1/train-00033-of-00803_84.wav,/Users/tavantai/Developer/project_thesis_code/processed/E0/1/train-00033-of-00803_84.wav,processed,16000,1,48000,16000,1,48000,3.0,3.0,
/Users/tavantai/Developer/project_thesis_code/new_data/1/train-00033-of-00803_85.wav,/Users/tavantai/Developer/project_thesis_code/processed/E0/1/train-00033-of-00803_85.wav,processed,16000,1,48000,16000,1,48000,3.0,3.0,
/Users/tavantai/Developer/project_thesis_code/new_data/1/train-00033-of-00803_86.wav,/Users/tavantai/Developer/project_thesis_code/processed/E0/1/train-00033-of-00803_86.wav,processed,16000,1,48000,16000,1,48000,3.0,3.0,
/Users/tavantai/Developer/project_thesis_code/new_data/1/train-00033-of-00803_87.wav,/Users/tavantai/Developer/project_thesis_code/processed/E0/1/train-00033-of-00803_87.wav,processed,16000,1,48000,16000,1,48000,3.0,3.0,
/Users/tavantai/Developer/project_thesis_code/new_data/1/train-00033-of-00803_88.wav,/Users/tavantai/Developer/project_thesis_code/processed/E0/1/train-00033-of-00803_88.wav,processed,16000,1,48000,16000,1,48000,3.0,3.0,
/Users/tavantai/Developer/project_thesis_code/new_data/1/train-00033-of-00803_89.wav,/Users/tavantai/Developer/project_thesis_code/processed/E0/1/train-00033-of-00803_89.wav,processed,16000,1,48000,16000,1,48000,3.0,3.0,
/Users/tavantai/Developer/project_thesis_code/new_data/1/train-00033-of-00803_9.wav,/Users/tavantai/Developer/project_thesis_code/processed/E0/1/train-00033-of-00803_9.wav,processed,16000,1,48000,16000,1,48000,3.0,3.0,
/Users/tavantai/Developer/project_thesis_code/new_data/1/train-00033-of-00803_90.wav,/Users/tavantai/Developer/project_thesis_code/processed/E0/1/train-00033-of-00803_90.wav,processed,16000,1,48000,16000,1,48000,3.0,3.0,
/Users/tavantai/Developer/project_thesis_code/new_data/1/train-00033-of-00803_91.wav,/Users/tavantai/Developer/project_thesis_code/processed/E0/1/train-00033-of-00803_91.wav,processed,16000,1,48000,16000,1,48000,3.0,3.0,
/Users/tavantai/Developer/project_thesis_code/new_data/1/train-00033-of-00803_92.wav,/Users/tavantai/Developer/project_thesis_code/processed/E0/1/train-00033-of-00803_92.wav,processed,16000,1,48000,16000,1,48000,3.0,3.0,
/Users/tavantai/Developer/project_thesis_code/new_data/1/train-00033-of-00803_93.wav,/Users/tavantai/Developer/project_thesis_code/processed/E0/1/train-00033-of-00803_93.wav,processed,16000,1,48000,16000,1,48000,3.0,3.0,
/Users/tavantai/Developer/project_thesis_code/new_data/1/train-00033-of-00803_94.wav,/Users/tavantai/Developer/project_thesis_code/processed/E0/1/train-00033-of-00803_94.wav,processed,16000,1,48000,16000,1,48000,3.0,3.0,
/Users/tavantai/Developer/project_thesis_code/new_data/1/train-00033-of-00803_95.wav,/Users/tavantai/Developer/project_thesis_code/processed/E0/1/train-00033-of-00803_95.wav,processed,16000,1,48000,16000,1,48000,3.0,3.0,
/Users/tavantai/Developer/project_thesis_code/new_data/1/train-00033-of-00803_96.wav,/Users/tavantai/Developer/project_thesis_code/processed/E0/1/train-00033-of-00803_96.wav,processed,16000,1,48000,16000,1,48000,3.0,3.0,
/Users/tavantai/Developer/project_thesis_code/new_data/1/train-00033-of-00803_97.wav,/Users/tavantai/Developer/project_thesis_code/processed/E0/1/train-00033-of-00803_97.wav,processed,16000,1,48000,16000,1,48000,3.0,3.0,
/Users/tavantai/Developer/project_thesis_code/new_data/1/train-00033-of-00803_98.wav,/Users/tavantai/Developer/project_thesis_code/processed/E0/1/train-00033-of-00803_98.wav,processed,16000,1,48000,16000,1,48000,3.0,3.0,
/Users/tavantai/Developer/project_thesis_code/new_data/1/train-00033-of-00803_99.wav,/Users/tavantai/Developer/project_thesis_code/processed/E0/1/train-00033-of-00803_99.wav,processed,16000,1,48000,16000,1,48000,3.0,3.0,
/Users/tavantai/Developer/project_thesis_code/new_data/10/train-00096-of-00803_854.wav,/Users/tavantai/Developer/project_thesis_code/processed/E0/10/train-00096-of-00803_854.wav,processed,16000,1,169196,16000,1,169196,10.57475,10.57475,
/Users/tavantai/Developer/project_thesis_code/new_data/10/train-00096-of-00803_855.wav,/Users/tavantai/Developer/project_thesis_code/processed/E0/10/train-00096-of-00803_855.wav,processed,16000,1,243862,16000,1,243862,15.241375,15.241375,
/Users/tavantai/Developer/project_thesis_code/new_data/10/train-00096-of-00803_856.wav,/Users/tavantai/Developer/project_thesis_code/processed/E0/10/train-00096-of-00803_856.wav,processed,16000,1,161161,16000,1,161161,10.072563,10.072563,
/Users/tavantai/Developer/project_thesis_code/new_data/10/train-00096-of-00803_857.wav,/Users/tavantai/Developer/project_thesis_code/processed/E0/10/train-00096-of-00803_857.wav,processed,16000,1,209418,16000,1,209418,13.088625,13.088625,
/Users/tavantai/Developer/project_thesis_code/new_data/10/train-00096-of-00803_858.wav,/Users/tavantai/Developer/project_thesis_code/processed/E0/10/train-00096-of-00803_858.wav,processed,16000,1,169011,16000,1,169011,10.563187,10.563187,
/Users/tavantai/Developer/project_thesis_code/new_data/10/train-00096-of-00803_859.wav,/Users/tavantai/Developer/project_thesis_code/processed/E0/10/train-00096-of-00803_859.wav,processed,16000,1,243141,16000,1,243141,15.196312,15.196312,
/Users/tavantai/Developer/project_thesis_code/new_data/10/train-00096-of-00803_860.wav,/Users/tavantai/Developer/project_thesis_code/processed/E0/10/train-00096-of-00803_860.wav,processed,16000,1,194619,16000,1,194619,12.163687,12.163687,
/Users/tavantai/Developer/project_thesis_code/new_data/10/train-00096-of-00803_861.wav,/Users/tavantai/Developer/project_thesis_code/processed/E0/10/train-00096-of-00803_861.wav,processed,16000,1,188135,16000,1,188135,11.758437,11.758437,
/Users/tavantai/Developer/project_thesis_code/new_data/10/train-00096-of-00803_862.wav,/Users/tavantai/Developer/project_thesis_code/processed/E0/10/train-00096-of-00803_862.wav,processed,16000,1,191407,16000,1,191407,11.962938,11.962938,
/Users/tavantai/Developer/project_thesis_code/new_data/10/train-00096-of-00803_863.wav,/Users/tavantai/Developer/project_thesis_code/processed/E0/10/train-00096-of-00803_863.wav,processed,16000,1,48000,16000,1,48000,3.0,3.0,
/Users/tavantai/Developer/project_thesis_code/new_data/10/train-00096-of-00803_864.wav,/Users/tavantai/Developer/project_thesis_code/processed/E0/10/train-00096-of-00803_864.wav,processed,16000,1,188410,16000,1,188410,11.775625,11.775625,
/Users/tavantai/Developer/project_thesis_code/new_data/10/train-00096-of-00803_865.wav,/Users/tavantai/Developer/project_thesis_code/processed/E0/10/train-00096-of-00803_865.wav,processed,16000,1,183648,16000,1,183648,11.478,11.478,
/Users/tavantai/Developer/project_thesis_code/new_data/10/train-00096-of-00803_866.wav,/Users/tavantai/Developer/project_thesis_code/processed/E0/10/train-00096-of-00803_866.wav,processed,16000,1,166082,16000,1,166082,10.380125,10.380125,
/Users/tavantai/Developer/project_thesis_code/new_data/10/train-00096-of-00803_867.wav,/Users/tavantai/Developer/project_thesis_code/processed/E0/10/train-00096-of-00803_867.wav,processed,16000,1,164096,16000,1,164096,10.256,10.256,
/Users/tavantai/Developer/project_thesis_code/new_data/10/train-00096-of-00803_868.wav,/Users/tavantai/Developer/project_thesis_code/processed/E0/10/train-00096-of-00803_868.wav,processed,16000,1,48000,16000,1,48000,3.0,3.0,
/Users/tavantai/Developer/project_thesis_code/new_data/10/train-00096-of-00803_869.wav,/Users/tavantai/Developer/project_thesis_code/processed/E0/10/train-00096-of-00803_869.wav,processed,16000,1,195290,16000,1,195290,12.205625,12.205625,
/Users/tavantai/Developer/project_thesis_code/new_data/10/train-00096-of-00803_870.wav,/Users/tavantai/Developer/project_thesis_code/processed/E0/10/train-00096-of-00803_870.wav,processed,16000,1,170377,16000,1,170377,10.648563,10.648563,
/Users/tavantai/Developer/project_thesis_code/new_data/10/train-00096-of-00803_871.wav,/Users/tavantai/Developer/project_thesis_code/processed/E0/10/train-00096-of-00803_871.wav,processed,16000,1,168034,16000,1,168034,10.502125,10.502125,
/Users/tavantai/Developer/project_thesis_code/new_data/10/train-00096-of-00803_872.wav,/Users/tavantai/Developer/project_thesis_code/processed/E0/10/train-00096-of-00803_872.wav,processed,16000,1,166724,16000,1,166724,10.42025,10.42025,
/Users/tavantai/Developer/project_thesis_code/new_data/10/train-00096-of-00803_873.wav,/Users/tavantai/Developer/project_thesis_code/processed/E0/10/train-00096-of-00803_873.wav,processed,16000,1,171361,16000,1,171361,10.710062,10.710062,
/Users/tavantai/Developer/project_thesis_code/new_data/10/train-00096-of-00803_874.wav,/Users/tavantai/Developer/project_thesis_code/processed/E0/10/train-00096-of-00803_874.wav,processed,16000,1,186590,16000,1,186590,11.661875,11.661875,
/Users/tavantai/Developer/project_thesis_code/new_data/10/train-00096-of-00803_875.wav,/Users/tavantai/Developer/project_thesis_code/processed/E0/10/train-00096-of-00803_875.wav,processed,16000,1,184213,16000,1,184213,11.513312,11.513312,
/Users/tavantai/Developer/project_thesis_code/new_data/10/train-00096-of-00803_876.wav,/Users/tavantai/Developer/project_thesis_code/processed/E0/10/train-00096-of-00803_876.wav,processed,16000,1,218879,16000,1,218879,13.679937,13.679937,
/Users/tavantai/Developer/project_thesis_code/new_data/10/train-00096-of-00803_877.wav,/Users/tavantai/Developer/project_thesis_code/processed/E0/10/train-00096-of-00803_877.wav,processed,16000,1,48000,16000,1,48000,3.0,3.0,
/Users/tavantai/Developer/project_thesis_code/new_data/10/train-00096-of-00803_878.wav,/Users/tavantai/Developer/project_thesis_code/processed/E0/10/train-00096-of-00803_878.wav,processed,16000,1,189652,16000,1,189652,11.85325,11.85325,
/Users/tavantai/Developer/project_thesis_code/new_data/10/train-00096-of-00803_879.wav,/Users/tavantai/Developer/project_thesis_code/processed/E0/10/train-00096-of-00803_879.wav,processed,16000,1,175999,16000,1,175999,10.999937,10.999937,
/Users/tavantai/Developer/project_thesis_code/new_data/10/train-00096-of-00803_880.wav,/Users/tavantai/Developer/project_thesis_code/processed/E0/10/train-00096-of-00803_880.wav,processed,16000,1,161543,16000,1,161543,10.096438,10.096438,
/Users/tavantai/Developer/project_thesis_code/new_data/10/train-00096-of-00803_881.wav,/Users/tavantai/Developer/project_thesis_code/processed/E0/10/train-00096-of-00803_881.wav,processed,16000,1,169913,16000,1,169913,10.619563,10.619563,
/Users/tavantai/Developer/project_thesis_code/new_data/10/train-00096-of-00803_882.wav,/Users/tavantai/Developer/project_thesis_code/processed/E0/10/train-00096-of-00803_882.wav,processed,16000,1,167375,16000,1,167375,10.460938,10.460938,
/Users/tavantai/Developer/project_thesis_code/new_data/10/train-00096-of-00803_883.wav,/Users/tavantai/Developer/project_thesis_code/processed/E0/10/train-00096-of-00803_883.wav,processed,16000,1,188327,16000,1,188327,11.770437,11.770437,
/Users/tavantai/Developer/project_thesis_code/new_data/10/train-00096-of-00803_884.wav,/Users/tavantai/Developer/project_thesis_code/processed/E0/10/train-00096-of-00803_884.wav,processed,16000,1,189036,16000,1,189036,11.81475,11.81475,
/Users/tavantai/Developer/project_thesis_code/new_data/10/train-00096-of-00803_885.wav,/Users/tavantai/Developer/project_thesis_code/processed/E0/10/train-00096-of-00803_885.wav,processed,16000,1,48000,16000,1,48000,3.0,3.0,
/Users/tavantai/Developer/project_thesis_code/new_data/10/train-00096-of-00803_886.wav,/Users/tavantai/Developer/project_thesis_code/processed/E0/10/train-00096-of-00803_886.wav,processed,16000,1,204412,16000,1,204412,12.77575,12.77575,
/Users/tavantai/Developer/project_thesis_code/new_data/10/train-00096-of-00803_887.wav,/Users/tavantai/Developer/project_thesis_code/processed/E0/10/train-00096-of-00803_887.wav,processed,16000,1,185262,16000,1,185262,11.578875,11.578875,
/Users/tavantai/Developer/project_thesis_code/new_data/10/train-00096-of-00803_888.wav,/Users/tavantai/Developer/project_thesis_code/processed/E0/10/train-00096-of-00803_888.wav,processed,16000,1,188463,16000,1,188463,11.778937,11.778937,
/Users/tavantai/Developer/project_thesis_code/new_data/10/train-00096-of-00803_889.wav,/Users/tavantai/Developer/project_thesis_code/processed/E0/10/train-00096-of-00803_889.wav,processed,16000,1,255495,16000,1,255495,15.968438,15.968438,
/Users/tavantai/Developer/project_thesis_code/new_data/10/train-00096-of-00803_890.wav,/Users/tavantai/Developer/project_thesis_code/processed/E0/10/train-00096-of-00803_890.wav,processed,16000,1,192393,16000,1,192393,12.024563,12.024563,
/Users/tavantai/Developer/project_thesis_code/new_data/10/train-00096-of-00803_891.wav,/Users/tavantai/Developer/project_thesis_code/processed/E0/10/train-00096-of-00803_891.wav,processed,16000,1,178417,16000,1,178417,11.151063,11.151063,
/Users/tavantai/Developer/project_thesis_code/new_data/10/train-00096-of-00803_892.wav,/Users/tavantai/Developer/project_thesis_code/processed/E0/10/train-00096-of-00803_892.wav,processed,16000,1,204752,16000,1,204752,12.797,12.797,
/Users/tavantai/Developer/project_thesis_code/new_data/10/train-00096-of-00803_893.wav,/Users/tavantai/Developer/project_thesis_code/processed/E0/10/train-00096-of-00803_893.wav,processed,16000,1,177265,16000,1,177265,11.079062,11.079062,
/Users/tavantai/Developer/project_thesis_code/new_data/10/train-00096-of-00803_894.wav,/Users/tavantai/Developer/project_thesis_code/processed/E0/10/train-00096-of-00803_894.wav,processed,16000,1,207423,16000,1,207423,12.963938,12.963938,
/Users/tavantai/Developer/project_thesis_code/new_data/10/train-00096-of-00803_895.wav,/Users/tavantai/Developer/project_thesis_code/processed/E0/10/train-00096-of-00803_895.wav,processed,16000,1,187200,16000,1,187200,11.7,11.7,
/Users/tavantai/Developer/project_thesis_code/new_data/10/train-00096-of-00803_896.wav,/Users/tavantai/Developer/project_thesis_code/processed/E0/10/train-00096-of-00803_896.wav,processed,16000,1,48000,16000,1,48000,3.0,3.0,
/Users/tavantai/Developer/project_thesis_code/new_data/10/train-00096-of-00803_897.wav,/Users/tavantai/Developer/project_thesis_code/processed/E0/10/train-00096-of-00803_897.wav,processed,16000,1,160762,16000,1,160762,10.047625,10.047625,
/Users/tavantai/Developer/project_thesis_code/new_data/10/train-00096-of-00803_898.wav,/Users/tavantai/Developer/project_thesis_code/processed/E0/10/train-00096-of-00803_898.wav,processed,16000,1,235942,16000,1,235942,14.746375,14.746375,
/Users/tavantai/Developer/project_thesis_code/new_data/10/train-00096-of-00803_899.wav,/Users/tavantai/Developer/project_thesis_code/processed/E0/10/train-00096-of-00803_899.wav,processed,16000,1,172325,16000,1,172325,10.770312,10.770312,
/Users/tavantai/Developer/project_thesis_code/new_data/10/train-00096-of-00803_900.wav,/Users/tavantai/Developer/project_thesis_code/processed/E0/10/train-00096-of-00803_900.wav,processed,16000,1,48000,16000,1,48000,3.0,3.0,
/Users/tavantai/Developer/project_thesis_code/new_data/10/train-00096-of-00803_901.wav,/Users/tavantai/Developer/project_thesis_code/processed/E0/10/train-00096-of-00803_901.wav,processed,16000,1,163520,16000,1,163520,10.22,10.22,
/Users/tavantai/Developer/project_thesis_code/new_data/10/train-00096-of-00803_902.wav,/Users/tavantai/Developer/project_thesis_code/processed/E0/10/train-00096-of-00803_902.wav,processed,16000,1,218527,16000,1,218527,13.657937,13.657937,
/Users/tavantai/Developer/project_thesis_code/new_data/10/train-00096-of-00803_903.wav,/Users/tavantai/Developer/project_thesis_code/processed/E0/10/train-00096-of-00803_903.wav,processed,16000,1,279981,16000,1,279981,17.498812,17.498812,
/Users/tavantai/Developer/project_thesis_code/new_data/10/train-00096-of-00803_904.wav,/Users/tavantai/Developer/project_thesis_code/processed/E0/10/train-00096-of-00803_904.wav,processed,16000,1,169462,16000,1,169462,10.591375,10.591375,
/Users/tavantai/Developer/project_thesis_code/new_data/10/train-00096-of-00803_905.wav,/Users/tavantai/Developer/project_thesis_code/processed/E0/10/train-00096-of-00803_905.wav,processed,16000,1,48000,16000,1,48000,3.0,3.0,
/Users/tavantai/Developer/project_thesis_code/new_data/10/train-00096-of-00803_906.wav,/Users/tavantai/Developer/project_thesis_code/processed/E0/10/train-00096-of-00803_906.wav,processed,16000,1,162372,16000,1,162372,10.14825,10.14825,
/Users/tavantai/Developer/project_thesis_code/new_data/10/train-00096-of-00803_907.wav,/Users/tavantai/Developer/project_thesis_code/processed/E0/10/train-00096-of-00803_907.wav,processed,16000,1,193285,16000,1,193285,12.080312,12.080312,
/Users/tavantai/Developer/project_thesis_code/new_data/10/train-00096-of-00803_908.wav,/Users/tavantai/Developer/project_thesis_code/processed/E0/10/train-00096-of-00803_908.wav,processed,16000,1,163143,16000,1,163143,10.196438,10.196438,
/Users/tavantai/Developer/project_thesis_code/new_data/10/train-00096-of-00803_909.wav,/Users/tavantai/Developer/project_thesis_code/processed/E0/10/train-00096-of-00803_909.wav,processed,16000,1,232151,16000,1,232151,14.509438,14.509438,
/Users/tavantai/Developer/project_thesis_code/new_data/10/train-00096-of-00803_910.wav,/Users/tavantai/Developer/project_thesis_code/processed/E0/10/train-00096-of-00803_910.wav,processed,16000,1,182063,16000,1,182063,11.378937,11.378937,
/Users/tavantai/Developer/project_thesis_code/new_data/10/train-00096-of-00803_911.wav,/Users/tavantai/Developer/project_thesis_code/processed/E0/10/train-00096-of-00803_911.wav,processed,16000,1,245529,16000,1,245529,15.345562,15.345562,
/Users/tavantai/Developer/project_thesis_code/new_data/10/train-00096-of-00803_912.wav,/Users/tavantai/Developer/project_thesis_code/processed/E0/10/train-00096-of-00803_912.wav,processed,16000,1,178830,16000,1,178830,11.176875,11.176875,
/Users/tavantai/Developer/project_thesis_code/new_data/10/train-00096-of-00803_913.wav,/Users/tavantai/Developer/project_thesis_code/processed/E0/10/train-00096-of-00803_913.wav,processed,16000,1,212223,16000,1,212223,13.263938,13.263938,
/Users/tavantai/Developer/project_thesis_code/new_data/10/train-00096-of-00803_914.wav,/Users/tavantai/Developer/project_thesis_code/processed/E0/10/train-00096-of-00803_914.wav,processed,16000,1,172565,16000,1,172565,10.785312,10.785312,
/Users/tavantai/Developer/project_thesis_code/new_data/10/train-00096-of-00803_915.wav,/Users/tavantai/Developer/project_thesis_code/processed/E0/10/train-00096-of-00803_915.wav,processed,16000,1,167856,16000,1,167856,10.491,10.491,
/Users/tavantai/Developer/project_thesis_code/new_data/10/train-00096-of-00803_916.wav,/Users/tavantai/Developer/project_thesis_code/processed/E0/10/train-00096-of-00803_916.wav,processed,16000,1,177700,16000,1,177700,11.10625,11.10625,
/Users/tavantai/Developer/project_thesis_code/new_data/10/train-00096-of-00803_917.wav,/Users/tavantai/Developer/project_thesis_code/processed/E0/10/train-00096-of-00803_917.wav,processed,16000,1,163823,16000,1,163823,10.238938,10.238938,
/Users/tavantai/Developer/project_thesis_code/new_data/10/train-00096-of-00803_918.wav,/Users/tavantai/Developer/project_thesis_code/processed/E0/10/train-00096-of-00803_918.wav,processed,16000,1,183511,16000,1,183511,11.469437,11.469437,
/Users/tavantai/Developer/project_thesis_code/new_data/10/train-00096-of-00803_919.wav,/Users/tavantai/Developer/project_thesis_code/processed/E0/10/train-00096-of-00803_919.wav,processed,16000,1,219827,16000,1,219827,13.739187,13.739187,
/Users/tavantai/Developer/project_thesis_code/new_data/10/train-00096-of-00803_920.wav,/Users/tavantai/Developer/project_thesis_code/processed/E0/10/train-00096-of-00803_920.wav,processed,16000,1,237383,16000,1,237383,14.836438,14.836438,
/Users/tavantai/Developer/project_thesis_code/new_data/10/train-00096-of-00803_921.wav,/Users/tavantai/Developer/project_thesis_code/processed/E0/10/train-00096-of-00803_921.wav,processed,16000,1,195185,16000,1,195185,12.199063,12.199063,
/Users/tavantai/Developer/project_thesis_code/new_data/10/train-00096-of-00803_922.wav,/Users/tavantai/Developer/project_thesis_code/processed/E0/10/train-00096-of-00803_922.wav,processed,16000,1,190647,16000,1,190647,11.915437,11.915437,
/Users/tavantai/Developer/project_thesis_code/new_data/10/train-00096-of-00803_923.wav,/Users/tavantai/Developer/project_thesis_code/processed/E0/10/train-00096-of-00803_923.wav,processed,16000,1,191011,16000,1,191011,11.938187,11.938187,
/Users/tavantai/Developer/project_thesis_code/new_data/10/train-00096-of-00803_924.wav,/Users/tavantai/Developer/project_thesis_code/processed/E0/10/train-00096-of-00803_924.wav,processed,16000,1,48000,16000,1,48000,3.0,3.0,
/Users/tavantai/Developer/project_thesis_code/new_data/10/train-00096-of-00803_925.wav,/Users/tavantai/Developer/project_thesis_code/processed/E0/10/train-00096-of-00803_925.wav,processed,16000,1,215021,16000,1,215021,13.438812,13.438812,
/Users/tavantai/Developer/project_thesis_code/new_data/10/train-00096-of-00803_926.wav,/Users/tavantai/Developer/project_thesis_code/processed/E0/10/train-00096-of-00803_926.wav,processed,16000,1,165095,16000,1,165095,10.318437,10.318437,
/Users/tavantai/Developer/project_thesis_code/new_data/10/train-00096-of-00803_927.wav,/Users/tavantai/Developer/project_thesis_code/processed/E0/10/train-00096-of-00803_927.wav,processed,16000,1,173649,16000,1,173649,10.853063,10.853063,
/Users/tavantai/Developer/project_thesis_code/new_data/10/train-00096-of-00803_928.wav,/Users/tavantai/Developer/project_thesis_code/processed/E0/10/train-00096-of-00803_928.wav,processed,16000,1,183676,16000,1,183676,11.47975,11.47975,
/Users/tavantai/Developer/project_thesis_code/new_data/10/train-00096-of-00803_929.wav,/Users/tavantai/Developer/project_thesis_code/processed/E0/10/train-00096-of-00803_929.wav,processed,16000,1,187402,16000,1,187402,11.712625,11.712625,
/Users/tavantai/Developer/project_thesis_code/new_data/10/train-00096-of-00803_930.wav,/Users/tavantai/Developer/project_thesis_code/processed/E0/10/train-00096-of-00803_930.wav,processed,16000,1,179299,16000,1,179299,11.206188,11.206188,
/Users/tavantai/Developer/project_thesis_code/new_data/10/train-00096-of-00803_931.wav,/Users/tavantai/Developer/project_thesis_code/processed/E0/10/train-00096-of-00803_931.wav,processed,16000,1,191660,16000,1,191660,11.97875,11.97875,
/Users/tavantai/Developer/project_thesis_code/new_data/10/train-00096-of-00803_932.wav,/Users/tavantai/Developer/project_thesis_code/processed/E0/10/train-00096-of-00803_932.wav,processed,16000,1,227659,16000,1,227659,14.228687,14.228687,
/Users/tavantai/Developer/project_thesis_code/new_data/10/train-00096-of-00803_933.wav,/Users/tavantai/Developer/project_thesis_code/processed/E0/10/train-00096-of-00803_933.wav,processed,16000,1,171608,16000,1,171608,10.7255,10.7255,
/Users/tavantai/Developer/project_thesis_code/new_data/10/train-00096-of-00803_934.wav,/Users/tavantai/Developer/project_thesis_code/processed/E0/10/train-00096-of-00803_934.wav,processed,16000,1,221413,16000,1,221413,13.838313,13.838313,
/Users/tavantai/Developer/project_thesis_code/new_data/10/train-00096-of-00803_935.wav,/Users/tavantai/Developer/project_thesis_code/processed/E0/10/train-00096-of-00803_935.wav,processed,16000,1,161910,16000,1,161910,10.119375,10.119375,
/Users/tavantai/Developer/project_thesis_code/new_data/10/train-00096-of-00803_936.wav,/Users/tavantai/Developer/project_thesis_code/processed/E0/10/train-00096-of-00803_936.wav,processed,16000,1,183893,16000,1,183893,11.493313,11.493313,
/Users/tavantai/Developer/project_thesis_code/new_data/10/train-00096-of-00803_937.wav,/Users/tavantai/Developer/project_thesis_code/processed/E0/10/train-00096-of-00803_937.wav,processed,16000,1,190745,16000,1,190745,11.921563,11.921563,
/Users/tavantai/Developer/project_thesis_code/new_data/10/train-00096-of-00803_938.wav,/Users/tavantai/Developer/project_thesis_code/processed/E0/10/train-00096-of-00803_938.wav,processed,16000,1,167199,16000,1,167199,10.449938,10.449938,
/Users/tavantai/Developer/project_thesis_code/new_data/10/train-00096-of-00803_939.wav,/Users/tavantai/Developer/project_thesis_code/processed/E0/10/train-00096-of-00803_939.wav,processed,16000,1,170842,16000,1,170842,10.677625,10.677625,
/Users/tavantai/Developer/project_thesis_code/new_data/10/train-00096-of-00803_940.wav,/Users/tavantai/Developer/project_thesis_code/processed/E0/10/train-00096-of-00803_940.wav,processed,16000,1,173427,16000,1,173427,10.839187,10.839187,
/Users/tavantai/Developer/project_thesis_code/new_data/10/train-00096-of-00803_941.wav,/Users/tavantai/Developer/project_thesis_code/processed/E0/10/train-00096-of-00803_941.wav,processed,16000,1,192725,16000,1,192725,12.045312,12.045312,
/Users/tavantai/Developer/project_thesis_code/new_data/10/train-00096-of-00803_942.wav,/Users/tavantai/Developer/project_thesis_code/processed/E0/10/train-00096-of-00803_942.wav,processed,16000,1,183971,16000,1,183971,11.498188,11.498188,
/Users/tavantai/Developer/project_thesis_code/new_data/10/train-00096-of-00803_943.wav,/Users/tavantai/Developer/project_thesis_code/processed/E0/10/train-00096-of-00803_943.wav,processed,16000,1,205321,16000,1,205321,12.832562,12.832562,
/Users/tavantai/Developer/project_thesis_code/new_data/10/train-00096-of-00803_944.wav,/Users/tavantai/Developer/project_thesis_code/processed/E0/10/train-00096-of-00803_944.wav,processed,16000,1,171990,16000,1,171990,10.749375,10.749375,
/Users/tavantai/Developer/project_thesis_code/new_data/10/train-00096-of-00803_945.wav,/Users/tavantai/Developer/project_thesis_code/processed/E0/10/train-00096-of-00803_945.wav,processed,16000,1,291457,16000,1,291457,18.216062,18.216062,
/Users/tavantai/Developer/project_thesis_code/new_data/10/train-00096-of-00803_946.wav,/Users/tavantai/Developer/project_thesis_code/processed/E0/10/train-00096-of-00803_946.wav,processed,16000,1,169107,16000,1,169107,10.569187,10.569187,
/Users/tavantai/Developer/project_thesis_code/new_data/10/train-00096-of-00803_947.wav,/Users/tavantai/Developer/project_thesis_code/processed/E0/10/train-00096-of-00803_947.wav,processed,16000,1,230741,16000,1,230741,14.421313,14.421313,
/Users/tavantai/Developer/project_thesis_code/new_data/10/train-00096-of-00803_948.wav,/Users/tavantai/Developer/project_thesis_code/processed/E0/10/train-00096-of-00803_948.wav,processed,16000,1,163802,16000,1,163802,10.237625,10.237625,
/Users/tavantai/Developer/project_thesis_code/new_data/10/train-00096-of-00803_949.wav,/Users/tavantai/Developer/project_thesis_code/processed/E0/10/train-00096-of-00803_949.wav,processed,16000,1,161224,16000,1,161224,10.0765,10.0765,
/Users/tavantai/Developer/project_thesis_code/new_data/10/train-00096-of-00803_950.wav,/Users/tavantai/Developer/project_thesis_code/processed/E0/10/train-00096-of-00803_950.wav,processed,16000,1,207667,16000,1,207667,12.979188,12.979188,
/Users/tavantai/Developer/project_thesis_code/new_data/10/train-00096-of-00803_951.wav,/Users/tavantai/Developer/project_thesis_code/processed/E0/10/train-00096-of-00803_951.wav,processed,16000,1,228798,16000,1,228798,14.299875,14.299875,
/Users/tavantai/Developer/project_thesis_code/new_data/10/train-00096-of-00803_952.wav,/Users/tavantai/Developer/project_thesis_code/processed/E0/10/train-00096-of-00803_952.wav,processed,16000,1,297920,16000,1,297920,18.62,18.62,
/Users/tavantai/Developer/project_thesis_code/new_data/10/train-00096-of-00803_953.wav,/Users/tavantai/Developer/project_thesis_code/processed/E0/10/train-00096-of-00803_953.wav,processed,16000,1,239625,16000,1,239625,14.976562,14.976562,
/Users/tavantai/Developer/project_thesis_code/new_data/10/train-00096-of-00803_954.wav,/Users/tavantai/Developer/project_thesis_code/processed/E0/10/train-00096-of-00803_954.wav,processed,16000,1,295675,16000,1,295675,18.479688,18.479688,
/Users/tavantai/Developer/project_thesis_code/new_data/10/train-00096-of-00803_955.wav,/Users/tavantai/Developer/project_thesis_code/processed/E0/10/train-00096-of-00803_955.wav,processed,16000,1,173170,16000,1,173170,10.823125,10.823125,
/Users/tavantai/Developer/project_thesis_code/new_data/10/train-00096-of-00803_956.wav,/Users/tavantai/Developer/project_thesis_code/processed/E0/10/train-00096-of-00803_956.wav,processed,16000,1,204311,16000,1,204311,12.769438,12.769438,
/Users/tavantai/Developer/project_thesis_code/new_data/10/train-00096-of-00803_957.wav,/Users/tavantai/Developer/project_thesis_code/processed/E0/10/train-00096-of-00803_957.wav,processed,16000,1,175652,16000,1,175652,10.97825,10.97825,
/Users/tavantai/Developer/project_thesis_code/new_data/10/train-00096-of-00803_958.wav,/Users/tavantai/Developer/project_thesis_code/processed/E0/10/train-00096-of-00803_958.wav,processed,16000,1,227572,16000,1,227572,14.22325,14.22325,
/Users/tavantai/Developer/project_thesis_code/new_data/10/train-00096-of-00803_959.wav,/Users/tavantai/Developer/project_thesis_code/processed/E0/10/train-00096-of-00803_959.wav,processed,16000,1,172663,16000,1,172663,10.791438,10.791438,
/Users/tavantai/Developer/project_thesis_code/new_data/10/train-00096-of-00803_960.wav,/Users/tavantai/Developer/project_thesis_code/processed/E0/10/train-00096-of-00803_960.wav,processed,16000,1,183951,16000,1,183951,11.496937,11.496937,
/Users/tavantai/Developer/project_thesis_code/new_data/10/train-00096-of-00803_961.wav,/Users/tavantai/Developer/project_thesis_code/processed/E0/10/train-00096-of-00803_961.wav,processed,16000,1,48000,16000,1,48000,3.0,3.0,
/Users/tavantai/Developer/project_thesis_code/new_data/141/train-00096-of-00803_727.wav,/Users/tavantai/Developer/project_thesis_code/processed/E0/141/train-00096-of-00803_727.wav,processed,16000,1,192526,16000,1,192526,12.032875,12.032875,
/Users/tavantai/Developer/project_thesis_code/new_data/141/train-00096-of-00803_728.wav,/Users/tavantai/Developer/project_thesis_code/processed/E0/141/train-00096-of-00803_728.wav,processed,16000,1,194201,16000,1,194201,12.137562,12.137562,
/Users/tavantai/Developer/project_thesis_code/new_data/141/train-00096-of-00803_729.wav,/Users/tavantai/Developer/project_thesis_code/processed/E0/141/train-00096-of-00803_729.wav,processed,16000,1,180287,16000,1,180287,11.267938,11.267938,
/Users/tavantai/Developer/project_thesis_code/new_data/141/train-00096-of-00803_730.wav,/Users/tavantai/Developer/project_thesis_code/processed/E0/141/train-00096-of-00803_730.wav,processed,16000,1,48000,16000,1,48000,3.0,3.0,
/Users/tavantai/Developer/project_thesis_code/new_data/141/train-00096-of-00803_731.wav,/Users/tavantai/Developer/project_thesis_code/processed/E0/141/train-00096-of-00803_731.wav,processed,16000,1,209905,16000,1,209905,13.119063,13.119063,
/Users/tavantai/Developer/project_thesis_code/new_data/141/train-00096-of-00803_732.wav,/Users/tavantai/Developer/project_thesis_code/processed/E0/141/train-00096-of-00803_732.wav,processed,16000,1,228998,16000,1,228998,14.312375,14.312375,
/Users/tavantai/Developer/project_thesis_code/new_data/141/train-00096-of-00803_733.wav,/Users/tavantai/Developer/project_thesis_code/processed/E0/141/train-00096-of-00803_733.wav,processed,16000,1,193371,16000,1,193371,12.085688,12.085688,
/Users/tavantai/Developer/project_thesis_code/new_data/141/train-00096-of-00803_734.wav,/Users/tavantai/Developer/project_thesis_code/processed/E0/141/train-00096-of-00803_734.wav,processed,16000,1,190371,16000,1,190371,11.898188,11.898188,
/Users/tavantai/Developer/project_thesis_code/new_data/141/train-00096-of-00803_735.wav,/Users/tavantai/Developer/project_thesis_code/processed/E0/141/train-00096-of-00803_735.wav,processed,16000,1,191499,16000,1,191499,11.968687,11.968687,
/Users/tavantai/Developer/project_thesis_code/new_data/141/train-00096-of-00803_736.wav,/Users/tavantai/Developer/project_thesis_code/processed/E0/141/train-00096-of-00803_736.wav,processed,16000,1,182062,16000,1,182062,11.378875,11.378875,
/Users/tavantai/Developer/project_thesis_code/new_data/141/train-00096-of-00803_737.wav,/Users/tavantai/Developer/project_thesis_code/processed/E0/141/train-00096-of-00803_737.wav,processed,16000,1,199348,16000,1,199348,12.45925,12.45925,
/Users/tavantai/Developer/project_thesis_code/new_data/141/train-00096-of-00803_738.wav,/Users/tavantai/Developer/project_thesis_code/processed/E0/141/train-00096-of-00803_738.wav,processed,16000,1,206512,16000,1,206512,12.907,12.907,
/Users/tavantai/Developer/project_thesis_code/new_data/141/train-00096-of-00803_739.wav,/Users/tavantai/Developer/project_thesis_code/processed/E0/141/train-00096-of-00803_739.wav,processed,16000,1,48000,16000,1,48000,3.0,3.0,
/Users/tavantai/Developer/project_thesis_code/new_data/141/train-00096-of-00803_740.wav,/Users/tavantai/Developer/project_thesis_code/processed/E0/141/train-00096-of-00803_740.wav,processed,16000,1,166762,16000,1,166762,10.422625,10.422625,
/Users/tavantai/Developer/project_thesis_code/new_data/141/train-00096-of-00803_741.wav,/Users/tavantai/Developer/project_thesis_code/processed/E0/141/train-00096-of-00803_741.wav,processed,16000,1,178190,16000,1,178190,11.136875,11.136875,
/Users/tavantai/Developer/project_thesis_code/new_data/141/train-00096-of-00803_742.wav,/Users/tavantai/Developer/project_thesis_code/processed/E0/141/train-00096-of-00803_742.wav,processed,16000,1,170176,16000,1,170176,10.636,10.636,
/Users/tavantai/Developer/project_thesis_code/new_data/141/train-00096-of-00803_743.wav,/Users/tavantai/Developer/project_thesis_code/processed/E0/141/train-00096-of-00803_743.wav,processed,16000,1,163410,16000,1,163410,10.213125,10.213125,
/Users/tavantai/Developer/project_thesis_code/new_data/141/train-00096-of-00803_744.wav,/Users/tavantai/Developer/project_thesis_code/processed/E0/141/train-00096-of-00803_744.wav,processed,16000,1,288428,16000,1,288428,18.02675,18.02675,
/Users/tavantai/Developer/project_thesis_code/new_data/141/train-00096-of-00803_745.wav,/Users/tavantai/Developer/project_thesis_code/processed/E0/141/train-00096-of-00803_745.wav,processed,16000,1,166936,16000,1,166936,10.4335,10.4335,
/Users/tavantai/Developer/project_thesis_code/new_data/141/train-00096-of-00803_746.wav,/Users/tavantai/Developer/project_thesis_code/processed/E0/141/train-00096-of-00803_746.wav,processed,16000,1,171884,16000,1,171884,10.74275,10.74275,
/Users/tavantai/Developer/project_thesis_code/new_data/141/train-00096-of-00803_747.wav,/Users/tavantai/Developer/project_thesis_code/processed/E0/141/train-00096-of-00803_747.wav,processed,16000,1,181431,16000,1,181431,11.339438,11.339438,
/Users/tavantai/Developer/project_thesis_code/new_data/141/train-00096-of-00803_748.wav,/Users/tavantai/Developer/project_thesis_code/processed/E0/141/train-00096-of-00803_748.wav,processed,16000,1,178498,16000,1,178498,11.156125,11.156125,
/Users/tavantai/Developer/project_thesis_code/new_data/141/train-00096-of-00803_749.wav,/Users/tavantai/Developer/project_thesis_code/processed/E0/141/train-00096-of-00803_749.wav,processed,16000,1,202691,16000,1,202691,12.668188,12.668188,
/Users/tavantai/Developer/project_thesis_code/new_data/141/train-00096-of-00803_750.wav,/Users/tavantai/Developer/project_thesis_code/processed/E0/141/train-00096-of-00803_750.wav,processed,16000,1,224434,16000,1,224434,14.027125,14.027125,
/Users/tavantai/Developer/project_thesis_code/new_data/141/train-00096-of-00803_751.wav,/Users/tavantai/Developer/project_thesis_code/processed/E0/141/train-00096-of-00803_751.wav,processed,16000,1,207026,16000,1,207026,12.939125,12.939125,
/Users/tavantai/Developer/project_thesis_code/new_data/141/train-00096-of-00803_752.wav,/Users/tavantai/Developer/project_thesis_code/processed/E0/141/train-00096-of-00803_752.wav,processed,16000,1,204997,16000,1,204997,12.812313,12.812313,
/Users/tavantai/Developer/project_thesis_code/new_data/141/train-00096-of-00803_753.wav,/Users/tavantai/Developer/project_thesis_code/processed/E0/141/train-00096-of-00803_753.wav,processed,16000,1,48000,16000,1,48000,3.0,3.0,
/Users/tavantai/Developer/project_thesis_code/new_data/141/train-00096-of-00803_754.wav,/Users/tavantai/Developer/project_thesis_code/processed/E0/141/train-00096-of-00803_754.wav,processed,16000,1,221342,16000,1,221342,13.833875,13.833875,
/Users/tavantai/Developer/project_thesis_code/new_data/141/train-00096-of-00803_755.wav,/Users/tavantai/Developer/project_thesis_code/processed/E0/141/train-00096-of-00803_755.wav,processed,16000,1,181838,16000,1,181838,11.364875,11.364875,
/Users/tavantai/Developer/project_thesis_code/new_data/141/train-00096-of-00803_756.wav,/Users/tavantai/Developer/project_thesis_code/processed/E0/141/train-00096-of-00803_756.wav,processed,16000,1,174473,16000,1,174473,10.904563,10.904563,
/Users/tavantai/Developer/project_thesis_code/new_data/141/train-00096-of-00803_757.wav,/Users/tavantai/Developer/project_thesis_code/processed/E0/141/train-00096-of-00803_757.wav,processed,16000,1,178537,16000,1,178537,11.158563,11.158563,
/Users/tavantai/Developer/project_thesis_code/new_data/141/train-00096-of-00803_758.wav,/Users/tavantai/Developer/project_thesis_code/processed/E0/141/train-00096-of-00803_758.wav,processed,16000,1,244780,16000,1,244780,15.29875,15.29875,
/Users/tavantai/Developer/project_thesis_code/new_data/141/train-00096-of-00803_759.wav,/Users/tavantai/Developer/project_thesis_code/processed/E0/141/train-00096-of-00803_759.wav,processed,16000,1,187714,16000,1,187714,11.732125,11.732125,
/Users/tavantai/Developer/project_thesis_code/new_data/141/train-00096-of-00803_760.wav,/Users/tavantai/Developer/project_thesis_code/processed/E0/141/train-00096-of-00803_760.wav,processed,16000,1,196166,16000,1,196166,12.260375,12.260375,
/Users/tavantai/Developer/project_thesis_code/new_data/141/train-00096-of-00803_761.wav,/Users/tavantai/Developer/project_thesis_code/processed/E0/141/train-00096-of-00803_761.wav,processed,16000,1,176159,16000,1,176159,11.009937,11.009937,
/Users/tavantai/Developer/project_thesis_code/new_data/141/train-00096-of-00803_762.wav,/Users/tavantai/Developer/project_thesis_code/processed/E0/141/train-00096-of-00803_762.wav,processed,16000,1,179837,16000,1,179837,11.239812,11.239812,
/Users/tavantai/Developer/project_thesis_code/new_data/141/train-00096-of-00803_763.wav,/Users/tavantai/Developer/project_thesis_code/processed/E0/141/train-00096-of-00803_763.wav,processed,16000,1,194288,16000,1,194288,12.143,12.143,
/Users/tavantai/Developer/project_thesis_code/new_data/141/train-00096-of-00803_764.wav,/Users/tavantai/Developer/project_thesis_code/processed/E0/141/train-00096-of-00803_764.wav,processed,16000,1,169859,16000,1,169859,10.616188,10.616188,
/Users/tavantai/Developer/project_thesis_code/new_data/141/train-00096-of-00803_765.wav,/Users/tavantai/Developer/project_thesis_code/processed/E0/141/train-00096-of-00803_765.wav,processed,16000,1,164438,16000,1,164438,10.277375,10.277375,
/Users/tavantai/Developer/project_thesis_code/new_data/141/train-00096-of-00803_766.wav,/Users/tavantai/Developer/project_thesis_code/processed/E0/141/train-00096-of-00803_766.wav,processed,16000,1,229971,16000,1,229971,14.373188,14.373188,
/Users/tavantai/Developer/project_thesis_code/new_data/141/train-00096-of-00803_767.wav,/Users/tavantai/Developer/project_thesis_code/processed/E0/141/train-00096-of-00803_767.wav,processed,16000,1,200309,16000,1,200309,12.519312,12.519312,
/Users/tavantai/Developer/project_thesis_code/new_data/141/train-00096-of-00803_768.wav,/Users/tavantai/Developer/project_thesis_code/processed/E0/141/train-00096-of-00803_768.wav,processed,16000,1,182303,16000,1,182303,11.393937,11.393937,
/Users/tavantai/Developer/project_thesis_code/new_data/141/train-00096-of-00803_769.wav,/Users/tavantai/Developer/project_thesis_code/processed/E0/141/train-00096-of-00803_769.wav,processed,16000,1,165690,16000,1,165690,10.355625,10.355625,
/Users/tavantai/Developer/project_thesis_code/new_data/141/train-00096-of-00803_770.wav,/Users/tavantai/Developer/project_thesis_code/processed/E0/141/train-00096-of-00803_770.wav,processed,16000,1,193583,16000,1,193583,12.098937,12.098937,
/Users/tavantai/Developer/project_thesis_code/new_data/141/train-00096-of-00803_771.wav,/Users/tavantai/Developer/project_thesis_code/processed/E0/141/train-00096-of-00803_771.wav,processed,16000,1,167858,16000,1,167858,10.491125,10.491125,
/Users/tavantai/Developer/project_thesis_code/new_data/141/train-00096-of-00803_772.wav,/Users/tavantai/Developer/project_thesis_code/processed/E0/141/train-00096-of-00803_772.wav,processed,16000,1,199927,16000,1,199927,12.495437,12.495437,
/Users/tavantai/Developer/project_thesis_code/new_data/141/train-00096-of-00803_773.wav,/Users/tavantai/Developer/project_thesis_code/processed/E0/141/train-00096-of-00803_773.wav,processed,16000,1,161260,16000,1,161260,10.07875,10.07875,
/Users/tavantai/Developer/project_thesis_code/new_data/141/train-00096-of-00803_774.wav,/Users/tavantai/Developer/project_thesis_code/processed/E0/141/train-00096-of-00803_774.wav,processed,16000,1,256639,16000,1,256639,16.039938,16.039938,
/Users/tavantai/Developer/project_thesis_code/new_data/141/train-00096-of-00803_775.wav,/Users/tavantai/Developer/project_thesis_code/processed/E0/141/train-00096-of-00803_775.wav,processed,16000,1,195804,16000,1,195804,12.23775,12.23775,
/Users/tavantai/Developer/project_thesis_code/new_data/141/train-00096-of-00803_776.wav,/Users/tavantai/Developer/project_thesis_code/processed/E0/141/train-00096-of-00803_776.wav,processed,16000,1,173467,16000,1,173467,10.841688,10.841688,
/Users/tavantai/Developer/project_thesis_code/new_data/141/train-00096-of-00803_777.wav,/Users/tavantai/Developer/project_thesis_code/processed/E0/141/train-00096-of-00803_777.wav,processed,16000,1,249257,16000,1,249257,15.578563,15.578563,
/Users/tavantai/Developer/project_thesis_code/new_data/141/train-00096-of-00803_778.wav,/Users/tavantai/Developer/project_thesis_code/processed/E0/141/train-00096-of-00803_778.wav,processed,16000,1,178643,16000,1,178643,11.165188,11.165188,
/Users/tavantai/Developer/project_thesis_code/new_data/141/train-00096-of-00803_779.wav,/Users/tavantai/Developer/project_thesis_code/processed/E0/141/train-00096-of-00803_779.wav,processed,16000,1,48000,16000,1,48000,3.0,3.0,
/Users/tavantai/Developer/project_thesis_code/new_data/141/train-00096-of-00803_780.wav,/Users/tavantai/Developer/project_thesis_code/processed/E0/141/train-00096-of-00803_780.wav,processed,16000,1,176609,16000,1,176609,11.038063,11.038063,
/Users/tavantai/Developer/project_thesis_code/new_data/141/train-00096-of-00803_781.wav,/Users/tavantai/Developer/project_thesis_code/processed/E0/141/train-00096-of-00803_781.wav,processed,16000,1,48000,16000,1,48000,3.0,3.0,
/Users/tavantai/Developer/project_thesis_code/new_data/141/train-00096-of-00803_782.wav,/Users/tavantai/Developer/project_thesis_code/processed/E0/141/train-00096-of-00803_782.wav,processed,16000,1,179942,16000,1,179942,11.246375,11.246375,
/Users/tavantai/Developer/project_thesis_code/new_data/141/train-00096-of-00803_783.wav,/Users/tavantai/Developer/project_thesis_code/processed/E0/141/train-00096-of-00803_783.wav,processed,16000,1,178687,16000,1,178687,11.167938,11.167938,
/Users/tavantai/Developer/project_thesis_code/new_data/141/train-00096-of-00803_784.wav,/Users/tavantai/Developer/project_thesis_code/processed/E0/141/train-00096-of-00803_784.wav,processed,16000,1,186011,16000,1,186011,11.625687,11.625687,
/Users/tavantai/Developer/project_thesis_code/new_data/141/train-00096-of-00803_785.wav,/Users/tavantai/Developer/project_thesis_code/processed/E0/141/train-00096-of-00803_785.wav,processed,16000,1,170596,16000,1,170596,10.66225,10.66225,
/Users/tavantai/Developer/project_thesis_code/new_data/141/train-00096-of-00803_786.wav,/Users/tavantai/Developer/project_thesis_code/processed/E0/141/train-00096-of-00803_786.wav,processed,16000,1,184021,16000,1,184021,11.501312,11.501312,
/Users/tavantai/Developer/project_thesis_code/new_data/141/train-00096-of-00803_787.wav,/Users/tavantai/Developer/project_thesis_code/processed/E0/141/train-00096-of-00803_787.wav,processed,16000,1,199373,16000,1,199373,12.460812,12.460812,
/Users/tavantai/Developer/project_thesis_code/new_data/141/train-00096-of-00803_788.wav,/Users/tavantai/Developer/project_thesis_code/processed/E0/141/train-00096-of-00803_788.wav,processed,16000,1,48000,16000,1,48000,3.0,3.0,
/Users/tavantai/Developer/project_thesis_code/new_data/141/train-00096-of-00803_789.wav,/Users/tavantai/Developer/project_thesis_code/processed/E0/141/train-00096-of-00803_789.wav,processed,16000,1,166589,16000,1,166589,10.411812,10.411812,
/Users/tavantai/Developer/project_thesis_code/new_data/141/train-00096-of-00803_790.wav,/Users/tavantai/Developer/project_thesis_code/processed/E0/141/train-00096-of-00803_790.wav,processed,16000,1,233611,16000,1,233611,14.600687,14.600687,
/Users/tavantai/Developer/project_thesis_code/new_data/141/train-00096-of-00803_791.wav,/Users/tavantai/Developer/project_thesis_code/processed/E0/141/train-00096-of-00803_791.wav,processed,16000,1,162994,16000,1,162994,10.187125,10.187125,
/Users/tavantai/Developer/project_thesis_code/new_data/141/train-00096-of-00803_792.wav,/Users/tavantai/Developer/project_thesis_code/processed/E0/141/train-00096-of-00803_792.wav,processed,16000,1,175240,16000,1,175240,10.9525,10.9525,
/Users/tavantai/Developer/project_thesis_code/new_data/141/train-00096-of-00803_793.wav,/Users/tavantai/Developer/project_thesis_code/processed/E0/141/train-00096-of-00803_793.wav,processed,16000,1,178901,16000,1,178901,11.181313,11.181313,
/Users/tavantai/Developer/project_thesis_code/new_data/141/train-00096-of-00803_794.wav,/Users/tavantai/Developer/project_thesis_code/processed/E0/141/train-00096-of-00803_794.wav,processed,16000,1,176682,16000,1,176682,11.042625,11.042625,
/Users/tavantai/Developer/project_thesis_code/new_data/141/train-00096-of-00803_795.wav,/Users/tavantai/Developer/project_thesis_code/processed/E0/141/train-00096-of-00803_795.wav,processed,16000,1,48000,16000,1,48000,3.0,3.0,
/Users/tavantai/Developer/project_thesis_code/new_data/141/train-00096-of-00803_796.wav,/Users/tavantai/Developer/project_thesis_code/processed/E0/141/train-00096-of-00803_796.wav,processed,16000,1,176388,16000,1,176388,11.02425,11.02425,
/Users/tavantai/Developer/project_thesis_code/new_data/141/train-00096-of-00803_797.wav,/Users/tavantai/Developer/project_thesis_code/processed/E0/141/train-00096-of-00803_797.wav,processed,16000,1,182989,16000,1,182989,11.436813,11.436813,
/Users/tavantai/Developer/project_thesis_code/new_data/141/train-00096-of-00803_798.wav,/Users/tavantai/Developer/project_thesis_code/processed/E0/141/train-00096-of-00803_798.wav,processed,16000,1,171785,16000,1,171785,10.736562,10.736562,
/Users/tavantai/Developer/project_thesis_code/new_data/141/train-00096-of-00803_799.wav,/Users/tavantai/Developer/project_thesis_code/processed/E0/141/train-00096-of-00803_799.wav,processed,16000,1,170746,16000,1,170746,10.671625,10.671625,
/Users/tavantai/Developer/project_thesis_code/new_data/141/train-00096-of-00803_800.wav,/Users/tavantai/Developer/project_thesis_code/processed/E0/141/train-00096-of-00803_800.wav,processed,16000,1,189105,16000,1,189105,11.819062,11.819062,
/Users/tavantai/Developer/project_thesis_code/new_data/141/train-00096-of-00803_801.wav,/Users/tavantai/Developer/project_thesis_code/processed/E0/141/train-00096-of-00803_801.wav,processed,16000,1,162216,16000,1,162216,10.1385,10.1385,
/Users/tavantai/Developer/project_thesis_code/new_data/141/train-00096-of-00803_802.wav,/Users/tavantai/Developer/project_thesis_code/processed/E0/141/train-00096-of-00803_802.wav,processed,16000,1,188451,16000,1,188451,11.778187,11.778187,
/Users/tavantai/Developer/project_thesis_code/new_data/141/train-00096-of-00803_803.wav,/Users/tavantai/Developer/project_thesis_code/processed/E0/141/train-00096-of-00803_803.wav,processed,16000,1,195168,16000,1,195168,12.198,12.198,
/Users/tavantai/Developer/project_thesis_code/new_data/141/train-00096-of-00803_804.wav,/Users/tavantai/Developer/project_thesis_code/processed/E0/141/train-00096-of-00803_804.wav,processed,16000,1,170449,16000,1,170449,10.653063,10.653063,
/Users/tavantai/Developer/project_thesis_code/new_data/141/train-00096-of-00803_805.wav,/Users/tavantai/Developer/project_thesis_code/processed/E0/141/train-00096-of-00803_805.wav,processed,16000,1,183274,16000,1,183274,11.454625,11.454625,
/Users/tavantai/Developer/project_thesis_code/new_data/141/train-00096-of-00803_806.wav,/Users/tavantai/Developer/project_thesis_code/processed/E0/141/train-00096-of-00803_806.wav,processed,16000,1,170344,16000,1,170344,10.6465,10.6465,
/Users/tavantai/Developer/project_thesis_code/new_data/141/train-00096-of-00803_807.wav,/Users/tavantai/Developer/project_thesis_code/processed/E0/141/train-00096-of-00803_807.wav,processed,16000,1,162785,16000,1,162785,10.174062,10.174062,
/Users/tavantai/Developer/project_thesis_code/new_data/141/train-00096-of-00803_808.wav,/Users/tavantai/Developer/project_thesis_code/processed/E0/141/train-00096-of-00803_808.wav,processed,16000,1,48000,16000,1,48000,3.0,3.0,
/Users/tavantai/Developer/project_thesis_code/new_data/142/train-00079-of-00803_59.wav,/Users/tavantai/Developer/project_thesis_code/processed/E0/142/train-00079-of-00803_59.wav,processed,16000,1,214916,16000,1,214916,13.43225,13.43225,
/Users/tavantai/Developer/project_thesis_code/new_data/142/train-00079-of-00803_60.wav,/Users/tavantai/Developer/project_thesis_code/processed/E0/142/train-00079-of-00803_60.wav,processed,16000,1,164618,16000,1,164618,10.288625,10.288625,
/Users/tavantai/Developer/project_thesis_code/new_data/142/train-00079-of-00803_61.wav,/Users/tavantai/Developer/project_thesis_code/processed/E0/142/train-00079-of-00803_61.wav,processed,16000,1,164049,16000,1,164049,10.253063,10.253063,
/Users/tavantai/Developer/project_thesis_code/new_data/142/train-00079-of-00803_62.wav,/Users/tavantai/Developer/project_thesis_code/processed/E0/142/train-00079-of-00803_62.wav,processed,16000,1,172799,16000,1,172799,10.799938,10.799938,
/Users/tavantai/Developer/project_thesis_code/new_data/142/train-00079-of-00803_63.wav,/Users/tavantai/Developer/project_thesis_code/processed/E0/142/train-00079-of-00803_63.wav,processed,16000,1,231961,16000,1,231961,14.497563,14.497563,
/Users/tavantai/Developer/project_thesis_code/new_data/142/train-00079-of-00803_64.wav,/Users/tavantai/Developer/project_thesis_code/processed/E0/142/train-00079-of-00803_64.wav,processed,16000,1,240456,16000,1,240456,15.0285,15.0285,
/Users/tavantai/Developer/project_thesis_code/new_data/142/train-00079-of-00803_65.wav,/Users/tavantai/Developer/project_thesis_code/processed/E0/142/train-00079-of-00803_65.wav,processed,16000,1,215604,16000,1,215604,13.47525,13.47525,
/Users/tavantai/Developer/project_thesis_code/new_data/142/train-00079-of-00803_66.wav,/Users/tavantai/Developer/project_thesis_code/processed/E0/142/train-00079-of-00803_66.wav,processed,16000,1,168660,16000,1,168660,10.54125,10.54125,
/Users/tavantai/Developer/project_thesis_code/new_data/142/train-00079-of-00803_67.wav,/Users/tavantai/Developer/project_thesis_code/processed/E0/142/train-00079-of-00803_67.wav,processed,16000,1,161772,16000,1,161772,10.11075,10.11075,
/Users/tavantai/Developer/project_thesis_code/new_data/142/train-00079-of-00803_68.wav,/Users/tavantai/Developer/project_thesis_code/processed/E0/142/train-00079-of-00803_68.wav,processed,16000,1,195293,16000,1,195293,12.205813,12.205813,
/Users/tavantai/Developer/project_thesis_code/new_data/142/train-00079-of-00803_69.wav,/Users/tavantai/Developer/project_thesis_code/processed/E0/142/train-00079-of-00803_69.wav,processed,16000,1,48000,16000,1,48000,3.0,3.0,
/Users/tavantai/Developer/project_thesis_code/new_data/142/train-00079-of-00803_70.wav,/Users/tavantai/Developer/project_thesis_code/processed/E0/142/train-00079-of-00803_70.wav,processed,16000,1,163551,16000,1,163551,10.221937,10.221937,
/Users/tavantai/Developer/project_thesis_code/new_data/142/train-00079-of-00803_71.wav,/Users/tavantai/Developer/project_thesis_code/processed/E0/142/train-00079-of-00803_71.wav,processed,16000,1,48000,16000,1,48000,3.0,3.0,
/Users/tavantai/Developer/project_thesis_code/new_data/142/train-00079-of-00803_72.wav,/Users/tavantai/Developer/project_thesis_code/processed/E0/142/train-00079-of-00803_72.wav,processed,16000,1,178806,16000,1,178806,11.175375,11.175375,
/Users/tavantai/Developer/project_thesis_code/new_data/142/train-00079-of-00803_73.wav,/Users/tavantai/Developer/project_thesis_code/processed/E0/142/train-00079-of-00803_73.wav,processed,16000,1,178446,16000,1,178446,11.152875,11.152875,
/Users/tavantai/Developer/project_thesis_code/new_data/142/train-00079-of-00803_74.wav,/Users/tavantai/Developer/project_thesis_code/processed/E0/142/train-00079-of-00803_74.wav,processed,16000,1,211580,16000,1,211580,13.22375,13.22375,
/Users/tavantai/Developer/project_thesis_code/new_data/142/train-00079-of-00803_75.wav,/Users/tavantai/Developer/project_thesis_code/processed/E0/142/train-00079-of-00803_75.wav,processed,16000,1,162424,16000,1,162424,10.1515,10.1515,
/Users/tavantai/Developer/project_thesis_code/new_data/142/train-00079-of-00803_76.wav,/Users/tavantai/Developer/project_thesis_code/processed/E0/142/train-00079-of-00803_76.wav,processed,16000,1,162518,16000,1,162518,10.157375,10.157375,
/Users/tavantai/Developer/project_thesis_code/new_data/142/train-00079-of-00803_77.wav,/Users/tavantai/Developer/project_thesis_code/processed/E0/142/train-00079-of-00803_77.wav,processed,16000,1,171997,16000,1,171997,10.749813,10.749813,
/Users/tavantai/Developer/project_thesis_code/new_data/143/train-00031-of-00803_1000.wav,/Users/tavantai/Developer/project_thesis_code/processed/E0/143/train-00031-of-00803_1000.wav,processed,16000,1,48000,16000,1,48000,3.0,3.0,
/Users/tavantai/Developer/project_thesis_code/new_data/143/train-00031-of-00803_1001.wav,/Users/tavantai/Developer/project_thesis_code/processed/E0/143/train-00031-of-00803_1001.wav,processed,16000,1,48000,16000,1,48000,3.0,3.0,
/Users/tavantai/Developer/project_thesis_code/new_data/143/train-00031-of-00803_1002.wav,/Users/tavantai/Developer/project_thesis_code/processed/E0/143/train-00031-of-00803_1002.wav,processed,16000,1,48000,16000,1,48000,3.0,3.0,
/Users/tavantai/Developer/project_thesis_code/new_data/143/train-00031-of-00803_1003.wav,/Users/tavantai/Developer/project_thesis_code/processed/E0/143/train-00031-of-00803_1003.wav,processed,16000,1,48000,16000,1,48000,3.0,3.0,
/Users/tavantai/Developer/project_thesis_code/new_data/143/train-00031-of-00803_1004.wav,/Users/tavantai/Developer/project_thesis_code/processed/E0/143/train-00031-of-00803_1004.wav,processed,16000,1,48000,16000,1,48000,3.0,3.0,
/Users/tavantai/Developer/project_thesis_code/new_data/143/train-00031-of-00803_1005.wav,/Users/tavantai/Developer/project_thesis_code/processed/E0/143/train-00031-of-00803_1005.wav,processed,16000,1,48000,16000,1,48000,3.0,3.0,
/Users/tavantai/Developer/project_thesis_code/new_data/143/train-00031-of-00803_1006.wav,/Users/tavantai/Developer/project_thesis_code/processed/E0/143/train-00031-of-00803_1006.wav,processed,16000,1,48000,16000,1,48000,3.0,3.0,
/Users/tavantai/Developer/project_thesis_code/new_data/143/train-00031-of-00803_1007.wav,/Users/tavantai/Developer/project_thesis_code/processed/E0/143/train-00031-of-00803_1007.wav,processed,16000,1,48000,16000,1,48000,3.0,3.0,
/Users/tavantai/Developer/project_thesis_code/new_data/143/train-00031-of-00803_1008.wav,/Users/tavantai/Developer/project_thesis_code/processed/E0/143/train-00031-of-00803_1008.wav,processed,16000,1,48000,16000,1,48000,3.0,3.0,
/Users/tavantai/Developer/project_thesis_code/new_data/143/train-00031-of-00803_1009.wav,/Users/tavantai/Developer/project_thesis_code/processed/E0/143/train-00031-of-00803_1009.wav,processed,16000,1,48000,16000,1,48000,3.0,3.0,
/Users/tavantai/Developer/project_thesis_code/new_data/143/train-00031-of-00803_1010.wav,/Users/tavantai/Developer/project_thesis_code/processed/E0/143/train-00031-of-00803_1010.wav,processed,16000,1,48000,16000,1,48000,3.0,3.0,
/Users/tavantai/Developer/project_thesis_code/new_data/143/train-00031-of-00803_1011.wav,/Users/tavantai/Developer/project_thesis_code/processed/E0/143/train-00031-of-00803_1011.wav,processed,16000,1,48000,16000,1,48000,3.0,3.0,
/Users/tavantai/Developer/project_thesis_code/new_data/143/train-00031-of-00803_1012.wav,/Users/tavantai/Developer/project_thesis_code/processed/E0/143/train-00031-of-00803_1012.wav,processed,16000,1,48000,16000,1,48000,3.0,3.0,
/Users/tavantai/Developer/project_thesis_code/new_data/143/train-00031-of-00803_1013.wav,/Users/tavantai/Developer/project_thesis_code/processed/E0/143/train-00031-of-00803_1013.wav,processed,16000,1,48000,16000,1,48000,3.0,3.0,
/Users/tavantai/Developer/project_thesis_code/new_data/143/train-00031-of-00803_1014.wav,/Users/tavantai/Developer/project_thesis_code/processed/E0/143/train-00031-of-00803_1014.wav,processed,16000,1,48000,16000,1,48000,3.0,3.0,
/Users/tavantai/Developer/project_thesis_code/new_data/143/train-00031-of-00803_1015.wav,/Users/tavantai/Developer/project_thesis_code/processed/E0/143/train-00031-of-00803_1015.wav,processed,16000,1,48000,16000,1,48000,3.0,3.0,
/Users/tavantai/Developer/project_thesis_code/new_data/143/train-00031-of-00803_1016.wav,/Users/tavantai/Developer/project_thesis_code/processed/E0/143/train-00031-of-00803_1016.wav,processed,16000,1,48000,16000,1,48000,3.0,3.0,
/Users/tavantai/Developer/project_thesis_code/new_data/143/train-00031-of-00803_1017.wav,/Users/tavantai/Developer/project_thesis_code/processed/E0/143/train-00031-of-00803_1017.wav,processed,16000,1,48000,16000,1,48000,3.0,3.0,
/Users/tavantai/Developer/project_thesis_code/new_data/143/train-00031-of-00803_1018.wav,/Users/tavantai/Developer/project_thesis_code/processed/E0/143/train-00031-of-00803_1018.wav,processed,16000,1,48000,16000,1,48000,3.0,3.0,
/Users/tavantai/Developer/project_thesis_code/new_data/143/train-00031-of-00803_1019.wav,/Users/tavantai/Developer/project_thesis_code/processed/E0/143/train-00031-of-00803_1019.wav,processed,16000,1,48000,16000,1,48000,3.0,3.0,
/Users/tavantai/Developer/project_thesis_code/new_data/143/train-00031-of-00803_1020.wav,/Users/tavantai/Developer/project_thesis_code/processed/E0/143/train-00031-of-00803_1020.wav,processed,16000,1,48000,16000,1,48000,3.0,3.0,
/Users/tavantai/Developer/project_thesis_code/new_data/143/train-00031-of-00803_1021.wav,/Users/tavantai/Developer/project_thesis_code/processed/E0/143/train-00031-of-00803_1021.wav,processed,16000,1,48000,16000,1,48000,3.0,3.0,
/Users/tavantai/Developer/project_thesis_code/new_data/143/train-00031-of-00803_1022.wav,/Users/tavantai/Developer/project_thesis_code/processed/E0/143/train-00031-of-00803_1022.wav,processed,16000,1,48000,16000,1,48000,3.0,3.0,
/Users/tavantai/Developer/project_thesis_code/new_data/143/train-00031-of-00803_1023.wav,/Users/tavantai/Developer/project_thesis_code/processed/E0/143/train-00031-of-00803_1023.wav,processed,16000,1,48000,16000,1,48000,3.0,3.0,
/Users/tavantai/Developer/project_thesis_code/new_data/143/train-00031-of-00803_1024.wav,/Users/tavantai/Developer/project_thesis_code/processed/E0/143/train-00031-of-00803_1024.wav,processed,16000,1,48000,16000,1,48000,3.0,3.0,
/Users/tavantai/Developer/project_thesis_code/new_data/143/train-00031-of-00803_1025.wav,/Users/tavantai/Developer/project_thesis_code/processed/E0/143/train-00031-of-00803_1025.wav,processed,16000,1,48000,16000,1,48000,3.0,3.0,
/Users/tavantai/Developer/project_thesis_code/new_data/143/train-00031-of-00803_1026.wav,/Users/tavantai/Developer/project_thesis_code/processed/E0/143/train-00031-of-00803_1026.wav,processed,16000,1,48000,16000,1,48000,3.0,3.0,
/Users/tavantai/Developer/project_thesis_code/new_data/143/train-00031-of-00803_1027.wav,/Users/tavantai/Developer/project_thesis_code/processed/E0/143/train-00031-of-00803_1027.wav,processed,16000,1,48000,16000,1,48000,3.0,3.0,
/Users/tavantai/Developer/project_thesis_code/new_data/143/train-00031-of-00803_1028.wav,/Users/tavantai/Developer/project_thesis_code/processed/E0/143/train-00031-of-00803_1028.wav,processed,16000,1,48000,16000,1,48000,3.0,3.0,
/Users/tavantai/Developer/project_thesis_code/new_data/143/train-00031-of-00803_1029.wav,/Users/tavantai/Developer/project_thesis_code/processed/E0/143/train-00031-of-00803_1029.wav,processed,16000,1,48000,16000,1,48000,3.0,3.0,
/Users/tavantai/Developer/project_thesis_code/new_data/143/train-00031-of-00803_1030.wav,/Users/tavantai/Developer/project_thesis_code/processed/E0/143/train-00031-of-00803_1030.wav,processed,16000,1,48000,16000,1,48000,3.0,3.0,
/Users/tavantai/Developer/project_thesis_code/new_data/143/train-00031-of-00803_1031.wav,/Users/tavantai/Developer/project_thesis_code/processed/E0/143/train-00031-of-00803_1031.wav,processed,16000,1,48000,16000,1,48000,3.0,3.0,
/Users/tavantai/Developer/project_thesis_code/new_data/143/train-00031-of-00803_1032.wav,/Users/tavantai/Developer/project_thesis_code/processed/E0/143/train-00031-of-00803_1032.wav,processed,16000,1,48000,16000,1,48000,3.0,3.0,
/Users/tavantai/Developer/project_thesis_code/new_data/143/train-00031-of-00803_1033.wav,/Users/tavantai/Developer/project_thesis_code/processed/E0/143/train-00031-of-00803_1033.wav,processed,16000,1,48000,16000,1,48000,3.0,3.0,
/Users/tavantai/Developer/project_thesis_code/new_data/143/train-00031-of-00803_1034.wav,/Users/tavantai/Developer/project_thesis_code/processed/E0/143/train-00031-of-00803_1034.wav,processed,16000,1,48000,16000,1,48000,3.0,3.0,
/Users/tavantai/Developer/project_thesis_code/new_data/143/train-00031-of-00803_1035.wav,/Users/tavantai/Developer/project_thesis_code/processed/E0/143/train-00031-of-00803_1035.wav,processed,16000,1,48000,16000,1,48000,3.0,3.0,
/Users/tavantai/Developer/project_thesis_code/new_data/143/train-00031-of-00803_1036.wav,/Users/tavantai/Developer/project_thesis_code/processed/E0/143/train-00031-of-00803_1036.wav,processed,16000,1,48000,16000,1,48000,3.0,3.0,
/Users/tavantai/Developer/project_thesis_code/new_data/143/train-00031-of-00803_1037.wav,/Users/tavantai/Developer/project_thesis_code/processed/E0/143/train-00031-of-00803_1037.wav,processed,16000,1,48000,16000,1,48000,3.0,3.0,
/Users/tavantai/Developer/project_thesis_code/new_data/143/train-00031-of-00803_1038.wav,/Users/tavantai/Developer/project_thesis_code/processed/E0/143/train-00031-of-00803_1038.wav,processed,16000,1,48000,16000,1,48000,3.0,3.0,
/Users/tavantai/Developer/project_thesis_code/new_data/143/train-00031-of-00803_1039.wav,/Users/tavantai/Developer/project_thesis_code/processed/E0/143/train-00031-of-00803_1039.wav,processed,16000,1,48000,16000,1,48000,3.0,3.0,
/Users/tavantai/Developer/project_thesis_code/new_data/143/train-00031-of-00803_1040.wav,/Users/tavantai/Developer/project_thesis_code/processed/E0/143/train-00031-of-00803_1040.wav,processed,16000,1,48000,16000,1,48000,3.0,3.0,
/Users/tavantai/Developer/project_thesis_code/new_data/143/train-00031-of-00803_1041.wav,/Users/tavantai/Developer/project_thesis_code/processed/E0/143/train-00031-of-00803_1041.wav,processed,16000,1,48000,16000,1,48000,3.0,3.0,
/Users/tavantai/Developer/project_thesis_code/new_data/143/train-00031-of-00803_1042.wav,/Users/tavantai/Developer/project_thesis_code/processed/E0/143/train-00031-of-00803_1042.wav,processed,16000,1,48000,16000,1,48000,3.0,3.0,
/Users/tavantai/Developer/project_thesis_code/new_data/143/train-00031-of-00803_1043.wav,/Users/tavantai/Developer/project_thesis_code/processed/E0/143/train-00031-of-00803_1043.wav,processed,16000,1,48000,16000,1,48000,3.0,3.0,
/Users/tavantai/Developer/project_thesis_code/new_data/143/train-00031-of-00803_1044.wav,/Users/tavantai/Developer/project_thesis_code/processed/E0/143/train-00031-of-00803_1044.wav,processed,16000,1,48000,16000,1,48000,3.0,3.0,
/Users/tavantai/Developer/project_thesis_code/new_data/143/train-00031-of-00803_1045.wav,/Users/tavantai/Developer/project_thesis_code/processed/E0/143/train-00031-of-00803_1045.wav,processed,16000,1,48000,16000,1,48000,3.0,3.0,
/Users/tavantai/Developer/project_thesis_code/new_data/143/train-00031-of-00803_1046.wav,/Users/tavantai/Developer/project_thesis_code/processed/E0/143/train-00031-of-00803_1046.wav,processed,16000,1,48000,16000,1,48000,3.0,3.0,
/Users/tavantai/Developer/project_thesis_code/new_data/143/train-00031-of-00803_1047.wav,/Users/tavantai/Developer/project_thesis_code/processed/E0/143/train-00031-of-00803_1047.wav,processed,16000,1,48000,16000,1,48000,3.0,3.0,
/Users/tavantai/Developer/project_thesis_code/new_data/143/train-00031-of-00803_1048.wav,/Users/tavantai/Developer/project_thesis_code/processed/E0/143/train-00031-of-00803_1048.wav,processed,16000,1,48000,16000,1,48000,3.0,3.0,
/Users/tavantai/Developer/project_thesis_code/new_data/143/train-00031-of-00803_1049.wav,/Users/tavantai/Developer/project_thesis_code/processed/E0/143/train-00031-of-00803_1049.wav,processed,16000,1,48000,16000,1,48000,3.0,3.0,
/Users/tavantai/Developer/project_thesis_code/new_data/143/train-00031-of-00803_1050.wav,/Users/tavantai/Developer/project_thesis_code/processed/E0/143/train-00031-of-00803_1050.wav,processed,16000,1,48000,16000,1,48000,3.0,3.0,
/Users/tavantai/Developer/project_thesis_code/new_data/143/train-00031-of-00803_1051.wav,/Users/tavantai/Developer/project_thesis_code/processed/E0/143/train-00031-of-00803_1051.wav,processed,16000,1,48000,16000,1,48000,3.0,3.0,
/Users/tavantai/Developer/project_thesis_code/new_data/143/train-00031-of-00803_1052.wav,/Users/tavantai/Developer/project_thesis_code/processed/E0/143/train-00031-of-00803_1052.wav,processed,16000,1,48000,16000,1,48000,3.0,3.0,
/Users/tavantai/Developer/project_thesis_code/new_data/143/train-00031-of-00803_1053.wav,/Users/tavantai/Developer/project_thesis_code/processed/E0/143/train-00031-of-00803_1053.wav,processed,16000,1,48000,16000,1,48000,3.0,3.0,
/Users/tavantai/Developer/project_thesis_code/new_data/143/train-00031-of-00803_1054.wav,/Users/tavantai/Developer/project_thesis_code/processed/E0/143/train-00031-of-00803_1054.wav,processed,16000,1,48000,16000,1,48000,3.0,3.0,
/Users/tavantai/Developer/project_thesis_code/new_data/143/train-00031-of-00803_1055.wav,/Users/tavantai/Developer/project_thesis_code/processed/E0/143/train-00031-of-00803_1055.wav,processed,16000,1,48000,16000,1,48000,3.0,3.0,
/Users/tavantai/Developer/project_thesis_code/new_data/143/train-00031-of-00803_1056.wav,/Users/tavantai/Developer/project_thesis_code/processed/E0/143/train-00031-of-00803_1056.wav,processed,16000,1,48000,16000,1,48000,3.0,3.0,
/Users/tavantai/Developer/project_thesis_code/new_data/143/train-00031-of-00803_1057.wav,/Users/tavantai/Developer/project_thesis_code/processed/E0/143/train-00031-of-00803_1057.wav,processed,16000,1,48000,16000,1,48000,3.0,3.0,
/Users/tavantai/Developer/project_thesis_code/new_data/143/train-00031-of-00803_1058.wav,/Users/tavantai/Developer/project_thesis_code/processed/E0/143/train-00031-of-00803_1058.wav,processed,16000,1,48000,16000,1,48000,3.0,3.0,
/Users/tavantai/Developer/project_thesis_code/new_data/143/train-00031-of-00803_1059.wav,/Users/tavantai/Developer/project_thesis_code/processed/E0/143/train-00031-of-00803_1059.wav,processed,16000,1,48000,16000,1,48000,3.0,3.0,
/Users/tavantai/Developer/project_thesis_code/new_data/143/train-00031-of-00803_1060.wav,/Users/tavantai/Developer/project_thesis_code/processed/E0/143/train-00031-of-00803_1060.wav,processed,16000,1,48000,16000,1,48000,3.0,3.0,
/Users/tavantai/Developer/project_thesis_code/new_data/143/train-00031-of-00803_1061.wav,/Users/tavantai/Developer/project_thesis_code/processed/E0/143/train-00031-of-00803_1061.wav,processed,16000,1,48000,16000,1,48000,3.0,3.0,
/Users/tavantai/Developer/project_thesis_code/new_data/143/train-00031-of-00803_1062.wav,/Users/tavantai/Developer/project_thesis_code/processed/E0/143/train-00031-of-00803_1062.wav,processed,16000,1,48000,16000,1,48000,3.0,3.0,
/Users/tavantai/Developer/project_thesis_code/new_data/143/train-00031-of-00803_1063.wav,/Users/tavantai/Developer/project_thesis_code/processed/E0/143/train-00031-of-00803_1063.wav,processed,16000,1,48000,16000,1,48000,3.0,3.0,
/Users/tavantai/Developer/project_thesis_code/new_data/143/train-00031-of-00803_1064.wav,/Users/tavantai/Developer/project_thesis_code/processed/E0/143/train-00031-of-00803_1064.wav,processed,16000,1,48000,16000,1,48000,3.0,3.0,
/Users/tavantai/Developer/project_thesis_code/new_data/143/train-00031-of-00803_1065.wav,/Users/tavantai/Developer/project_thesis_code/processed/E0/143/train-00031-of-00803_1065.wav,processed,16000,1,48000,16000,1,48000,3.0,3.0,
/Users/tavantai/Developer/project_thesis_code/new_data/143/train-00031-of-00803_1066.wav,/Users/tavantai/Developer/project_thesis_code/processed/E0/143/train-00031-of-00803_1066.wav,processed,16000,1,48000,16000,1,48000,3.0,3.0,
/Users/tavantai/Developer/project_thesis_code/new_data/143/train-00031-of-00803_1067.wav,/Users/tavantai/Developer/project_thesis_code/processed/E0/143/train-00031-of-00803_1067.wav,processed,16000,1,48000,16000,1,48000,3.0,3.0,
/Users/tavantai/Developer/project_thesis_code/new_data/143/train-00031-of-00803_1068.wav,/Users/tavantai/Developer/project_thesis_code/processed/E0/143/train-00031-of-00803_1068.wav,processed,16000,1,48000,16000,1,48000,3.0,3.0,
/Users/tavantai/Developer/project_thesis_code/new_data/143/train-00031-of-00803_1069.wav,/Users/tavantai/Developer/project_thesis_code/processed/E0/143/train-00031-of-00803_1069.wav,processed,16000,1,48000,16000,1,48000,3.0,3.0,
/Users/tavantai/Developer/project_thesis_code/new_data/143/train-00031-of-00803_1070.wav,/Users/tavantai/Developer/project_thesis_code/processed/E0/143/train-00031-of-00803_1070.wav,processed,16000,1,48000,16000,1,48000,3.0,3.0,
/Users/tavantai/Developer/project_thesis_code/new_data/143/train-00031-of-00803_1071.wav,/Users/tavantai/Developer/project_thesis_code/processed/E0/143/train-00031-of-00803_1071.wav,processed,16000,1,48000,16000,1,48000,3.0,3.0,
/Users/tavantai/Developer/project_thesis_code/new_data/143/train-00031-of-00803_1072.wav,/Users/tavantai/Developer/project_thesis_code/processed/E0/143/train-00031-of-00803_1072.wav,processed,16000,1,48000,16000,1,48000,3.0,3.0,
/Users/tavantai/Developer/project_thesis_code/new_data/143/train-00031-of-00803_1073.wav,/Users/tavantai/Developer/project_thesis_code/processed/E0/143/train-00031-of-00803_1073.wav,processed,16000,1,48000,16000,1,48000,3.0,3.0,
/Users/tavantai/Developer/project_thesis_code/new_data/143/train-00031-of-00803_1074.wav,/Users/tavantai/Developer/project_thesis_code/processed/E0/143/train-00031-of-00803_1074.wav,processed,16000,1,48000,16000,1,48000,3.0,3.0,
/Users/tavantai/Developer/project_thesis_code/new_data/143/train-00031-of-00803_1075.wav,/Users/tavantai/Developer/project_thesis_code/processed/E0/143/train-00031-of-00803_1075.wav,processed,16000,1,48000,16000,1,48000,3.0,3.0,
/Users/tavantai/Developer/project_thesis_code/new_data/143/train-00031-of-00803_1076.wav,/Users/tavantai/Developer/project_thesis_code/processed/E0/143/train-00031-of-00803_1076.wav,processed,16000,1,48000,16000,1,48000,3.0,3.0,
/Users/tavantai/Developer/project_thesis_code/new_data/143/train-00031-of-00803_1077.wav,/Users/tavantai/Developer/project_thesis_code/processed/E0/143/train-00031-of-00803_1077.wav,processed,16000,1,48000,16000,1,48000,3.0,3.0,
/Users/tavantai/Developer/project_thesis_code/new_data/143/train-00031-of-00803_1078.wav,/Users/tavantai/Developer/project_thesis_code/processed/E0/143/train-00031-of-00803_1078.wav,processed,16000,1,48000,16000,1,48000,3.0,3.0,
/Users/tavantai/Developer/project_thesis_code/new_data/143/train-00031-of-00803_1079.wav,/Users/tavantai/Developer/project_thesis_code/processed/E0/143/train-00031-of-00803_1079.wav,processed,16000,1,48000,16000,1,48000,3.0,3.0,
/Users/tavantai/Developer/project_thesis_code/new_data/143/train-00031-of-00803_1080.wav,/Users/tavantai/Developer/project_thesis_code/processed/E0/143/train-00031-of-00803_1080.wav,processed,16000,1,48000,16000,1,48000,3.0,3.0,
/Users/tavantai/Developer/project_thesis_code/new_data/143/train-00031-of-00803_1081.wav,/Users/tavantai/Developer/project_thesis_code/processed/E0/143/train-00031-of-00803_1081.wav,processed,16000,1,48000,16000,1,48000,3.0,3.0,
/Users/tavantai/Developer/project_thesis_code/new_data/143/train-00031-of-00803_1082.wav,/Users/tavantai/Developer/project_thesis_code/processed/E0/143/train-00031-of-00803_1082.wav,processed,16000,1,48000,16000,1,48000,3.0,3.0,
/Users/tavantai/Developer/project_thesis_code/new_data/143/train-00031-of-00803_1083.wav,/Users/tavantai/Developer/project_thesis_code/processed/E0/143/train-00031-of-00803_1083.wav,processed,16000,1,48000,16000,1,48000,3.0,3.0,
/Users/tavantai/Developer/project_thesis_code/new_data/143/train-00031-of-00803_1084.wav,/Users/tavantai/Developer/project_thesis_code/processed/E0/143/train-00031-of-00803_1084.wav,processed,16000,1,48000,16000,1,48000,3.0,3.0,
/Users/tavantai/Developer/project_thesis_code/new_data/143/train-00031-of-00803_1085.wav,/Users/tavantai/Developer/project_thesis_code/processed/E0/143/train-00031-of-00803_1085.wav,processed,16000,1,48000,16000,1,48000,3.0,3.0,
/Users/tavantai/Developer/project_thesis_code/new_data/143/train-00031-of-00803_1086.wav,/Users/tavantai/Developer/project_thesis_code/processed/E0/143/train-00031-of-00803_1086.wav,processed,16000,1,48000,16000,1,48000,3.0,3.0,
/Users/tavantai/Developer/project_thesis_code/new_data/143/train-00031-of-00803_1087.wav,/Users/tavantai/Developer/project_thesis_code/processed/E0/143/train-00031-of-00803_1087.wav,processed,16000,1,48000,16000,1,48000,3.0,3.0,
/Users/tavantai/Developer/project_thesis_code/new_data/143/train-00031-of-00803_1088.wav,/Users/tavantai/Developer/project_thesis_code/processed/E0/143/train-00031-of-00803_1088.wav,processed,16000,1,48000,16000,1,48000,3.0,3.0,
/Users/tavantai/Developer/project_thesis_code/new_data/143/train-00031-of-00803_1089.wav,/Users/tavantai/Developer/project_thesis_code/processed/E0/143/train-00031-of-00803_1089.wav,processed,16000,1,48000,16000,1,48000,3.0,3.0,
/Users/tavantai/Developer/project_thesis_code/new_data/143/train-00031-of-00803_1090.wav,/Users/tavantai/Developer/project_thesis_code/processed/E0/143/train-00031-of-00803_1090.wav,processed,16000,1,48000,16000,1,48000,3.0,3.0,
/Users/tavantai/Developer/project_thesis_code/new_data/143/train-00031-of-00803_1091.wav,/Users/tavantai/Developer/project_thesis_code/processed/E0/143/train-00031-of-00803_1091.wav,processed,16000,1,48000,16000,1,48000,3.0,3.0,
/Users/tavantai/Developer/project_thesis_code/new_data/143/train-00031-of-00803_1092.wav,/Users/tavantai/Developer/project_thesis_code/processed/E0/143/train-00031-of-00803_1092.wav,processed,16000,1,48000,16000,1,48000,3.0,3.0,
/Users/tavantai/Developer/project_thesis_code/new_data/143/train-00031-of-00803_1093.wav,/Users/tavantai/Developer/project_thesis_code/processed/E0/143/train-00031-of-00803_1093.wav,processed,16000,1,48000,16000,1,48000,3.0,3.0,
/Users/tavantai/Developer/project_thesis_code/new_data/143/train-00031-of-00803_1094.wav,/Users/tavantai/Developer/project_thesis_code/processed/E0/143/train-00031-of-00803_1094.wav,processed,16000,1,48000,16000,1,48000,3.0,3.0,
/Users/tavantai/Developer/project_thesis_code/new_data/143/train-00031-of-00803_1095.wav,/Users/tavantai/Developer/project_thesis_code/processed/E0/143/train-00031-of-00803_1095.wav,processed,16000,1,48000,16000,1,48000,3.0,3.0,
/Users/tavantai/Developer/project_thesis_code/new_data/143/train-00031-of-00803_1096.wav,/Users/tavantai/Developer/project_thesis_code/processed/E0/143/train-00031-of-00803_1096.wav,processed,16000,1,48000,16000,1,48000,3.0,3.0,
/Users/tavantai/Developer/project_thesis_code/new_data/143/train-00031-of-00803_1097.wav,/Users/tavantai/Developer/project_thesis_code/processed/E0/143/train-00031-of-00803_1097.wav,processed,16000,1,48000,16000,1,48000,3.0,3.0,
/Users/tavantai/Developer/project_thesis_code/new_data/143/train-00031-of-00803_1098.wav,/Users/tavantai/Developer/project_thesis_code/processed/E0/143/train-00031-of-00803_1098.wav,processed,16000,1,48000,16000,1,48000,3.0,3.0,
/Users/tavantai/Developer/project_thesis_code/new_data/143/train-00031-of-00803_1099.wav,/Users/tavantai/Developer/project_thesis_code/processed/E0/143/train-00031-of-00803_1099.wav,processed,16000,1,48000,16000,1,48000,3.0,3.0,
/Users/tavantai/Developer/project_thesis_code/new_data/143/train-00031-of-00803_1100.wav,/Users/tavantai/Developer/project_thesis_code/processed/E0/143/train-00031-of-00803_1100.wav,processed,16000,1,48000,16000,1,48000,3.0,3.0,
/Users/tavantai/Developer/project_thesis_code/new_data/143/train-00031-of-00803_1101.wav,/Users/tavantai/Developer/project_thesis_code/processed/E0/143/train-00031-of-00803_1101.wav,processed,16000,1,48000,16000,1,48000,3.0,3.0,
/Users/tavantai/Developer/project_thesis_code/new_data/143/train-00031-of-00803_1102.wav,/Users/tavantai/Developer/project_thesis_code/processed/E0/143/train-00031-of-00803_1102.wav,processed,16000,1,48000,16000,1,48000,3.0,3.0,
/Users/tavantai/Developer/project_thesis_code/new_data/143/train-00031-of-00803_1103.wav,/Users/tavantai/Developer/project_thesis_code/processed/E0/143/train-00031-of-00803_1103.wav,processed,16000,1,48000,16000,1,48000,3.0,3.0,
/Users/tavantai/Developer/project_thesis_code/new_data/143/train-00031-of-00803_1104.wav,/Users/tavantai/Developer/project_thesis_code/processed/E0/143/train-00031-of-00803_1104.wav,processed,16000,1,48000,16000,1,48000,3.0,3.0,
/Users/tavantai/Developer/project_thesis_code/new_data/143/train-00031-of-00803_1105.wav,/Users/tavantai/Developer/project_thesis_code/processed/E0/143/train-00031-of-00803_1105.wav,processed,16000,1,48000,16000,1,48000,3.0,3.0,
/Users/tavantai/Developer/project_thesis_code/new_data/143/train-00031-of-00803_1106.wav,/Users/tavantai/Developer/project_thesis_code/processed/E0/143/train-00031-of-00803_1106.wav,processed,16000,1,48000,16000,1,48000,3.0,3.0,
/Users/tavantai/Developer/project_thesis_code/new_data/143/train-00031-of-00803_1107.wav,/Users/tavantai/Developer/project_thesis_code/processed/E0/143/train-00031-of-00803_1107.wav,processed,16000,1,48000,16000,1,48000,3.0,3.0,
/Users/tavantai/Developer/project_thesis_code/new_data/143/train-00031-of-00803_1108.wav,/Users/tavantai/Developer/project_thesis_code/processed/E0/143/train-00031-of-00803_1108.wav,processed,16000,1,48000,16000,1,48000,3.0,3.0,
/Users/tavantai/Developer/project_thesis_code/new_data/143/train-00031-of-00803_1109.wav,/Users/tavantai/Developer/project_thesis_code/processed/E0/143/train-00031-of-00803_1109.wav,processed,16000,1,48000,16000,1,48000,3.0,3.0,
/Users/tavantai/Developer/project_thesis_code/new_data/143/train-00031-of-00803_1110.wav,/Users/tavantai/Developer/project_thesis_code/processed/E0/143/train-00031-of-00803_1110.wav,processed,16000,1,48000,16000,1,48000,3.0,3.0,
/Users/tavantai/Developer/project_thesis_code/new_data/143/train-00031-of-00803_1111.wav,/Users/tavantai/Developer/project_thesis_code/processed/E0/143/train-00031-of-00803_1111.wav,processed,16000,1,48000,16000,1,48000,3.0,3.0,
/Users/tavantai/Developer/project_thesis_code/new_data/143/train-00031-of-00803_1112.wav,/Users/tavantai/Developer/project_thesis_code/processed/E0/143/train-00031-of-00803_1112.wav,processed,16000,1,48000,16000,1,48000,3.0,3.0,
/Users/tavantai/Developer/project_thesis_code/new_data/143/train-00031-of-00803_1113.wav,/Users/tavantai/Developer/project_thesis_code/processed/E0/143/train-00031-of-00803_1113.wav,processed,16000,1,48000,16000,1,48000,3.0,3.0,
/Users/tavantai/Developer/project_thesis_code/new_data/143/train-00031-of-00803_1114.wav,/Users/tavantai/Developer/project_thesis_code/processed/E0/143/train-00031-of-00803_1114.wav,processed,16000,1,48000,16000,1,48000,3.0,3.0,
/Users/tavantai/Developer/project_thesis_code/new_data/143/train-00031-of-00803_1115.wav,/Users/tavantai/Developer/project_thesis_code/processed/E0/143/train-00031-of-00803_1115.wav,processed,16000,1,48000,16000,1,48000,3.0,3.0,
/Users/tavantai/Developer/project_thesis_code/new_data/143/train-00031-of-00803_1116.wav,/Users/tavantai/Developer/project_thesis_code/processed/E0/143/train-00031-of-00803_1116.wav,processed,16000,1,48000,16000,1,48000,3.0,3.0,
/Users/tavantai/Developer/project_thesis_code/new_data/143/train-00031-of-00803_1117.wav,/Users/tavantai/Developer/project_thesis_code/processed/E0/143/train-00031-of-00803_1117.wav,processed,16000,1,48000,16000,1,48000,3.0,3.0,
/Users/tavantai/Developer/project_thesis_code/new_data/143/train-00031-of-00803_1118.wav,/Users/tavantai/Developer/project_thesis_code/processed/E0/143/train-00031-of-00803_1118.wav,processed,16000,1,48000,16000,1,48000,3.0,3.0,
/Users/tavantai/Developer/project_thesis_code/new_data/143/train-00031-of-00803_1119.wav,/Users/tavantai/Developer/project_thesis_code/processed/E0/143/train-00031-of-00803_1119.wav,processed,16000,1,48000,16000,1,48000,3.0,3.0,
/Users/tavantai/Developer/project_thesis_code/new_data/143/train-00031-of-00803_1120.wav,/Users/tavantai/Developer/project_thesis_code/processed/E0/143/train-00031-of-00803_1120.wav,processed,16000,1,48000,16000,1,48000,3.0,3.0,
/Users/tavantai/Developer/project_thesis_code/new_data/143/train-00031-of-00803_1121.wav,/Users/tavantai/Developer/project_thesis_code/processed/E0/143/train-00031-of-00803_1121.wav,processed,16000,1,48000,16000,1,48000,3.0,3.0,
/Users/tavantai/Developer/project_thesis_code/new_data/143/train-00031-of-00803_1122.wav,/Users/tavantai/Developer/project_thesis_code/processed/E0/143/train-00031-of-00803_1122.wav,processed,16000,1,48000,16000,1,48000,3.0,3.0,
/Users/tavantai/Developer/project_thesis_code/new_data/143/train-00031-of-00803_1123.wav,/Users/tavantai/Developer/project_thesis_code/processed/E0/143/train-00031-of-00803_1123.wav,processed,16000,1,48000,16000,1,48000,3.0,3.0,
/Users/tavantai/Developer/project_thesis_code/new_data/143/train-00031-of-00803_1124.wav,/Users/tavantai/Developer/project_thesis_code/processed/E0/143/train-00031-of-00803_1124.wav,processed,16000,1,48000,16000,1,48000,3.0,3.0,
/Users/tavantai/Developer/project_thesis_code/new_data/143/train-00031-of-00803_1125.wav,/Users/tavantai/Developer/project_thesis_code/processed/E0/143/train-00031-of-00803_1125.wav,processed,16000,1,48000,16000,1,48000,3.0,3.0,
/Users/tavantai/Developer/project_thesis_code/new_data/143/train-00031-of-00803_1126.wav,/Users/tavantai/Developer/project_thesis_code/processed/E0/143/train-00031-of-00803_1126.wav,processed,16000,1,48000,16000,1,48000,3.0,3.0,
/Users/tavantai/Developer/project_thesis_code/new_data/143/train-00031-of-00803_1127.wav,/Users/tavantai/Developer/project_thesis_code/processed/E0/143/train-00031-of-00803_1127.wav,processed,16000,1,48000,16000,1,48000,3.0,3.0,
/Users/tavantai/Developer/project_thesis_code/new_data/143/train-00031-of-00803_1128.wav,/Users/tavantai/Developer/project_thesis_code/processed/E0/143/train-00031-of-00803_1128.wav,processed,16000,1,48000,16000,1,48000,3.0,3.0,
/Users/tavantai/Developer/project_thesis_code/new_data/143/train-00031-of-00803_1129.wav,/Users/tavantai/Developer/project_thesis_code/processed/E0/143/train-00031-of-00803_1129.wav,processed,16000,1,48000,16000,1,48000,3.0,3.0,
/Users/tavantai/Developer/project_thesis_code/new_data/143/train-00031-of-00803_1130.wav,/Users/tavantai/Developer/project_thesis_code/processed/E0/143/train-00031-of-00803_1130.wav,processed,16000,1,48000,16000,1,48000,3.0,3.0,
/Users/tavantai/Developer/project_thesis_code/new_data/143/train-00031-of-00803_1131.wav,/Users/tavantai/Developer/project_thesis_code/processed/E0/143/train-00031-of-00803_1131.wav,processed,16000,1,48000,16000,1,48000,3.0,3.0,
/Users/tavantai/Developer/project_thesis_code/new_data/143/train-00031-of-00803_1132.wav,/Users/tavantai/Developer/project_thesis_code/processed/E0/143/train-00031-of-00803_1132.wav,processed,16000,1,48000,16000,1,48000,3.0,3.0,
/Users/tavantai/Developer/project_thesis_code/new_data/143/train-00031-of-00803_1133.wav,/Users/tavantai/Developer/project_thesis_code/processed/E0/143/train-00031-of-00803_1133.wav,processed,16000,1,48000,16000,1,48000,3.0,3.0,
/Users/tavantai/Developer/project_thesis_code/new_data/143/train-00031-of-00803_1134.wav,/Users/tavantai/Developer/project_thesis_code/processed/E0/143/train-00031-of-00803_1134.wav,processed,16000,1,48000,16000,1,48000,3.0,3.0,
/Users/tavantai/Developer/project_thesis_code/new_data/143/train-00031-of-00803_1135.wav,/Users/tavantai/Developer/project_thesis_code/processed/E0/143/train-00031-of-00803_1135.wav,processed,16000,1,48000,16000,1,48000,3.0,3.0,
/Users/tavantai/Developer/project_thesis_code/new_data/143/train-00031-of-00803_1136.wav,/Users/tavantai/Developer/project_thesis_code/processed/E0/143/train-00031-of-00803_1136.wav,processed,16000,1,48000,16000,1,48000,3.0,3.0,
/Users/tavantai/Developer/project_thesis_code/new_data/143/train-00031-of-00803_1137.wav,/Users/tavantai/Developer/project_thesis_code/processed/E0/143/train-00031-of-00803_1137.wav,processed,16000,1,48000,16000,1,48000,3.0,3.0,
/Users/tavantai/Developer/project_thesis_code/new_data/143/train-00031-of-00803_1138.wav,/Users/tavantai/Developer/project_thesis_code/processed/E0/143/train-00031-of-00803_1138.wav,processed,16000,1,48000,16000,1,48000,3.0,3.0,
/Users/tavantai/Developer/project_thesis_code/new_data/143/train-00031-of-00803_1139.wav,/Users/tavantai/Developer/project_thesis_code/processed/E0/143/train-00031-of-00803_1139.wav,processed,16000,1,48000,16000,1,48000,3.0,3.0,
/Users/tavantai/Developer/project_thesis_code/new_data/143/train-00031-of-00803_1140.wav,/Users/tavantai/Developer/project_thesis_code/processed/E0/143/train-00031-of-00803_1140.wav,processed,16000,1,48000,16000,1,48000,3.0,3.0,
/Users/tavantai/Developer/project_thesis_code/new_data/143/train-00031-of-00803_1141.wav,/Users/tavantai/Developer/project_thesis_code/processed/E0/143/train-00031-of-00803_1141.wav,processed,16000,1,48000,16000,1,48000,3.0,3.0,
/Users/tavantai/Developer/project_thesis_code/new_data/143/train-00031-of-00803_1142.wav,/Users/tavantai/Developer/project_thesis_code/processed/E0/143/train-00031-of-00803_1142.wav,processed,16000,1,48000,16000,1,48000,3.0,3.0,
/Users/tavantai/Developer/project_thesis_code/new_data/143/train-00031-of-00803_1143.wav,/Users/tavantai/Developer/project_thesis_code/processed/E0/143/train-00031-of-00803_1143.wav,processed,16000,1,48000,16000,1,48000,3.0,3.0,
/Users/tavantai/Developer/project_thesis_code/new_data/143/train-00031-of-00803_1144.wav,/Users/tavantai/Developer/project_thesis_code/processed/E0/143/train-00031-of-00803_1144.wav,processed,16000,1,48000,16000,1,48000,3.0,3.0,
/Users/tavantai/Developer/project_thesis_code/new_data/143/train-00031-of-00803_1145.wav,/Users/tavantai/Developer/project_thesis_code/processed/E0/143/train-00031-of-00803_1145.wav,processed,16000,1,48000,16000,1,48000,3.0,3.0,
/Users/tavantai/Developer/project_thesis_code/new_data/143/train-00031-of-00803_1146.wav,/Users/tavantai/Developer/project_thesis_code/processed/E0/143/train-00031-of-00803_1146.wav,processed,16000,1,48000,16000,1,48000,3.0,3.0,
/Users/tavantai/Developer/project_thesis_code/new_data/143/train-00031-of-00803_1147.wav,/Users/tavantai/Developer/project_thesis_code/processed/E0/143/train-00031-of-00803_1147.wav,processed,16000,1,48000,16000,1,48000,3.0,3.0,
/Users/tavantai/Developer/project_thesis_code/new_data/143/train-00031-of-00803_1148.wav,/Users/tavantai/Developer/project_thesis_code/processed/E0/143/train-00031-of-00803_1148.wav,processed,16000,1,48000,16000,1,48000,3.0,3.0,
/Users/tavantai/Developer/project_thesis_code/new_data/143/train-00031-of-00803_1149.wav,/Users/tavantai/Developer/project_thesis_code/processed/E0/143/train-00031-of-00803_1149.wav,processed,16000,1,48000,16000,1,48000,3.0,3.0,
/Users/tavantai/Developer/project_thesis_code/new_data/143/train-00031-of-00803_1150.wav,/Users/tavantai/Developer/project_thesis_code/processed/E0/143/train-00031-of-00803_1150.wav,processed,16000,1,48000,16000,1,48000,3.0,3.0,
/Users/tavantai/Developer/project_thesis_code/new_data/143/train-00031-of-00803_1151.wav,/Users/tavantai/Developer/project_thesis_code/processed/E0/143/train-00031-of-00803_1151.wav,processed,16000,1,48000,16000,1,48000,3.0,3.0,
/Users/tavantai/Developer/project_thesis_code/new_data/143/train-00031-of-00803_1152.wav,/Users/tavantai/Developer/project_thesis_code/processed/E0/143/train-00031-of-00803_1152.wav,processed,16000,1,48000,16000,1,48000,3.0,3.0,
/Users/tavantai/Developer/project_thesis_code/new_data/143/train-00031-of-00803_1153.wav,/Users/tavantai/Developer/project_thesis_code/processed/E0/143/train-00031-of-00803_1153.wav,processed,16000,1,48000,16000,1,48000,3.0,3.0,
/Users/tavantai/Developer/project_thesis_code/new_data/143/train-00031-of-00803_1154.wav,/Users/tavantai/Developer/project_thesis_code/processed/E0/143/train-00031-of-00803_1154.wav,processed,16000,1,48000,16000,1,48000,3.0,3.0,
/Users/tavantai/Developer/project_thesis_code/new_data/143/train-00031-of-00803_1155.wav,/Users/tavantai/Developer/project_thesis_code/processed/E0/143/train-00031-of-00803_1155.wav,processed,16000,1,48000,16000,1,48000,3.0,3.0,
/Users/tavantai/Developer/project_thesis_code/new_data/143/train-00031-of-00803_1156.wav,/Users/tavantai/Developer/project_thesis_code/processed/E0/143/train-00031-of-00803_1156.wav,processed,16000,1,48000,16000,1,48000,3.0,3.0,
/Users/tavantai/Developer/project_thesis_code/new_data/143/train-00031-of-00803_1157.wav,/Users/tavantai/Developer/project_thesis_code/processed/E0/143/train-00031-of-00803_1157.wav,processed,16000,1,48000,16000,1,48000,3.0,3.0,
/Users/tavantai/Developer/project_thesis_code/new_data/143/train-00031-of-00803_1158.wav,/Users/tavantai/Developer/project_thesis_code/processed/E0/143/train-00031-of-00803_1158.wav,processed,16000,1,48000,16000,1,48000,3.0,3.0,
/Users/tavantai/Developer/project_thesis_code/new_data/143/train-00031-of-00803_1159.wav,/Users/tavantai/Developer/project_thesis_code/processed/E0/143/train-00031-of-00803_1159.wav,processed,16000,1,48000,16000,1,48000,3.0,3.0,
/Users/tavantai/Developer/project_thesis_code/new_data/143/train-00031-of-00803_1160.wav,/Users/tavantai/Developer/project_thesis_code/processed/E0/143/train-00031-of-00803_1160.wav,processed,16000,1,48000,16000,1,48000,3.0,3.0,
/Users/tavantai/Developer/project_thesis_code/new_data/143/train-00031-of-00803_1161.wav,/Users/tavantai/Developer/project_thesis_code/processed/E0/143/train-00031-of-00803_1161.wav,processed,16000,1,48000,16000,1,48000,3.0,3.0,
/Users/tavantai/Developer/project_thesis_code/new_data/143/train-00031-of-00803_1162.wav,/Users/tavantai/Developer/project_thesis_code/processed/E0/143/train-00031-of-00803_1162.wav,processed,16000,1,48000,16000,1,48000,3.0,3.0,
/Users/tavantai/Developer/project_thesis_code/new_data/143/train-00031-of-00803_1163.wav,/Users/tavantai/Developer/project_thesis_code/processed/E0/143/train-00031-of-00803_1163.wav,processed,16000,1,48000,16000,1,48000,3.0,3.0,
/Users/tavantai/Developer/project_thesis_code/new_data/143/train-00031-of-00803_1164.wav,/Users/tavantai/Developer/project_thesis_code/processed/E0/143/train-00031-of-00803_1164.wav,processed,16000,1,48000,16000,1,48000,3.0,3.0,
/Users/tavantai/Developer/project_thesis_code/new_data/143/train-00031-of-00803_1165.wav,/Users/tavantai/Developer/project_thesis_code/processed/E0/143/train-00031-of-00803_1165.wav,processed,16000,1,48000,16000,1,48000,3.0,3.0,
/Users/tavantai/Developer/project_thesis_code/new_data/143/train-00031-of-00803_1166.wav,/Users/tavantai/Developer/project_thesis_code/processed/E0/143/train-00031-of-00803_1166.wav,processed,16000,1,48000,16000,1,48000,3.0,3.0,
/Users/tavantai/Developer/project_thesis_code/new_data/143/train-00031-of-00803_1167.wav,/Users/tavantai/Developer/project_thesis_code/processed/E0/143/train-00031-of-00803_1167.wav,processed,16000,1,48000,16000,1,48000,3.0,3.0,
/Users/tavantai/Developer/project_thesis_code/new_data/143/train-00031-of-00803_1168.wav,/Users/tavantai/Developer/project_thesis_code/processed/E0/143/train-00031-of-00803_1168.wav,processed,16000,1,48000,16000,1,48000,3.0,3.0,
/Users/tavantai/Developer/project_thesis_code/new_data/143/train-00031-of-00803_1169.wav,/Users/tavantai/Developer/project_thesis_code/processed/E0/143/train-00031-of-00803_1169.wav,processed,16000,1,48000,16000,1,48000,3.0,3.0,
/Users/tavantai/Developer/project_thesis_code/new_data/143/train-00031-of-00803_1170.wav,/Users/tavantai/Developer/project_thesis_code/processed/E0/143/train-00031-of-00803_1170.wav,processed,16000,1,48000,16000,1,48000,3.0,3.0,
/Users/tavantai/Developer/project_thesis_code/new_data/143/train-00031-of-00803_1171.wav,/Users/tavantai/Developer/project_thesis_code/processed/E0/143/train-00031-of-00803_1171.wav,processed,16000,1,48000,16000,1,48000,3.0,3.0,
/Users/tavantai/Developer/project_thesis_code/new_data/143/train-00031-of-00803_1172.wav,/Users/tavantai/Developer/project_thesis_code/processed/E0/143/train-00031-of-00803_1172.wav,processed,16000,1,48000,16000,1,48000,3.0,3.0,
/Users/tavantai/Developer/project_thesis_code/new_data/143/train-00031-of-00803_1173.wav,/Users/tavantai/Developer/project_thesis_code/processed/E0/143/train-00031-of-00803_1173.wav,processed,16000,1,48000,16000,1,48000,3.0,3.0,
/Users/tavantai/Developer/project_thesis_code/new_data/143/train-00031-of-00803_1174.wav,/Users/tavantai/Developer/project_thesis_code/processed/E0/143/train-00031-of-00803_1174.wav,processed,16000,1,48000,16000,1,48000,3.0,3.0,
/Users/tavantai/Developer/project_thesis_code/new_data/143/train-00031-of-00803_1175.wav,/Users/tavantai/Developer/project_thesis_code/processed/E0/143/train-00031-of-00803_1175.wav,processed,16000,1,48000,16000,1,48000,3.0,3.0,
/Users/tavantai/Developer/project_thesis_code/new_data/143/train-00031-of-00803_1176.wav,/Users/tavantai/Developer/project_thesis_code/processed/E0/143/train-00031-of-00803_1176.wav,processed,16000,1,48000,16000,1,48000,3.0,3.0,
/Users/tavantai/Developer/project_thesis_code/new_data/143/train-00031-of-00803_1177.wav,/Users/tavantai/Developer/project_thesis_code/processed/E0/143/train-00031-of-00803_1177.wav,processed,16000,1,48000,16000,1,48000,3.0,3.0,
/Users/tavantai/Developer/project_thesis_code/new_data/143/train-00031-of-00803_1178.wav,/Users/tavantai/Developer/project_thesis_code/processed/E0/143/train-00031-of-00803_1178.wav,processed,16000,1,48000,16000,1,48000,3.0,3.0,
/Users/tavantai/Developer/project_thesis_code/new_data/143/train-00031-of-00803_1179.wav,/Users/tavantai/Developer/project_thesis_code/processed/E0/143/train-00031-of-00803_1179.wav,processed,16000,1,48000,16000,1,48000,3.0,3.0,
/Users/tavantai/Developer/project_thesis_code/new_data/143/train-00031-of-00803_1180.wav,/Users/tavantai/Developer/project_thesis_code/processed/E0/143/train-00031-of-00803_1180.wav,processed,16000,1,48000,16000,1,48000,3.0,3.0,
/Users/tavantai/Developer/project_thesis_code/new_data/143/train-00031-of-00803_1181.wav,/Users/tavantai/Developer/project_thesis_code/processed/E0/143/train-00031-of-00803_1181.wav,processed,16000,1,48000,16000,1,48000,3.0,3.0,
/Users/tavantai/Developer/project_thesis_code/new_data/143/train-00031-of-00803_1182.wav,/Users/tavantai/Developer/project_thesis_code/processed/E0/143/train-00031-of-00803_1182.wav,processed,16000,1,48000,16000,1,48000,3.0,3.0,
/Users/tavantai/Developer/project_thesis_code/new_data/143/train-00031-of-00803_1183.wav,/Users/tavantai/Developer/project_thesis_code/processed/E0/143/train-00031-of-00803_1183.wav,processed,16000,1,48000,16000,1,48000,3.0,3.0,
/Users/tavantai/Developer/project_thesis_code/new_data/143/train-00031-of-00803_1184.wav,/Users/tavantai/Developer/project_thesis_code/processed/E0/143/train-00031-of-00803_1184.wav,processed,16000,1,48000,16000,1,48000,3.0,3.0,
/Users/tavantai/Developer/project_thesis_code/new_data/143/train-00031-of-00803_1185.wav,/Users/tavantai/Developer/project_thesis_code/processed/E0/143/train-00031-of-00803_1185.wav,processed,16000,1,48000,16000,1,48000,3.0,3.0,
/Users/tavantai/Developer/project_thesis_code/new_data/143/train-00031-of-00803_1186.wav,/Users/tavantai/Developer/project_thesis_code/processed/E0/143/train-00031-of-00803_1186.wav,processed,16000,1,48000,16000,1,48000,3.0,3.0,
/Users/tavantai/Developer/project_thesis_code/new_data/143/train-00031-of-00803_1187.wav,/Users/tavantai/Developer/project_thesis_code/processed/E0/143/train-00031-of-00803_1187.wav,processed,16000,1,48000,16000,1,48000,3.0,3.0,
/Users/tavantai/Developer/project_thesis_code/new_data/143/train-00031-of-00803_1188.wav,/Users/tavantai/Developer/project_thesis_code/processed/E0/143/train-00031-of-00803_1188.wav,processed,16000,1,48000,16000,1,48000,3.0,3.0,
/Users/tavantai/Developer/project_thesis_code/new_data/143/train-00031-of-00803_1189.wav,/Users/tavantai/Developer/project_thesis_code/processed/E0/143/train-00031-of-00803_1189.wav,processed,16000,1,48000,16000,1,48000,3.0,3.0,
/Users/tavantai/Developer/project_thesis_code/new_data/143/train-00031-of-00803_1190.wav,/Users/tavantai/Developer/project_thesis_code/processed/E0/143/train-00031-of-00803_1190.wav,processed,16000,1,48000,16000,1,48000,3.0,3.0,
/Users/tavantai/Developer/project_thesis_code/new_data/143/train-00031-of-00803_1191.wav,/Users/tavantai/Developer/project_thesis_code/processed/E0/143/train-00031-of-00803_1191.wav,processed,16000,1,48000,16000,1,48000,3.0,3.0,
/Users/tavantai/Developer/project_thesis_code/new_data/143/train-00031-of-00803_1192.wav,/Users/tavantai/Developer/project_thesis_code/processed/E0/143/train-00031-of-00803_1192.wav,processed,16000,1,48000,16000,1,48000,3.0,3.0,
/Users/tavantai/Developer/project_thesis_code/new_data/143/train-00031-of-00803_1193.wav,/Users/tavantai/Developer/project_thesis_code/processed/E0/143/train-00031-of-00803_1193.wav,processed,16000,1,48000,16000,1,48000,3.0,3.0,
/Users/tavantai/Developer/project_thesis_code/new_data/143/train-00031-of-00803_1194.wav,/Users/tavantai/Developer/project_thesis_code/processed/E0/143/train-00031-of-00803_1194.wav,processed,16000,1,48000,16000,1,48000,3.0,3.0,
/Users/tavantai/Developer/project_thesis_code/new_data/143/train-00031-of-00803_1195.wav,/Users/tavantai/Developer/project_thesis_code/processed/E0/143/train-00031-of-00803_1195.wav,processed,16000,1,48000,16000,1,48000,3.0,3.0,
/Users/tavantai/Developer/project_thesis_code/new_data/143/train-00031-of-00803_1196.wav,/Users/tavantai/Developer/project_thesis_code/processed/E0/143/train-00031-of-00803_1196.wav,processed,16000,1,48000,16000,1,48000,3.0,3.0,
/Users/tavantai/Developer/project_thesis_code/new_data/143/train-00031-of-00803_1197.wav,/Users/tavantai/Developer/project_thesis_code/processed/E0/143/train-00031-of-00803_1197.wav,processed,16000,1,48000,16000,1,48000,3.0,3.0,
/Users/tavantai/Developer/project_thesis_code/new_data/143/train-00031-of-00803_1198.wav,/Users/tavantai/Developer/project_thesis_code/processed/E0/143/train-00031-of-00803_1198.wav,processed,16000,1,48000,16000,1,48000,3.0,3.0,
/Users/tavantai/Developer/project_thesis_code/new_data/143/train-00031-of-00803_1199.wav,/Users/tavantai/Developer/project_thesis_code/processed/E0/143/train-00031-of-00803_1199.wav,processed,16000,1,48000,16000,1,48000,3.0,3.0,
/Users/tavantai/Developer/project_thesis_code/new_data/143/train-00031-of-00803_1200.wav,/Users/tavantai/Developer/project_thesis_code/processed/E0/143/train-00031-of-00803_1200.wav,processed,16000,1,48000,16000,1,48000,3.0,3.0,
/Users/tavantai/Developer/project_thesis_code/new_data/143/train-00031-of-00803_1201.wav,/Users/tavantai/Developer/project_thesis_code/processed/E0/143/train-00031-of-00803_1201.wav,processed,16000,1,48000,16000,1,48000,3.0,3.0,
/Users/tavantai/Developer/project_thesis_code/new_data/143/train-00031-of-00803_1202.wav,/Users/tavantai/Developer/project_thesis_code/processed/E0/143/train-00031-of-00803_1202.wav,processed,16000,1,48000,16000,1,48000,3.0,3.0,
/Users/tavantai/Developer/project_thesis_code/new_data/143/train-00031-of-00803_1203.wav,/Users/tavantai/Developer/project_thesis_code/processed/E0/143/train-00031-of-00803_1203.wav,processed,16000,1,48000,16000,1,48000,3.0,3.0,
/Users/tavantai/Developer/project_thesis_code/new_data/143/train-00031-of-00803_1204.wav,/Users/tavantai/Developer/project_thesis_code/processed/E0/143/train-00031-of-00803_1204.wav,processed,16000,1,48000,16000,1,48000,3.0,3.0,
/Users/tavantai/Developer/project_thesis_code/new_data/143/train-00031-of-00803_1205.wav,/Users/tavantai/Developer/project_thesis_code/processed/E0/143/train-00031-of-00803_1205.wav,processed,16000,1,48000,16000,1,48000,3.0,3.0,
/Users/tavantai/Developer/project_thesis_code/new_data/143/train-00031-of-00803_1206.wav,/Users/tavantai/Developer/project_thesis_code/processed/E0/143/train-00031-of-00803_1206.wav,processed,16000,1,48000,16000,1,48000,3.0,3.0,
/Users/tavantai/Developer/project_thesis_code/new_data/143/train-00031-of-00803_1207.wav,/Users/tavantai/Developer/project_thesis_code/processed/E0/143/train-00031-of-00803_1207.wav,processed,16000,1,48000,16000,1,48000,3.0,3.0,
/Users/tavantai/Developer/project_thesis_code/new_data/143/train-00031-of-00803_1208.wav,/Users/tavantai/Developer/project_thesis_code/processed/E0/143/train-00031-of-00803_1208.wav,processed,16000,1,48000,16000,1,48000,3.0,3.0,
/Users/tavantai/Developer/project_thesis_code/new_data/143/train-00031-of-00803_1209.wav,/Users/tavantai/Developer/project_thesis_code/processed/E0/143/train-00031-of-00803_1209.wav,processed,16000,1,48000,16000,1,48000,3.0,3.0,
/Users/tavantai/Developer/project_thesis_code/new_data/143/train-00031-of-00803_1210.wav,/Users/tavantai/Developer/project_thesis_code/processed/E0/143/train-00031-of-00803_1210.wav,processed,16000,1,48000,16000,1,48000,3.0,3.0,
/Users/tavantai/Developer/project_thesis_code/new_data/143/train-00031-of-00803_1211.wav,/Users/tavantai/Developer/project_thesis_code/processed/E0/143/train-00031-of-00803_1211.wav,processed,16000,1,48000,16000,1,48000,3.0,3.0,
/Users/tavantai/Developer/project_thesis_code/new_data/143/train-00031-of-00803_1212.wav,/Users/tavantai/Developer/project_thesis_code/processed/E0/143/train-00031-of-00803_1212.wav,processed,16000,1,48000,16000,1,48000,3.0,3.0,
/Users/tavantai/Developer/project_thesis_code/new_data/143/train-00031-of-00803_1213.wav,/Users/tavantai/Developer/project_thesis_code/processed/E0/143/train-00031-of-00803_1213.wav,processed,16000,1,48000,16000,1,48000,3.0,3.0,
/Users/tavantai/Developer/project_thesis_code/new_data/143/train-00031-of-00803_1214.wav,/Users/tavantai/Developer/project_thesis_code/processed/E0/143/train-00031-of-00803_1214.wav,processed,16000,1,48000,16000,1,48000,3.0,3.0,
/Users/tavantai/Developer/project_thesis_code/new_data/143/train-00031-of-00803_1215.wav,/Users/tavantai/Developer/project_thesis_code/processed/E0/143/train-00031-of-00803_1215.wav,processed,16000,1,48000,16000,1,48000,3.0,3.0,
/Users/tavantai/Developer/project_thesis_code/new_data/143/train-00031-of-00803_1216.wav,/Users/tavantai/Developer/project_thesis_code/processed/E0/143/train-00031-of-00803_1216.wav,processed,16000,1,48000,16000,1,48000,3.0,3.0,
/Users/tavantai/Developer/project_thesis_code/new_data/143/train-00031-of-00803_1217.wav,/Users/tavantai/Developer/project_thesis_code/processed/E0/143/train-00031-of-00803_1217.wav,processed,16000,1,48000,16000,1,48000,3.0,3.0,
/Users/tavantai/Developer/project_thesis_code/new_data/143/train-00031-of-00803_1218.wav,/Users/tavantai/Developer/project_thesis_code/processed/E0/143/train-00031-of-00803_1218.wav,processed,16000,1,48000,16000,1,48000,3.0,3.0,
/Users/tavantai/Developer/project_thesis_code/new_data/143/train-00031-of-00803_1219.wav,/Users/tavantai/Developer/project_thesis_code/processed/E0/143/train-00031-of-00803_1219.wav,processed,16000,1,48000,16000,1,48000,3.0,3.0,
/Users/tavantai/Developer/project_thesis_code/new_data/143/train-00031-of-00803_1220.wav,/Users/tavantai/Developer/project_thesis_code/processed/E0/143/train-00031-of-00803_1220.wav,processed,16000,1,48000,16000,1,48000,3.0,3.0,
/Users/tavantai/Developer/project_thesis_code/new_data/143/train-00031-of-00803_1221.wav,/Users/tavantai/Developer/project_thesis_code/processed/E0/143/train-00031-of-00803_1221.wav,processed,16000,1,48000,16000,1,48000,3.0,3.0,
/Users/tavantai/Developer/project_thesis_code/new_data/143/train-00031-of-00803_1222.wav,/Users/tavantai/Developer/project_thesis_code/processed/E0/143/train-00031-of-00803_1222.wav,processed,16000,1,48000,16000,1,48000,3.0,3.0,
/Users/tavantai/Developer/project_thesis_code/new_data/143/train-00031-of-00803_1223.wav,/Users/tavantai/Developer/project_thesis_code/processed/E0/143/train-00031-of-00803_1223.wav,processed,16000,1,48000,16000,1,48000,3.0,3.0,
/Users/tavantai/Developer/project_thesis_code/new_data/143/train-00031-of-00803_1224.wav,/Users/tavantai/Developer/project_thesis_code/processed/E0/143/train-00031-of-00803_1224.wav,processed,16000,1,48000,16000,1,48000,3.0,3.0,
/Users/tavantai/Developer/project_thesis_code/new_data/143/train-00031-of-00803_1225.wav,/Users/tavantai/Developer/project_thesis_code/processed/E0/143/train-00031-of-00803_1225.wav,processed,16000,1,48000,16000,1,48000,3.0,3.0,
/Users/tavantai/Developer/project_thesis_code/new_data/143/train-00031-of-00803_1226.wav,/Users/tavantai/Developer/project_thesis_code/processed/E0/143/train-00031-of-00803_1226.wav,processed,16000,1,48000,16000,1,48000,3.0,3.0,
/Users/tavantai/Developer/project_thesis_code/new_data/143/train-00031-of-00803_1227.wav,/Users/tavantai/Developer/project_thesis_code/processed/E0/143/train-00031-of-00803_1227.wav,processed,16000,1,48000,16000,1,48000,3.0,3.0,
/Users/tavantai/Developer/project_thesis_code/new_data/143/train-00031-of-00803_1228.wav,/Users/tavantai/Developer/project_thesis_code/processed/E0/143/train-00031-of-00803_1228.wav,processed,16000,1,48000,16000,1,48000,3.0,3.0,
/Users/tavantai/Developer/project_thesis_code/new_data/143/train-00031-of-00803_1229.wav,/Users/tavantai/Developer/project_thesis_code/processed/E0/143/train-00031-of-00803_1229.wav,processed,16000,1,48000,16000,1,48000,3.0,3.0,
/Users/tavantai/Developer/project_thesis_code/new_data/143/train-00031-of-00803_1230.wav,/Users/tavantai/Developer/project_thesis_code/processed/E0/143/train-00031-of-00803_1230.wav,processed,16000,1,48000,16000,1,48000,3.0,3.0,
/Users/tavantai/Developer/project_thesis_code/new_data/143/train-00031-of-00803_1231.wav,/Users/tavantai/Developer/project_thesis_code/processed/E0/143/train-00031-of-00803_1231.wav,processed,16000,1,48000,16000,1,48000,3.0,3.0,
/Users/tavantai/Developer/project_thesis_code/new_data/143/train-00031-of-00803_1232.wav,/Users/tavantai/Developer/project_thesis_code/processed/E0/143/train-00031-of-00803_1232.wav,processed,16000,1,48000,16000,1,48000,3.0,3.0,
/Users/tavantai/Developer/project_thesis_code/new_data/143/train-00031-of-00803_1233.wav,/Users/tavantai/Developer/project_thesis_code/processed/E0/143/train-00031-of-00803_1233.wav,processed,16000,1,48000,16000,1,48000,3.0,3.0,
/Users/tavantai/Developer/project_thesis_code/new_data/143/train-00031-of-00803_1234.wav,/Users/tavantai/Developer/project_thesis_code/processed/E0/143/train-00031-of-00803_1234.wav,processed,16000,1,48000,16000,1,48000,3.0,3.0,
/Users/tavantai/Developer/project_thesis_code/new_data/143/train-00031-of-00803_1235.wav,/Users/tavantai/Developer/project_thesis_code/processed/E0/143/train-00031-of-00803_1235.wav,processed,16000,1,48000,16000,1,48000,3.0,3.0,
/Users/tavantai/Developer/project_thesis_code/new_data/143/train-00031-of-00803_1236.wav,/Users/tavantai/Developer/project_thesis_code/processed/E0/143/train-00031-of-00803_1236.wav,processed,16000,1,48000,16000,1,48000,3.0,3.0,
/Users/tavantai/Developer/project_thesis_code/new_data/143/train-00031-of-00803_1237.wav,/Users/tavantai/Developer/project_thesis_code/processed/E0/143/train-00031-of-00803_1237.wav,processed,16000,1,48000,16000,1,48000,3.0,3.0,
/Users/tavantai/Developer/project_thesis_code/new_data/143/train-00031-of-00803_1238.wav,/Users/tavantai/Developer/project_thesis_code/processed/E0/143/train-00031-of-00803_1238.wav,processed,16000,1,48000,16000,1,48000,3.0,3.0,
/Users/tavantai/Developer/project_thesis_code/new_data/143/train-00031-of-00803_1239.wav,/Users/tavantai/Developer/project_thesis_code/processed/E0/143/train-00031-of-00803_1239.wav,processed,16000,1,48000,16000,1,48000,3.0,3.0,
/Users/tavantai/Developer/project_thesis_code/new_data/143/train-00031-of-00803_1240.wav,/Users/tavantai/Developer/project_thesis_code/processed/E0/143/train-00031-of-00803_1240.wav,processed,16000,1,48000,16000,1,48000,3.0,3.0,
/Users/tavantai/Developer/project_thesis_code/new_data/143/train-00031-of-00803_1241.wav,/Users/tavantai/Developer/project_thesis_code/processed/E0/143/train-00031-of-00803_1241.wav,processed,16000,1,48000,16000,1,48000,3.0,3.0,
/Users/tavantai/Developer/project_thesis_code/new_data/143/train-00031-of-00803_1242.wav,/Users/tavantai/Developer/project_thesis_code/processed/E0/143/train-00031-of-00803_1242.wav,processed,16000,1,48000,16000,1,48000,3.0,3.0,
/Users/tavantai/Developer/project_thesis_code/new_data/143/train-00031-of-00803_1243.wav,/Users/tavantai/Developer/project_thesis_code/processed/E0/143/train-00031-of-00803_1243.wav,processed,16000,1,48000,16000,1,48000,3.0,3.0,
/Users/tavantai/Developer/project_thesis_code/new_data/143/train-00031-of-00803_1244.wav,/Users/tavantai/Developer/project_thesis_code/processed/E0/143/train-00031-of-00803_1244.wav,processed,16000,1,48000,16000,1,48000,3.0,3.0,
/Users/tavantai/Developer/project_thesis_code/new_data/143/train-00031-of-00803_1245.wav,/Users/tavantai/Developer/project_thesis_code/processed/E0/143/train-00031-of-00803_1245.wav,processed,16000,1,48000,16000,1,48000,3.0,3.0,
/Users/tavantai/Developer/project_thesis_code/new_data/143/train-00031-of-00803_1246.wav,/Users/tavantai/Developer/project_thesis_code/processed/E0/143/train-00031-of-00803_1246.wav,processed,16000,1,48000,16000,1,48000,3.0,3.0,
/Users/tavantai/Developer/project_thesis_code/new_data/143/train-00031-of-00803_1247.wav,/Users/tavantai/Developer/project_thesis_code/processed/E0/143/train-00031-of-00803_1247.wav,processed,16000,1,48000,16000,1,48000,3.0,3.0,
/Users/tavantai/Developer/project_thesis_code/new_data/143/train-00031-of-00803_1248.wav,/Users/tavantai/Developer/project_thesis_code/processed/E0/143/train-00031-of-00803_1248.wav,processed,16000,1,48000,16000,1,48000,3.0,3.0,
/Users/tavantai/Developer/project_thesis_code/new_data/143/train-00031-of-00803_1249.wav,/Users/tavantai/Developer/project_thesis_code/processed/E0/143/train-00031-of-00803_1249.wav,processed,16000,1,48000,16000,1,48000,3.0,3.0,
/Users/tavantai/Developer/project_thesis_code/new_data/143/train-00031-of-00803_1250.wav,/Users/tavantai/Developer/project_thesis_code/processed/E0/143/train-00031-of-00803_1250.wav,processed,16000,1,48000,16000,1,48000,3.0,3.0,
/Users/tavantai/Developer/project_thesis_code/new_data/143/train-00031-of-00803_1251.wav,/Users/tavantai/Developer/project_thesis_code/processed/E0/143/train-00031-of-00803_1251.wav,processed,16000,1,48000,16000,1,48000,3.0,3.0,
/Users/tavantai/Developer/project_thesis_code/new_data/143/train-00031-of-00803_1252.wav,/Users/tavantai/Developer/project_thesis_code/processed/E0/143/train-00031-of-00803_1252.wav,processed,16000,1,48000,16000,1,48000,3.0,3.0,
/Users/tavantai/Developer/project_thesis_code/new_data/143/train-00031-of-00803_1253.wav,/Users/tavantai/Developer/project_thesis_code/processed/E0/143/train-00031-of-00803_1253.wav,processed,16000,1,48000,16000,1,48000,3.0,3.0,
/Users/tavantai/Developer/project_thesis_code/new_data/143/train-00031-of-00803_1254.wav,/Users/tavantai/Developer/project_thesis_code/processed/E0/143/train-00031-of-00803_1254.wav,processed,16000,1,48000,16000,1,48000,3.0,3.0,
/Users/tavantai/Developer/project_thesis_code/new_data/143/train-00031-of-00803_1255.wav,/Users/tavantai/Developer/project_thesis_code/processed/E0/143/train-00031-of-00803_1255.wav,processed,16000,1,48000,16000,1,48000,3.0,3.0,
/Users/tavantai/Developer/project_thesis_code/new_data/143/train-00031-of-00803_1256.wav,/Users/tavantai/Developer/project_thesis_code/processed/E0/143/train-00031-of-00803_1256.wav,processed,16000,1,48000,16000,1,48000,3.0,3.0,
/Users/tavantai/Developer/project_thesis_code/new_data/143/train-00031-of-00803_1257.wav,/Users/tavantai/Developer/project_thesis_code/processed/E0/143/train-00031-of-00803_1257.wav,processed,16000,1,48000,16000,1,48000,3.0,3.0,
/Users/tavantai/Developer/project_thesis_code/new_data/143/train-00031-of-00803_1258.wav,/Users/tavantai/Developer/project_thesis_code/processed/E0/143/train-00031-of-00803_1258.wav,processed,16000,1,48000,16000,1,48000,3.0,3.0,
/Users/tavantai/Developer/project_thesis_code/new_data/143/train-00031-of-00803_1259.wav,/Users/tavantai/Developer/project_thesis_code/processed/E0/143/train-00031-of-00803_1259.wav,processed,16000,1,48000,16000,1,48000,3.0,3.0,
/Users/tavantai/Developer/project_thesis_code/new_data/143/train-00031-of-00803_1260.wav,/Users/tavantai/Developer/project_thesis_code/processed/E0/143/train-00031-of-00803_1260.wav,processed,16000,1,48000,16000,1,48000,3.0,3.0,
/Users/tavantai/Developer/project_thesis_code/new_data/143/train-00031-of-00803_1261.wav,/Users/tavantai/Developer/project_thesis_code/processed/E0/143/train-00031-of-00803_1261.wav,processed,16000,1,48000,16000,1,48000,3.0,3.0,
/Users/tavantai/Developer/project_thesis_code/new_data/143/train-00031-of-00803_1262.wav,/Users/tavantai/Developer/project_thesis_code/processed/E0/143/train-00031-of-00803_1262.wav,processed,16000,1,48000,16000,1,48000,3.0,3.0,
/Users/tavantai/Developer/project_thesis_code/new_data/143/train-00031-of-00803_1263.wav,/Users/tavantai/Developer/project_thesis_code/processed/E0/143/train-00031-of-00803_1263.wav,processed,16000,1,48000,16000,1,48000,3.0,3.0,
/Users/tavantai/Developer/project_thesis_code/new_data/143/train-00031-of-00803_1264.wav,/Users/tavantai/Developer/project_thesis_code/processed/E0/143/train-00031-of-00803_1264.wav,processed,16000,1,48000,16000,1,48000,3.0,3.0,
/Users/tavantai/Developer/project_thesis_code/new_data/143/train-00031-of-00803_1265.wav,/Users/tavantai/Developer/project_thesis_code/processed/E0/143/train-00031-of-00803_1265.wav,processed,16000,1,48000,16000,1,48000,3.0,3.0,
/Users/tavantai/Developer/project_thesis_code/new_data/143/train-00031-of-00803_1266.wav,/Users/tavantai/Developer/project_thesis_code/processed/E0/143/train-00031-of-00803_1266.wav,processed,16000,1,48000,16000,1,48000,3.0,3.0,
/Users/tavantai/Developer/project_thesis_code/new_data/143/train-00031-of-00803_1267.wav,/Users/tavantai/Developer/project_thesis_code/processed/E0/143/train-00031-of-00803_1267.wav,processed,16000,1,48000,16000,1,48000,3.0,3.0,
/Users/tavantai/Developer/project_thesis_code/new_data/143/train-00031-of-00803_1268.wav,/Users/tavantai/Developer/project_thesis_code/processed/E0/143/train-00031-of-00803_1268.wav,processed,16000,1,48000,16000,1,48000,3.0,3.0,
/Users/tavantai/Developer/project_thesis_code/new_data/143/train-00031-of-00803_1269.wav,/Users/tavantai/Developer/project_thesis_code/processed/E0/143/train-00031-of-00803_1269.wav,processed,16000,1,48000,16000,1,48000,3.0,3.0,
/Users/tavantai/Developer/project_thesis_code/new_data/143/train-00031-of-00803_1270.wav,/Users/tavantai/Developer/project_thesis_code/processed/E0/143/train-00031-of-00803_1270.wav,processed,16000,1,48000,16000,1,48000,3.0,3.0,
/Users/tavantai/Developer/project_thesis_code/new_data/143/train-00031-of-00803_1271.wav,/Users/tavantai/Developer/project_thesis_code/processed/E0/143/train-00031-of-00803_1271.wav,processed,16000,1,48000,16000,1,48000,3.0,3.0,
/Users/tavantai/Developer/project_thesis_code/new_data/143/train-00031-of-00803_1272.wav,/Users/tavantai/Developer/project_thesis_code/processed/E0/143/train-00031-of-00803_1272.wav,processed,16000,1,48000,16000,1,48000,3.0,3.0,
/Users/tavantai/Developer/project_thesis_code/new_data/143/train-00031-of-00803_1273.wav,/Users/tavantai/Developer/project_thesis_code/processed/E0/143/train-00031-of-00803_1273.wav,processed,16000,1,48000,16000,1,48000,3.0,3.0,
/Users/tavantai/Developer/project_thesis_code/new_data/143/train-00031-of-00803_1274.wav,/Users/tavantai/Developer/project_thesis_code/processed/E0/143/train-00031-of-00803_1274.wav,processed,16000,1,48000,16000,1,48000,3.0,3.0,
/Users/tavantai/Developer/project_thesis_code/new_data/143/train-00031-of-00803_1275.wav,/Users/tavantai/Developer/project_thesis_code/processed/E0/143/train-00031-of-00803_1275.wav,processed,16000,1,48000,16000,1,48000,3.0,3.0,
/Users/tavantai/Developer/project_thesis_code/new_data/143/train-00031-of-00803_1276.wav,/Users/tavantai/Developer/project_thesis_code/processed/E0/143/train-00031-of-00803_1276.wav,processed,16000,1,48000,16000,1,48000,3.0,3.0,
/Users/tavantai/Developer/project_thesis_code/new_data/143/train-00031-of-00803_1277.wav,/Users/tavantai/Developer/project_thesis_code/processed/E0/143/train-00031-of-00803_1277.wav,processed,16000,1,48000,16000,1,48000,3.0,3.0,
/Users/tavantai/Developer/project_thesis_code/new_data/143/train-00031-of-00803_1278.wav,/Users/tavantai/Developer/project_thesis_code/processed/E0/143/train-00031-of-00803_1278.wav,processed,16000,1,48000,16000,1,48000,3.0,3.0,
/Users/tavantai/Developer/project_thesis_code/new_data/143/train-00031-of-00803_1279.wav,/Users/tavantai/Developer/project_thesis_code/processed/E0/143/train-00031-of-00803_1279.wav,processed,16000,1,48000,16000,1,48000,3.0,3.0,
/Users/tavantai/Developer/project_thesis_code/new_data/143/train-00031-of-00803_1280.wav,/Users/tavantai/Developer/project_thesis_code/processed/E0/143/train-00031-of-00803_1280.wav,processed,16000,1,48000,16000,1,48000,3.0,3.0,
/Users/tavantai/Developer/project_thesis_code/new_data/143/train-00031-of-00803_1281.wav,/Users/tavantai/Developer/project_thesis_code/processed/E0/143/train-00031-of-00803_1281.wav,processed,16000,1,48000,16000,1,48000,3.0,3.0,
/Users/tavantai/Developer/project_thesis_code/new_data/143/train-00031-of-00803_1282.wav,/Users/tavantai/Developer/project_thesis_code/processed/E0/143/train-00031-of-00803_1282.wav,processed,16000,1,48000,16000,1,48000,3.0,3.0,
/Users/tavantai/Developer/project_thesis_code/new_data/143/train-00031-of-00803_1283.wav,/Users/tavantai/Developer/project_thesis_code/processed/E0/143/train-00031-of-00803_1283.wav,processed,16000,1,48000,16000,1,48000,3.0,3.0,
/Users/tavantai/Developer/project_thesis_code/new_data/143/train-00031-of-00803_1284.wav,/Users/tavantai/Developer/project_thesis_code/processed/E0/143/train-00031-of-00803_1284.wav,processed,16000,1,48000,16000,1,48000,3.0,3.0,
/Users/tavantai/Developer/project_thesis_code/new_data/143/train-00031-of-00803_1285.wav,/Users/tavantai/Developer/project_thesis_code/processed/E0/143/train-00031-of-00803_1285.wav,processed,16000,1,48000,16000,1,48000,3.0,3.0,
/Users/tavantai/Developer/project_thesis_code/new_data/143/train-00031-of-00803_1286.wav,/Users/tavantai/Developer/project_thesis_code/processed/E0/143/train-00031-of-00803_1286.wav,processed,16000,1,48000,16000,1,48000,3.0,3.0,
/Users/tavantai/Developer/project_thesis_code/new_data/143/train-00031-of-00803_1287.wav,/Users/tavantai/Developer/project_thesis_code/processed/E0/143/train-00031-of-00803_1287.wav,processed,16000,1,48000,16000,1,48000,3.0,3.0,
/Users/tavantai/Developer/project_thesis_code/new_data/143/train-00031-of-00803_1288.wav,/Users/tavantai/Developer/project_thesis_code/processed/E0/143/train-00031-of-00803_1288.wav,processed,16000,1,48000,16000,1,48000,3.0,3.0,
/Users/tavantai/Developer/project_thesis_code/new_data/143/train-00031-of-00803_1289.wav,/Users/tavantai/Developer/project_thesis_code/processed/E0/143/train-00031-of-00803_1289.wav,processed,16000,1,48000,16000,1,48000,3.0,3.0,
/Users/tavantai/Developer/project_thesis_code/new_data/143/train-00031-of-00803_1290.wav,/Users/tavantai/Developer/project_thesis_code/processed/E0/143/train-00031-of-00803_1290.wav,processed,16000,1,48000,16000,1,48000,3.0,3.0,
/Users/tavantai/Developer/project_thesis_code/new_data/143/train-00031-of-00803_1291.wav,/Users/tavantai/Developer/project_thesis_code/processed/E0/143/train-00031-of-00803_1291.wav,processed,16000,1,48000,16000,1,48000,3.0,3.0,
/Users/tavantai/Developer/project_thesis_code/new_data/143/train-00031-of-00803_1292.wav,/Users/tavantai/Developer/project_thesis_code/processed/E0/143/train-00031-of-00803_1292.wav,processed,16000,1,48000,16000,1,48000,3.0,3.0,
/Users/tavantai/Developer/project_thesis_code/new_data/143/train-00031-of-00803_1293.wav,/Users/tavantai/Developer/project_thesis_code/processed/E0/143/train-00031-of-00803_1293.wav,processed,16000,1,48000,16000,1,48000,3.0,3.0,
/Users/tavantai/Developer/project_thesis_code/new_data/143/train-00031-of-00803_1294.wav,/Users/tavantai/Developer/project_thesis_code/processed/E0/143/train-00031-of-00803_1294.wav,processed,16000,1,48000,16000,1,48000,3.0,3.0,
/Users/tavantai/Developer/project_thesis_code/new_data/143/train-00031-of-00803_1295.wav,/Users/tavantai/Developer/project_thesis_code/processed/E0/143/train-00031-of-00803_1295.wav,processed,16000,1,48000,16000,1,48000,3.0,3.0,
/Users/tavantai/Developer/project_thesis_code/new_data/143/train-00031-of-00803_1296.wav,/Users/tavantai/Developer/project_thesis_code/processed/E0/143/train-00031-of-00803_1296.wav,processed,16000,1,48000,16000,1,48000,3.0,3.0,
/Users/tavantai/Developer/project_thesis_code/new_data/143/train-00031-of-00803_1297.wav,/Users/tavantai/Developer/project_thesis_code/processed/E0/143/train-00031-of-00803_1297.wav,processed,16000,1,48000,16000,1,48000,3.0,3.0,
/Users/tavantai/Developer/project_thesis_code/new_data/143/train-00031-of-00803_1298.wav,/Users/tavantai/Developer/project_thesis_code/processed/E0/143/train-00031-of-00803_1298.wav,processed,16000,1,48000,16000,1,48000,3.0,3.0,
/Users/tavantai/Developer/project_thesis_code/new_data/143/train-00031-of-00803_435.wav,/Users/tavantai/Developer/project_thesis_code/processed/E0/143/train-00031-of-00803_435.wav,processed,16000,1,48000,16000,1,48000,3.0,3.0,
/Users/tavantai/Developer/project_thesis_code/new_data/143/train-00031-of-00803_436.wav,/Users/tavantai/Developer/project_thesis_code/processed/E0/143/train-00031-of-00803_436.wav,processed,16000,1,48000,16000,1,48000,3.0,3.0,
/Users/tavantai/Developer/project_thesis_code/new_data/143/train-00031-of-00803_437.wav,/Users/tavantai/Developer/project_thesis_code/processed/E0/143/train-00031-of-00803_437.wav,processed,16000,1,48000,16000,1,48000,3.0,3.0,
/Users/tavantai/Developer/project_thesis_code/new_data/143/train-00031-of-00803_438.wav,/Users/tavantai/Developer/project_thesis_code/processed/E0/143/train-00031-of-00803_438.wav,processed,16000,1,48000,16000,1,48000,3.0,3.0,
/Users/tavantai/Developer/project_thesis_code/new_data/143/train-00031-of-00803_439.wav,/Users/tavantai/Developer/project_thesis_code/processed/E0/143/train-00031-of-00803_439.wav,processed,16000,1,48000,16000,1,48000,3.0,3.0,
/Users/tavantai/Developer/project_thesis_code/new_data/143/train-00031-of-00803_440.wav,/Users/tavantai/Developer/project_thesis_code/processed/E0/143/train-00031-of-00803_440.wav,processed,16000,1,48000,16000,1,48000,3.0,3.0,
/Users/tavantai/Developer/project_thesis_code/new_data/143/train-00031-of-00803_441.wav,/Users/tavantai/Developer/project_thesis_code/processed/E0/143/train-00031-of-00803_441.wav,processed,16000,1,48000,16000,1,48000,3.0,3.0,
/Users/tavantai/Developer/project_thesis_code/new_data/143/train-00031-of-00803_442.wav,/Users/tavantai/Developer/project_thesis_code/processed/E0/143/train-00031-of-00803_442.wav,processed,16000,1,48000,16000,1,48000,3.0,3.0,
/Users/tavantai/Developer/project_thesis_code/new_data/143/train-00031-of-00803_443.wav,/Users/tavantai/Developer/project_thesis_code/processed/E0/143/train-00031-of-00803_443.wav,processed,16000,1,48000,16000,1,48000,3.0,3.0,
/Users/tavantai/Developer/project_thesis_code/new_data/143/train-00031-of-00803_444.wav,/Users/tavantai/Developer/project_thesis_code/processed/E0/143/train-00031-of-00803_444.wav,processed,16000,1,48000,16000,1,48000,3.0,3.0,
/Users/tavantai/Developer/project_thesis_code/new_data/143/train-00031-of-00803_445.wav,/Users/tavantai/Developer/project_thesis_code/processed/E0/143/train-00031-of-00803_445.wav,processed,16000,1,48000,16000,1,48000,3.0,3.0,
/Users/tavantai/Developer/project_thesis_code/new_data/143/train-00031-of-00803_446.wav,/Users/tavantai/Developer/project_thesis_code/processed/E0/143/train-00031-of-00803_446.wav,processed,16000,1,48000,16000,1,48000,3.0,3.0,
/Users/tavantai/Developer/project_thesis_code/new_data/143/train-00031-of-00803_447.wav,/Users/tavantai/Developer/project_thesis_code/processed/E0/143/train-00031-of-00803_447.wav,processed,16000,1,48000,16000,1,48000,3.0,3.0,
/Users/tavantai/Developer/project_thesis_code/new_data/143/train-00031-of-00803_448.wav,/Users/tavantai/Developer/project_thesis_code/processed/E0/143/train-00031-of-00803_448.wav,processed,16000,1,48000,16000,1,48000,3.0,3.0,
/Users/tavantai/Developer/project_thesis_code/new_data/143/train-00031-of-00803_449.wav,/Users/tavantai/Developer/project_thesis_code/processed/E0/143/train-00031-of-00803_449.wav,processed,16000,1,48000,16000,1,48000,3.0,3.0,
/Users/tavantai/Developer/project_thesis_code/new_data/143/train-00031-of-00803_450.wav,/Users/tavantai/Developer/project_thesis_code/processed/E0/143/train-00031-of-00803_450.wav,processed,16000,1,48000,16000,1,48000,3.0,3.0,
/Users/tavantai/Developer/project_thesis_code/new_data/143/train-00031-of-00803_451.wav,/Users/tavantai/Developer/project_thesis_code/processed/E0/143/train-00031-of-00803_451.wav,processed,16000,1,48000,16000,1,48000,3.0,3.0,
/Users/tavantai/Developer/project_thesis_code/new_data/143/train-00031-of-00803_452.wav,/Users/tavantai/Developer/project_thesis_code/processed/E0/143/train-00031-of-00803_452.wav,processed,16000,1,48000,16000,1,48000,3.0,3.0,
/Users/tavantai/Developer/project_thesis_code/new_data/143/train-00031-of-00803_453.wav,/Users/tavantai/Developer/project_thesis_code/processed/E0/143/train-00031-of-00803_453.wav,processed,16000,1,48000,16000,1,48000,3.0,3.0,
/Users/tavantai/Developer/project_thesis_code/new_data/143/train-00031-of-00803_454.wav,/Users/tavantai/Developer/project_thesis_code/processed/E0/143/train-00031-of-00803_454.wav,processed,16000,1,48000,16000,1,48000,3.0,3.0,
/Users/tavantai/Developer/project_thesis_code/new_data/143/train-00031-of-00803_455.wav,/Users/tavantai/Developer/project_thesis_code/processed/E0/143/train-00031-of-00803_455.wav,processed,16000,1,48000,16000,1,48000,3.0,3.0,
/Users/tavantai/Developer/project_thesis_code/new_data/143/train-00031-of-00803_456.wav,/Users/tavantai/Developer/project_thesis_code/processed/E0/143/train-00031-of-00803_456.wav,processed,16000,1,48000,16000,1,48000,3.0,3.0,
/Users/tavantai/Developer/project_thesis_code/new_data/143/train-00031-of-00803_457.wav,/Users/tavantai/Developer/project_thesis_code/processed/E0/143/train-00031-of-00803_457.wav,processed,16000,1,48000,16000,1,48000,3.0,3.0,
/Users/tavantai/Developer/project_thesis_code/new_data/143/train-00031-of-00803_458.wav,/Users/tavantai/Developer/project_thesis_code/processed/E0/143/train-00031-of-00803_458.wav,processed,16000,1,48000,16000,1,48000,3.0,3.0,
/Users/tavantai/Developer/project_thesis_code/new_data/143/train-00031-of-00803_459.wav,/Users/tavantai/Developer/project_thesis_code/processed/E0/143/train-00031-of-00803_459.wav,processed,16000,1,48000,16000,1,48000,3.0,3.0,
/Users/tavantai/Developer/project_thesis_code/new_data/143/train-00031-of-00803_460.wav,/Users/tavantai/Developer/project_thesis_code/processed/E0/143/train-00031-of-00803_460.wav,processed,16000,1,48000,16000,1,48000,3.0,3.0,
/Users/tavantai/Developer/project_thesis_code/new_data/143/train-00031-of-00803_461.wav,/Users/tavantai/Developer/project_thesis_code/processed/E0/143/train-00031-of-00803_461.wav,processed,16000,1,48000,16000,1,48000,3.0,3.0,
/Users/tavantai/Developer/project_thesis_code/new_data/143/train-00031-of-00803_462.wav,/Users/tavantai/Developer/project_thesis_code/processed/E0/143/train-00031-of-00803_462.wav,processed,16000,1,48000,16000,1,48000,3.0,3.0,
/Users/tavantai/Developer/project_thesis_code/new_data/143/train-00031-of-00803_463.wav,/Users/tavantai/Developer/project_thesis_code/processed/E0/143/train-00031-of-00803_463.wav,processed,16000,1,48000,16000,1,48000,3.0,3.0,
/Users/tavantai/Developer/project_thesis_code/new_data/143/train-00031-of-00803_464.wav,/Users/tavantai/Developer/project_thesis_code/processed/E0/143/train-00031-of-00803_464.wav,processed,16000,1,48000,16000,1,48000,3.0,3.0,
/Users/tavantai/Developer/project_thesis_code/new_data/143/train-00031-of-00803_465.wav,/Users/tavantai/Developer/project_thesis_code/processed/E0/143/train-00031-of-00803_465.wav,processed,16000,1,48000,16000,1,48000,3.0,3.0,
/Users/tavantai/Developer/project_thesis_code/new_data/143/train-00031-of-00803_466.wav,/Users/tavantai/Developer/project_thesis_code/processed/E0/143/train-00031-of-00803_466.wav,processed,16000,1,48000,16000,1,48000,3.0,3.0,
/Users/tavantai/Developer/project_thesis_code/new_data/143/train-00031-of-00803_467.wav,/Users/tavantai/Developer/project_thesis_code/processed/E0/143/train-00031-of-00803_467.wav,processed,16000,1,48000,16000,1,48000,3.0,3.0,
/Users/tavantai/Developer/project_thesis_code/new_data/143/train-00031-of-00803_468.wav,/Users/tavantai/Developer/project_thesis_code/processed/E0/143/train-00031-of-00803_468.wav,processed,16000,1,48000,16000,1,48000,3.0,3.0,
/Users/tavantai/Developer/project_thesis_code/new_data/143/train-00031-of-00803_469.wav,/Users/tavantai/Developer/project_thesis_code/processed/E0/143/train-00031-of-00803_469.wav,processed,16000,1,48000,16000,1,48000,3.0,3.0,
/Users/tavantai/Developer/project_thesis_code/new_data/143/train-00031-of-00803_470.wav,/Users/tavantai/Developer/project_thesis_code/processed/E0/143/train-00031-of-00803_470.wav,processed,16000,1,48000,16000,1,48000,3.0,3.0,
/Users/tavantai/Developer/project_thesis_code/new_data/143/train-00031-of-00803_471.wav,/Users/tavantai/Developer/project_thesis_code/processed/E0/143/train-00031-of-00803_471.wav,processed,16000,1,48000,16000,1,48000,3.0,3.0,
/Users/tavantai/Developer/project_thesis_code/new_data/143/train-00031-of-00803_472.wav,/Users/tavantai/Developer/project_thesis_code/processed/E0/143/train-00031-of-00803_472.wav,processed,16000,1,48000,16000,1,48000,3.0,3.0,
/Users/tavantai/Developer/project_thesis_code/new_data/143/train-00031-of-00803_473.wav,/Users/tavantai/Developer/project_thesis_code/processed/E0/143/train-00031-of-00803_473.wav,processed,16000,1,48000,16000,1,48000,3.0,3.0,
/Users/tavantai/Developer/project_thesis_code/new_data/143/train-00031-of-00803_474.wav,/Users/tavantai/Developer/project_thesis_code/processed/E0/143/train-00031-of-00803_474.wav,processed,16000,1,48000,16000,1,48000,3.0,3.0,
/Users/tavantai/Developer/project_thesis_code/new_data/143/train-00031-of-00803_475.wav,/Users/tavantai/Developer/project_thesis_code/processed/E0/143/train-00031-of-00803_475.wav,processed,16000,1,48000,16000,1,48000,3.0,3.0,
/Users/tavantai/Developer/project_thesis_code/new_data/143/train-00031-of-00803_476.wav,/Users/tavantai/Developer/project_thesis_code/processed/E0/143/train-00031-of-00803_476.wav,processed,16000,1,48000,16000,1,48000,3.0,3.0,
/Users/tavantai/Developer/project_thesis_code/new_data/143/train-00031-of-00803_477.wav,/Users/tavantai/Developer/project_thesis_code/processed/E0/143/train-00031-of-00803_477.wav,processed,16000,1,48000,16000,1,48000,3.0,3.0,
/Users/tavantai/Developer/project_thesis_code/new_data/143/train-00031-of-00803_478.wav,/Users/tavantai/Developer/project_thesis_code/processed/E0/143/train-00031-of-00803_478.wav,processed,16000,1,48000,16000,1,48000,3.0,3.0,
/Users/tavantai/Developer/project_thesis_code/new_data/143/train-00031-of-00803_479.wav,/Users/tavantai/Developer/project_thesis_code/processed/E0/143/train-00031-of-00803_479.wav,processed,16000,1,48000,16000,1,48000,3.0,3.0,
/Users/tavantai/Developer/project_thesis_code/new_data/143/train-00031-of-00803_480.wav,/Users/tavantai/Developer/project_thesis_code/processed/E0/143/train-00031-of-00803_480.wav,processed,16000,1,48000,16000,1,48000,3.0,3.0,
/Users/tavantai/Developer/project_thesis_code/new_data/143/train-00031-of-00803_481.wav,/Users/tavantai/Developer/project_thesis_code/processed/E0/143/train-00031-of-00803_481.wav,processed,16000,1,48000,16000,1,48000,3.0,3.0,
/Users/tavantai/Developer/project_thesis_code/new_data/143/train-00031-of-00803_482.wav,/Users/tavantai/Developer/project_thesis_code/processed/E0/143/train-00031-of-00803_482.wav,processed,16000,1,48000,16000,1,48000,3.0,3.0,
/Users/tavantai/Developer/project_thesis_code/new_data/143/train-00031-of-00803_483.wav,/Users/tavantai/Developer/project_thesis_code/processed/E0/143/train-00031-of-00803_483.wav,processed,16000,1,48000,16000,1,48000,3.0,3.0,
/Users/tavantai/Developer/project_thesis_code/new_data/143/train-00031-of-00803_484.wav,/Users/tavantai/Developer/project_thesis_code/processed/E0/143/train-00031-of-00803_484.wav,processed,16000,1,48000,16000,1,48000,3.0,3.0,
/Users/tavantai/Developer/project_thesis_code/new_data/143/train-00031-of-00803_485.wav,/Users/tavantai/Developer/project_thesis_code/processed/E0/143/train-00031-of-00803_485.wav,processed,16000,1,48000,16000,1,48000,3.0,3.0,
/Users/tavantai/Developer/project_thesis_code/new_data/143/train-00031-of-00803_486.wav,/Users/tavantai/Developer/project_thesis_code/processed/E0/143/train-00031-of-00803_486.wav,processed,16000,1,48000,16000,1,48000,3.0,3.0,
/Users/tavantai/Developer/project_thesis_code/new_data/143/train-00031-of-00803_487.wav,/Users/tavantai/Developer/project_thesis_code/processed/E0/143/train-00031-of-00803_487.wav,processed,16000,1,48000,16000,1,48000,3.0,3.0,
/Users/tavantai/Developer/project_thesis_code/new_data/143/train-00031-of-00803_488.wav,/Users/tavantai/Developer/project_thesis_code/processed/E0/143/train-00031-of-00803_488.wav,processed,16000,1,48000,16000,1,48000,3.0,3.0,
/Users/tavantai/Developer/project_thesis_code/new_data/143/train-00031-of-00803_489.wav,/Users/tavantai/Developer/project_thesis_code/processed/E0/143/train-00031-of-00803_489.wav,processed,16000,1,48000,16000,1,48000,3.0,3.0,
/Users/tavantai/Developer/project_thesis_code/new_data/143/train-00031-of-00803_490.wav,/Users/tavantai/Developer/project_thesis_code/processed/E0/143/train-00031-of-00803_490.wav,processed,16000,1,48000,16000,1,48000,3.0,3.0,
/Users/tavantai/Developer/project_thesis_code/new_data/143/train-00031-of-00803_491.wav,/Users/tavantai/Developer/project_thesis_code/processed/E0/143/train-00031-of-00803_491.wav,processed,16000,1,48000,16000,1,48000,3.0,3.0,
/Users/tavantai/Developer/project_thesis_code/new_data/143/train-00031-of-00803_492.wav,/Users/tavantai/Developer/project_thesis_code/processed/E0/143/train-00031-of-00803_492.wav,processed,16000,1,48000,16000,1,48000,3.0,3.0,
/Users/tavantai/Developer/project_thesis_code/new_data/143/train-00031-of-00803_493.wav,/Users/tavantai/Developer/project_thesis_code/processed/E0/143/train-00031-of-00803_493.wav,processed,16000,1,48000,16000,1,48000,3.0,3.0,
/Users/tavantai/Developer/project_thesis_code/new_data/143/train-00031-of-00803_494.wav,/Users/tavantai/Developer/project_thesis_code/processed/E0/143/train-00031-of-00803_494.wav,processed,16000,1,48000,16000,1,48000,3.0,3.0,
/Users/tavantai/Developer/project_thesis_code/new_data/143/train-00031-of-00803_495.wav,/Users/tavantai/Developer/project_thesis_code/processed/E0/143/train-00031-of-00803_495.wav,processed,16000,1,48000,16000,1,48000,3.0,3.0,
/Users/tavantai/Developer/project_thesis_code/new_data/143/train-00031-of-00803_496.wav,/Users/tavantai/Developer/project_thesis_code/processed/E0/143/train-00031-of-00803_496.wav,processed,16000,1,48000,16000,1,48000,3.0,3.0,
/Users/tavantai/Developer/project_thesis_code/new_data/143/train-00031-of-00803_497.wav,/Users/tavantai/Developer/project_thesis_code/processed/E0/143/train-00031-of-00803_497.wav,processed,16000,1,48000,16000,1,48000,3.0,3.0,
/Users/tavantai/Developer/project_thesis_code/new_data/143/train-00031-of-00803_498.wav,/Users/tavantai/Developer/project_thesis_code/processed/E0/143/train-00031-of-00803_498.wav,processed,16000,1,48000,16000,1,48000,3.0,3.0,
/Users/tavantai/Developer/project_thesis_code/new_data/143/train-00031-of-00803_499.wav,/Users/tavantai/Developer/project_thesis_code/processed/E0/143/train-00031-of-00803_499.wav,processed,16000,1,48000,16000,1,48000,3.0,3.0,
/Users/tavantai/Developer/project_thesis_code/new_data/143/train-00031-of-00803_500.wav,/Users/tavantai/Developer/project_thesis_code/processed/E0/143/train-00031-of-00803_500.wav,processed,16000,1,48000,16000,1,48000,3.0,3.0,
/Users/tavantai/Developer/project_thesis_code/new_data/143/train-00031-of-00803_501.wav,/Users/tavantai/Developer/project_thesis_code/processed/E0/143/train-00031-of-00803_501.wav,processed,16000,1,48000,16000,1,48000,3.0,3.0,
/Users/tavantai/Developer/project_thesis_code/new_data/143/train-00031-of-00803_502.wav,/Users/tavantai/Developer/project_thesis_code/processed/E0/143/train-00031-of-00803_502.wav,processed,16000,1,48000,16000,1,48000,3.0,3.0,
/Users/tavantai/Developer/project_thesis_code/new_data/143/train-00031-of-00803_503.wav,/Users/tavantai/Developer/project_thesis_code/processed/E0/143/train-00031-of-00803_503.wav,processed,16000,1,48000,16000,1,48000,3.0,3.0,
/Users/tavantai/Developer/project_thesis_code/new_data/143/train-00031-of-00803_504.wav,/Users/tavantai/Developer/project_thesis_code/processed/E0/143/train-00031-of-00803_504.wav,processed,16000,1,48000,16000,1,48000,3.0,3.0,
/Users/tavantai/Developer/project_thesis_code/new_data/143/train-00031-of-00803_505.wav,/Users/tavantai/Developer/project_thesis_code/processed/E0/143/train-00031-of-00803_505.wav,processed,16000,1,48000,16000,1,48000,3.0,3.0,
/Users/tavantai/Developer/project_thesis_code/new_data/143/train-00031-of-00803_506.wav,/Users/tavantai/Developer/project_thesis_code/processed/E0/143/train-00031-of-00803_506.wav,processed,16000,1,48000,16000,1,48000,3.0,3.0,
/Users/tavantai/Developer/project_thesis_code/new_data/143/train-00031-of-00803_507.wav,/Users/tavantai/Developer/project_thesis_code/processed/E0/143/train-00031-of-00803_507.wav,processed,16000,1,48000,16000,1,48000,3.0,3.0,
/Users/tavantai/Developer/project_thesis_code/new_data/143/train-00031-of-00803_508.wav,/Users/tavantai/Developer/project_thesis_code/processed/E0/143/train-00031-of-00803_508.wav,processed,16000,1,48000,16000,1,48000,3.0,3.0,
/Users/tavantai/Developer/project_thesis_code/new_data/143/train-00031-of-00803_509.wav,/Users/tavantai/Developer/project_thesis_code/processed/E0/143/train-00031-of-00803_509.wav,processed,16000,1,48000,16000,1,48000,3.0,3.0,
/Users/tavantai/Developer/project_thesis_code/new_data/143/train-00031-of-00803_510.wav,/Users/tavantai/Developer/project_thesis_code/processed/E0/143/train-00031-of-00803_510.wav,processed,16000,1,48000,16000,1,48000,3.0,3.0,
/Users/tavantai/Developer/project_thesis_code/new_data/143/train-00031-of-00803_511.wav,/Users/tavantai/Developer/project_thesis_code/processed/E0/143/train-00031-of-00803_511.wav,processed,16000,1,48000,16000,1,48000,3.0,3.0,
/Users/tavantai/Developer/project_thesis_code/new_data/143/train-00031-of-00803_512.wav,/Users/tavantai/Developer/project_thesis_code/processed/E0/143/train-00031-of-00803_512.wav,processed,16000,1,48000,16000,1,48000,3.0,3.0,
/Users/tavantai/Developer/project_thesis_code/new_data/143/train-00031-of-00803_513.wav,/Users/tavantai/Developer/project_thesis_code/processed/E0/143/train-00031-of-00803_513.wav,processed,16000,1,48000,16000,1,48000,3.0,3.0,
/Users/tavantai/Developer/project_thesis_code/new_data/143/train-00031-of-00803_514.wav,/Users/tavantai/Developer/project_thesis_code/processed/E0/143/train-00031-of-00803_514.wav,processed,16000,1,48000,16000,1,48000,3.0,3.0,
/Users/tavantai/Developer/project_thesis_code/new_data/143/train-00031-of-00803_515.wav,/Users/tavantai/Developer/project_thesis_code/processed/E0/143/train-00031-of-00803_515.wav,processed,16000,1,48000,16000,1,48000,3.0,3.0,
/Users/tavantai/Developer/project_thesis_code/new_data/143/train-00031-of-00803_516.wav,/Users/tavantai/Developer/project_thesis_code/processed/E0/143/train-00031-of-00803_516.wav,processed,16000,1,48000,16000,1,48000,3.0,3.0,
/Users/tavantai/Developer/project_thesis_code/new_data/143/train-00031-of-00803_517.wav,/Users/tavantai/Developer/project_thesis_code/processed/E0/143/train-00031-of-00803_517.wav,processed,16000,1,48000,16000,1,48000,3.0,3.0,
/Users/tavantai/Developer/project_thesis_code/new_data/143/train-00031-of-00803_518.wav,/Users/tavantai/Developer/project_thesis_code/processed/E0/143/train-00031-of-00803_518.wav,processed,16000,1,48000,16000,1,48000,3.0,3.0,
/Users/tavantai/Developer/project_thesis_code/new_data/143/train-00031-of-00803_519.wav,/Users/tavantai/Developer/project_thesis_code/processed/E0/143/train-00031-of-00803_519.wav,processed,16000,1,48000,16000,1,48000,3.0,3.0,
/Users/tavantai/Developer/project_thesis_code/new_data/143/train-00031-of-00803_520.wav,/Users/tavantai/Developer/project_thesis_code/processed/E0/143/train-00031-of-00803_520.wav,processed,16000,1,48000,16000,1,48000,3.0,3.0,
/Users/tavantai/Developer/project_thesis_code/new_data/143/train-00031-of-00803_521.wav,/Users/tavantai/Developer/project_thesis_code/processed/E0/143/train-00031-of-00803_521.wav,processed,16000,1,48000,16000,1,48000,3.0,3.0,
/Users/tavantai/Developer/project_thesis_code/new_data/143/train-00031-of-00803_522.wav,/Users/tavantai/Developer/project_thesis_code/processed/E0/143/train-00031-of-00803_522.wav,processed,16000,1,48000,16000,1,48000,3.0,3.0,
/Users/tavantai/Developer/project_thesis_code/new_data/143/train-00031-of-00803_523.wav,/Users/tavantai/Developer/project_thesis_code/processed/E0/143/train-00031-of-00803_523.wav,processed,16000,1,48000,16000,1,48000,3.0,3.0,
/Users/tavantai/Developer/project_thesis_code/new_data/143/train-00031-of-00803_524.wav,/Users/tavantai/Developer/project_thesis_code/processed/E0/143/train-00031-of-00803_524.wav,processed,16000,1,48000,16000,1,48000,3.0,3.0,
/Users/tavantai/Developer/project_thesis_code/new_data/143/train-00031-of-00803_525.wav,/Users/tavantai/Developer/project_thesis_code/processed/E0/143/train-00031-of-00803_525.wav,processed,16000,1,48000,16000,1,48000,3.0,3.0,
/Users/tavantai/Developer/project_thesis_code/new_data/143/train-00031-of-00803_526.wav,/Users/tavantai/Developer/project_thesis_code/processed/E0/143/train-00031-of-00803_526.wav,processed,16000,1,48000,16000,1,48000,3.0,3.0,
/Users/tavantai/Developer/project_thesis_code/new_data/143/train-00031-of-00803_527.wav,/Users/tavantai/Developer/project_thesis_code/processed/E0/143/train-00031-of-00803_527.wav,processed,16000,1,48000,16000,1,48000,3.0,3.0,
/Users/tavantai/Developer/project_thesis_code/new_data/143/train-00031-of-00803_528.wav,/Users/tavantai/Developer/project_thesis_code/processed/E0/143/train-00031-of-00803_528.wav,processed,16000,1,48000,16000,1,48000,3.0,3.0,
/Users/tavantai/Developer/project_thesis_code/new_data/143/train-00031-of-00803_529.wav,/Users/tavantai/Developer/project_thesis_code/processed/E0/143/train-00031-of-00803_529.wav,processed,16000,1,48000,16000,1,48000,3.0,3.0,
/Users/tavantai/Developer/project_thesis_code/new_data/143/train-00031-of-00803_530.wav,/Users/tavantai/Developer/project_thesis_code/processed/E0/143/train-00031-of-00803_530.wav,processed,16000,1,48000,16000,1,48000,3.0,3.0,
/Users/tavantai/Developer/project_thesis_code/new_data/143/train-00031-of-00803_531.wav,/Users/tavantai/Developer/project_thesis_code/processed/E0/143/train-00031-of-00803_531.wav,processed,16000,1,48000,16000,1,48000,3.0,3.0,
/Users/tavantai/Developer/project_thesis_code/new_data/143/train-00031-of-00803_532.wav,/Users/tavantai/Developer/project_thesis_code/processed/E0/143/train-00031-of-00803_532.wav,processed,16000,1,48000,16000,1,48000,3.0,3.0,
/Users/tavantai/Developer/project_thesis_code/new_data/143/train-00031-of-00803_533.wav,/Users/tavantai/Developer/project_thesis_code/processed/E0/143/train-00031-of-00803_533.wav,processed,16000,1,48000,16000,1,48000,3.0,3.0,
/Users/tavantai/Developer/project_thesis_code/new_data/143/train-00031-of-00803_534.wav,/Users/tavantai/Developer/project_thesis_code/processed/E0/143/train-00031-of-00803_534.wav,processed,16000,1,48000,16000,1,48000,3.0,3.0,
/Users/tavantai/Developer/project_thesis_code/new_data/143/train-00031-of-00803_535.wav,/Users/tavantai/Developer/project_thesis_code/processed/E0/143/train-00031-of-00803_535.wav,processed,16000,1,48000,16000,1,48000,3.0,3.0,
/Users/tavantai/Developer/project_thesis_code/new_data/143/train-00031-of-00803_536.wav,/Users/tavantai/Developer/project_thesis_code/processed/E0/143/train-00031-of-00803_536.wav,processed,16000,1,48000,16000,1,48000,3.0,3.0,
/Users/tavantai/Developer/project_thesis_code/new_data/143/train-00031-of-00803_537.wav,/Users/tavantai/Developer/project_thesis_code/processed/E0/143/train-00031-of-00803_537.wav,processed,16000,1,48000,16000,1,48000,3.0,3.0,
/Users/tavantai/Developer/project_thesis_code/new_data/143/train-00031-of-00803_538.wav,/Users/tavantai/Developer/project_thesis_code/processed/E0/143/train-00031-of-00803_538.wav,processed,16000,1,48000,16000,1,48000,3.0,3.0,
/Users/tavantai/Developer/project_thesis_code/new_data/143/train-00031-of-00803_539.wav,/Users/tavantai/Developer/project_thesis_code/processed/E0/143/train-00031-of-00803_539.wav,processed,16000,1,48000,16000,1,48000,3.0,3.0,
/Users/tavantai/Developer/project_thesis_code/new_data/143/train-00031-of-00803_540.wav,/Users/tavantai/Developer/project_thesis_code/processed/E0/143/train-00031-of-00803_540.wav,processed,16000,1,48000,16000,1,48000,3.0,3.0,
/Users/tavantai/Developer/project_thesis_code/new_data/143/train-00031-of-00803_541.wav,/Users/tavantai/Developer/project_thesis_code/processed/E0/143/train-00031-of-00803_541.wav,processed,16000,1,48000,16000,1,48000,3.0,3.0,
/Users/tavantai/Developer/project_thesis_code/new_data/143/train-00031-of-00803_542.wav,/Users/tavantai/Developer/project_thesis_code/processed/E0/143/train-00031-of-00803_542.wav,processed,16000,1,48000,16000,1,48000,3.0,3.0,
/Users/tavantai/Developer/project_thesis_code/new_data/143/train-00031-of-00803_543.wav,/Users/tavantai/Developer/project_thesis_code/processed/E0/143/train-00031-of-00803_543.wav,processed,16000,1,48000,16000,1,48000,3.0,3.0,
/Users/tavantai/Developer/project_thesis_code/new_data/143/train-00031-of-00803_544.wav,/Users/tavantai/Developer/project_thesis_code/processed/E0/143/train-00031-of-00803_544.wav,processed,16000,1,48000,16000,1,48000,3.0,3.0,
/Users/tavantai/Developer/project_thesis_code/new_data/143/train-00031-of-00803_545.wav,/Users/tavantai/Developer/project_thesis_code/processed/E0/143/train-00031-of-00803_545.wav,processed,16000,1,48000,16000,1,48000,3.0,3.0,
/Users/tavantai/Developer/project_thesis_code/new_data/143/train-00031-of-00803_546.wav,/Users/tavantai/Developer/project_thesis_code/processed/E0/143/train-00031-of-00803_546.wav,processed,16000,1,48000,16000,1,48000,3.0,3.0,
/Users/tavantai/Developer/project_thesis_code/new_data/143/train-00031-of-00803_547.wav,/Users/tavantai/Developer/project_thesis_code/processed/E0/143/train-00031-of-00803_547.wav,processed,16000,1,48000,16000,1,48000,3.0,3.0,
/Users/tavantai/Developer/project_thesis_code/new_data/143/train-00031-of-00803_548.wav,/Users/tavantai/Developer/project_thesis_code/processed/E0/143/train-00031-of-00803_548.wav,processed,16000,1,48000,16000,1,48000,3.0,3.0,
/Users/tavantai/Developer/project_thesis_code/new_data/143/train-00031-of-00803_549.wav,/Users/tavantai/Developer/project_thesis_code/processed/E0/143/train-00031-of-00803_549.wav,processed,16000,1,48000,16000,1,48000,3.0,3.0,
/Users/tavantai/Developer/project_thesis_code/new_data/143/train-00031-of-00803_550.wav,/Users/tavantai/Developer/project_thesis_code/processed/E0/143/train-00031-of-00803_550.wav,processed,16000,1,48000,16000,1,48000,3.0,3.0,
/Users/tavantai/Developer/project_thesis_code/new_data/143/train-00031-of-00803_551.wav,/Users/tavantai/Developer/project_thesis_code/processed/E0/143/train-00031-of-00803_551.wav,processed,16000,1,48000,16000,1,48000,3.0,3.0,
/Users/tavantai/Developer/project_thesis_code/new_data/143/train-00031-of-00803_552.wav,/Users/tavantai/Developer/project_thesis_code/processed/E0/143/train-00031-of-00803_552.wav,processed,16000,1,48000,16000,1,48000,3.0,3.0,
/Users/tavantai/Developer/project_thesis_code/new_data/143/train-00031-of-00803_553.wav,/Users/tavantai/Developer/project_thesis_code/processed/E0/143/train-00031-of-00803_553.wav,processed,16000,1,48000,16000,1,48000,3.0,3.0,
/Users/tavantai/Developer/project_thesis_code/new_data/143/train-00031-of-00803_554.wav,/Users/tavantai/Developer/project_thesis_code/processed/E0/143/train-00031-of-00803_554.wav,processed,16000,1,48000,16000,1,48000,3.0,3.0,
/Users/tavantai/Developer/project_thesis_code/new_data/143/train-00031-of-00803_555.wav,/Users/tavantai/Developer/project_thesis_code/processed/E0/143/train-00031-of-00803_555.wav,processed,16000,1,48000,16000,1,48000,3.0,3.0,
/Users/tavantai/Developer/project_thesis_code/new_data/143/train-00031-of-00803_556.wav,/Users/tavantai/Developer/project_thesis_code/processed/E0/143/train-00031-of-00803_556.wav,processed,16000,1,48000,16000,1,48000,3.0,3.0,
/Users/tavantai/Developer/project_thesis_code/new_data/143/train-00031-of-00803_557.wav,/Users/tavantai/Developer/project_thesis_code/processed/E0/143/train-00031-of-00803_557.wav,processed,16000,1,48000,16000,1,48000,3.0,3.0,
/Users/tavantai/Developer/project_thesis_code/new_data/143/train-00031-of-00803_558.wav,/Users/tavantai/Developer/project_thesis_code/processed/E0/143/train-00031-of-00803_558.wav,processed,16000,1,48000,16000,1,48000,3.0,3.0,
/Users/tavantai/Developer/project_thesis_code/new_data/143/train-00031-of-00803_559.wav,/Users/tavantai/Developer/project_thesis_code/processed/E0/143/train-00031-of-00803_559.wav,processed,16000,1,48000,16000,1,48000,3.0,3.0,
/Users/tavantai/Developer/project_thesis_code/new_data/143/train-00031-of-00803_560.wav,/Users/tavantai/Developer/project_thesis_code/processed/E0/143/train-00031-of-00803_560.wav,processed,16000,1,48000,16000,1,48000,3.0,3.0,
/Users/tavantai/Developer/project_thesis_code/new_data/143/train-00031-of-00803_561.wav,/Users/tavantai/Developer/project_thesis_code/processed/E0/143/train-00031-of-00803_561.wav,processed,16000,1,48000,16000,1,48000,3.0,3.0,
/Users/tavantai/Developer/project_thesis_code/new_data/143/train-00031-of-00803_562.wav,/Users/tavantai/Developer/project_thesis_code/processed/E0/143/train-00031-of-00803_562.wav,processed,16000,1,48000,16000,1,48000,3.0,3.0,
/Users/tavantai/Developer/project_thesis_code/new_data/143/train-00031-of-00803_563.wav,/Users/tavantai/Developer/project_thesis_code/processed/E0/143/train-00031-of-00803_563.wav,processed,16000,1,48000,16000,1,48000,3.0,3.0,
/Users/tavantai/Developer/project_thesis_code/new_data/143/train-00031-of-00803_564.wav,/Users/tavantai/Developer/project_thesis_code/processed/E0/143/train-00031-of-00803_564.wav,processed,16000,1,48000,16000,1,48000,3.0,3.0,
/Users/tavantai/Developer/project_thesis_code/new_data/143/train-00031-of-00803_565.wav,/Users/tavantai/Developer/project_thesis_code/processed/E0/143/train-00031-of-00803_565.wav,processed,16000,1,48000,16000,1,48000,3.0,3.0,
/Users/tavantai/Developer/project_thesis_code/new_data/143/train-00031-of-00803_566.wav,/Users/tavantai/Developer/project_thesis_code/processed/E0/143/train-00031-of-00803_566.wav,processed,16000,1,48000,16000,1,48000,3.0,3.0,
/Users/tavantai/Developer/project_thesis_code/new_data/143/train-00031-of-00803_567.wav,/Users/tavantai/Developer/project_thesis_code/processed/E0/143/train-00031-of-00803_567.wav,processed,16000,1,48000,16000,1,48000,3.0,3.0,
/Users/tavantai/Developer/project_thesis_code/new_data/143/train-00031-of-00803_568.wav,/Users/tavantai/Developer/project_thesis_code/processed/E0/143/train-00031-of-00803_568.wav,processed,16000,1,48000,16000,1,48000,3.0,3.0,
/Users/tavantai/Developer/project_thesis_code/new_data/143/train-00031-of-00803_569.wav,/Users/tavantai/Developer/project_thesis_code/processed/E0/143/train-00031-of-00803_569.wav,processed,16000,1,48000,16000,1,48000,3.0,3.0,
/Users/tavantai/Developer/project_thesis_code/new_data/143/train-00031-of-00803_570.wav,/Users/tavantai/Developer/project_thesis_code/processed/E0/143/train-00031-of-00803_570.wav,processed,16000,1,48000,16000,1,48000,3.0,3.0,
/Users/tavantai/Developer/project_thesis_code/new_data/143/train-00031-of-00803_571.wav,/Users/tavantai/Developer/project_thesis_code/processed/E0/143/train-00031-of-00803_571.wav,processed,16000,1,48000,16000,1,48000,3.0,3.0,
/Users/tavantai/Developer/project_thesis_code/new_data/143/train-00031-of-00803_572.wav,/Users/tavantai/Developer/project_thesis_code/processed/E0/143/train-00031-of-00803_572.wav,processed,16000,1,48000,16000,1,48000,3.0,3.0,
/Users/tavantai/Developer/project_thesis_code/new_data/143/train-00031-of-00803_573.wav,/Users/tavantai/Developer/project_thesis_code/processed/E0/143/train-00031-of-00803_573.wav,processed,16000,1,48000,16000,1,48000,3.0,3.0,
/Users/tavantai/Developer/project_thesis_code/new_data/143/train-00031-of-00803_574.wav,/Users/tavantai/Developer/project_thesis_code/processed/E0/143/train-00031-of-00803_574.wav,processed,16000,1,48000,16000,1,48000,3.0,3.0,
/Users/tavantai/Developer/project_thesis_code/new_data/143/train-00031-of-00803_575.wav,/Users/tavantai/Developer/project_thesis_code/processed/E0/143/train-00031-of-00803_575.wav,processed,16000,1,48000,16000,1,48000,3.0,3.0,
/Users/tavantai/Developer/project_thesis_code/new_data/143/train-00031-of-00803_576.wav,/Users/tavantai/Developer/project_thesis_code/processed/E0/143/train-00031-of-00803_576.wav,processed,16000,1,48000,16000,1,48000,3.0,3.0,
/Users/tavantai/Developer/project_thesis_code/new_data/143/train-00031-of-00803_577.wav,/Users/tavantai/Developer/project_thesis_code/processed/E0/143/train-00031-of-00803_577.wav,processed,16000,1,48000,16000,1,48000,3.0,3.0,
/Users/tavantai/Developer/project_thesis_code/new_data/143/train-00031-of-00803_578.wav,/Users/tavantai/Developer/project_thesis_code/processed/E0/143/train-00031-of-00803_578.wav,processed,16000,1,48000,16000,1,48000,3.0,3.0,
/Users/tavantai/Developer/project_thesis_code/new_data/143/train-00031-of-00803_579.wav,/Users/tavantai/Developer/project_thesis_code/processed/E0/143/train-00031-of-00803_579.wav,processed,16000,1,48000,16000,1,48000,3.0,3.0,
/Users/tavantai/Developer/project_thesis_code/new_data/143/train-00031-of-00803_580.wav,/Users/tavantai/Developer/project_thesis_code/processed/E0/143/train-00031-of-00803_580.wav,processed,16000,1,48000,16000,1,48000,3.0,3.0,
/Users/tavantai/Developer/project_thesis_code/new_data/143/train-00031-of-00803_581.wav,/Users/tavantai/Developer/project_thesis_code/processed/E0/143/train-00031-of-00803_581.wav,processed,16000,1,48000,16000,1,48000,3.0,3.0,
/Users/tavantai/Developer/project_thesis_code/new_data/143/train-00031-of-00803_582.wav,/Users/tavantai/Developer/project_thesis_code/processed/E0/143/train-00031-of-00803_582.wav,processed,16000,1,48000,16000,1,48000,3.0,3.0,
/Users/tavantai/Developer/project_thesis_code/new_data/143/train-00031-of-00803_583.wav,/Users/tavantai/Developer/project_thesis_code/processed/E0/143/train-00031-of-00803_583.wav,processed,16000,1,48000,16000,1,48000,3.0,3.0,
/Users/tavantai/Developer/project_thesis_code/new_data/143/train-00031-of-00803_584.wav,/Users/tavantai/Developer/project_thesis_code/processed/E0/143/train-00031-of-00803_584.wav,processed,16000,1,48000,16000,1,48000,3.0,3.0,
/Users/tavantai/Developer/project_thesis_code/new_data/143/train-00031-of-00803_585.wav,/Users/tavantai/Developer/project_thesis_code/processed/E0/143/train-00031-of-00803_585.wav,processed,16000,1,48000,16000,1,48000,3.0,3.0,
/Users/tavantai/Developer/project_thesis_code/new_data/143/train-00031-of-00803_586.wav,/Users/tavantai/Developer/project_thesis_code/processed/E0/143/train-00031-of-00803_586.wav,processed,16000,1,48000,16000,1,48000,3.0,3.0,
/Users/tavantai/Developer/project_thesis_code/new_data/143/train-00031-of-00803_587.wav,/Users/tavantai/Developer/project_thesis_code/processed/E0/143/train-00031-of-00803_587.wav,processed,16000,1,48000,16000,1,48000,3.0,3.0,
/Users/tavantai/Developer/project_thesis_code/new_data/143/train-00031-of-00803_588.wav,/Users/tavantai/Developer/project_thesis_code/processed/E0/143/train-00031-of-00803_588.wav,processed,16000,1,48000,16000,1,48000,3.0,3.0,
/Users/tavantai/Developer/project_thesis_code/new_data/143/train-00031-of-00803_589.wav,/Users/tavantai/Developer/project_thesis_code/processed/E0/143/train-00031-of-00803_589.wav,processed,16000,1,48000,16000,1,48000,3.0,3.0,
/Users/tavantai/Developer/project_thesis_code/new_data/143/train-00031-of-00803_590.wav,/Users/tavantai/Developer/project_thesis_code/processed/E0/143/train-00031-of-00803_590.wav,processed,16000,1,48000,16000,1,48000,3.0,3.0,
/Users/tavantai/Developer/project_thesis_code/new_data/143/train-00031-of-00803_591.wav,/Users/tavantai/Developer/project_thesis_code/processed/E0/143/train-00031-of-00803_591.wav,processed,16000,1,48000,16000,1,48000,3.0,3.0,
/Users/tavantai/Developer/project_thesis_code/new_data/143/train-00031-of-00803_592.wav,/Users/tavantai/Developer/project_thesis_code/processed/E0/143/train-00031-of-00803_592.wav,processed,16000,1,48000,16000,1,48000,3.0,3.0,
/Users/tavantai/Developer/project_thesis_code/new_data/143/train-00031-of-00803_593.wav,/Users/tavantai/Developer/project_thesis_code/processed/E0/143/train-00031-of-00803_593.wav,processed,16000,1,48000,16000,1,48000,3.0,3.0,
/Users/tavantai/Developer/project_thesis_code/new_data/143/train-00031-of-00803_594.wav,/Users/tavantai/Developer/project_thesis_code/processed/E0/143/train-00031-of-00803_594.wav,processed,16000,1,48000,16000,1,48000,3.0,3.0,
/Users/tavantai/Developer/project_thesis_code/new_data/143/train-00031-of-00803_595.wav,/Users/tavantai/Developer/project_thesis_code/processed/E0/143/train-00031-of-00803_595.wav,processed,16000,1,48000,16000,1,48000,3.0,3.0,
/Users/tavantai/Developer/project_thesis_code/new_data/143/train-00031-of-00803_596.wav,/Users/tavantai/Developer/project_thesis_code/processed/E0/143/train-00031-of-00803_596.wav,processed,16000,1,48000,16000,1,48000,3.0,3.0,
/Users/tavantai/Developer/project_thesis_code/new_data/143/train-00031-of-00803_597.wav,/Users/tavantai/Developer/project_thesis_code/processed/E0/143/train-00031-of-00803_597.wav,processed,16000,1,48000,16000,1,48000,3.0,3.0,
/Users/tavantai/Developer/project_thesis_code/new_data/143/train-00031-of-00803_598.wav,/Users/tavantai/Developer/project_thesis_code/processed/E0/143/train-00031-of-00803_598.wav,processed,16000,1,48000,16000,1,48000,3.0,3.0,
/Users/tavantai/Developer/project_thesis_code/new_data/143/train-00031-of-00803_599.wav,/Users/tavantai/Developer/project_thesis_code/processed/E0/143/train-00031-of-00803_599.wav,processed,16000,1,48000,16000,1,48000,3.0,3.0,
/Users/tavantai/Developer/project_thesis_code/new_data/143/train-00031-of-00803_600.wav,/Users/tavantai/Developer/project_thesis_code/processed/E0/143/train-00031-of-00803_600.wav,processed,16000,1,48000,16000,1,48000,3.0,3.0,
/Users/tavantai/Developer/project_thesis_code/new_data/143/train-00031-of-00803_601.wav,/Users/tavantai/Developer/project_thesis_code/processed/E0/143/train-00031-of-00803_601.wav,processed,16000,1,48000,16000,1,48000,3.0,3.0,
/Users/tavantai/Developer/project_thesis_code/new_data/143/train-00031-of-00803_602.wav,/Users/tavantai/Developer/project_thesis_code/processed/E0/143/train-00031-of-00803_602.wav,processed,16000,1,48000,16000,1,48000,3.0,3.0,
/Users/tavantai/Developer/project_thesis_code/new_data/143/train-00031-of-00803_603.wav,/Users/tavantai/Developer/project_thesis_code/processed/E0/143/train-00031-of-00803_603.wav,processed,16000,1,48000,16000,1,48000,3.0,3.0,
/Users/tavantai/Developer/project_thesis_code/new_data/143/train-00031-of-00803_604.wav,/Users/tavantai/Developer/project_thesis_code/processed/E0/143/train-00031-of-00803_604.wav,processed,16000,1,48000,16000,1,48000,3.0,3.0,
/Users/tavantai/Developer/project_thesis_code/new_data/143/train-00031-of-00803_605.wav,/Users/tavantai/Developer/project_thesis_code/processed/E0/143/train-00031-of-00803_605.wav,processed,16000,1,48000,16000,1,48000,3.0,3.0,
/Users/tavantai/Developer/project_thesis_code/new_data/143/train-00031-of-00803_606.wav,/Users/tavantai/Developer/project_thesis_code/processed/E0/143/train-00031-of-00803_606.wav,processed,16000,1,48000,16000,1,48000,3.0,3.0,
/Users/tavantai/Developer/project_thesis_code/new_data/143/train-00031-of-00803_607.wav,/Users/tavantai/Developer/project_thesis_code/processed/E0/143/train-00031-of-00803_607.wav,processed,16000,1,48000,16000,1,48000,3.0,3.0,
/Users/tavantai/Developer/project_thesis_code/new_data/143/train-00031-of-00803_608.wav,/Users/tavantai/Developer/project_thesis_code/processed/E0/143/train-00031-of-00803_608.wav,processed,16000,1,48000,16000,1,48000,3.0,3.0,
/Users/tavantai/Developer/project_thesis_code/new_data/143/train-00031-of-00803_609.wav,/Users/tavantai/Developer/project_thesis_code/processed/E0/143/train-00031-of-00803_609.wav,processed,16000,1,48000,16000,1,48000,3.0,3.0,
/Users/tavantai/Developer/project_thesis_code/new_data/143/train-00031-of-00803_610.wav,/Users/tavantai/Developer/project_thesis_code/processed/E0/143/train-00031-of-00803_610.wav,processed,16000,1,48000,16000,1,48000,3.0,3.0,
/Users/tavantai/Developer/project_thesis_code/new_data/143/train-00031-of-00803_611.wav,/Users/tavantai/Developer/project_thesis_code/processed/E0/143/train-00031-of-00803_611.wav,processed,16000,1,48000,16000,1,48000,3.0,3.0,
/Users/tavantai/Developer/project_thesis_code/new_data/143/train-00031-of-00803_612.wav,/Users/tavantai/Developer/project_thesis_code/processed/E0/143/train-00031-of-00803_612.wav,processed,16000,1,48000,16000,1,48000,3.0,3.0,
/Users/tavantai/Developer/project_thesis_code/new_data/143/train-00031-of-00803_613.wav,/Users/tavantai/Developer/project_thesis_code/processed/E0/143/train-00031-of-00803_613.wav,processed,16000,1,48000,16000,1,48000,3.0,3.0,
/Users/tavantai/Developer/project_thesis_code/new_data/143/train-00031-of-00803_614.wav,/Users/tavantai/Developer/project_thesis_code/processed/E0/143/train-00031-of-00803_614.wav,processed,16000,1,48000,16000,1,48000,3.0,3.0,
/Users/tavantai/Developer/project_thesis_code/new_data/143/train-00031-of-00803_615.wav,/Users/tavantai/Developer/project_thesis_code/processed/E0/143/train-00031-of-00803_615.wav,processed,16000,1,48000,16000,1,48000,3.0,3.0,
/Users/tavantai/Developer/project_thesis_code/new_data/143/train-00031-of-00803_616.wav,/Users/tavantai/Developer/project_thesis_code/processed/E0/143/train-00031-of-00803_616.wav,processed,16000,1,48000,16000,1,48000,3.0,3.0,
/Users/tavantai/Developer/project_thesis_code/new_data/143/train-00031-of-00803_617.wav,/Users/tavantai/Developer/project_thesis_code/processed/E0/143/train-00031-of-00803_617.wav,processed,16000,1,48000,16000,1,48000,3.0,3.0,
/Users/tavantai/Developer/project_thesis_code/new_data/143/train-00031-of-00803_618.wav,/Users/tavantai/Developer/project_thesis_code/processed/E0/143/train-00031-of-00803_618.wav,processed,16000,1,48000,16000,1,48000,3.0,3.0,
/Users/tavantai/Developer/project_thesis_code/new_data/143/train-00031-of-00803_619.wav,/Users/tavantai/Developer/project_thesis_code/processed/E0/143/train-00031-of-00803_619.wav,processed,16000,1,48000,16000,1,48000,3.0,3.0,
/Users/tavantai/Developer/project_thesis_code/new_data/143/train-00031-of-00803_620.wav,/Users/tavantai/Developer/project_thesis_code/processed/E0/143/train-00031-of-00803_620.wav,processed,16000,1,48000,16000,1,48000,3.0,3.0,
/Users/tavantai/Developer/project_thesis_code/new_data/143/train-00031-of-00803_621.wav,/Users/tavantai/Developer/project_thesis_code/processed/E0/143/train-00031-of-00803_621.wav,processed,16000,1,48000,16000,1,48000,3.0,3.0,
/Users/tavantai/Developer/project_thesis_code/new_data/143/train-00031-of-00803_622.wav,/Users/tavantai/Developer/project_thesis_code/processed/E0/143/train-00031-of-00803_622.wav,processed,16000,1,48000,16000,1,48000,3.0,3.0,
/Users/tavantai/Developer/project_thesis_code/new_data/143/train-00031-of-00803_623.wav,/Users/tavantai/Developer/project_thesis_code/processed/E0/143/train-00031-of-00803_623.wav,processed,16000,1,48000,16000,1,48000,3.0,3.0,
/Users/tavantai/Developer/project_thesis_code/new_data/143/train-00031-of-00803_624.wav,/Users/tavantai/Developer/project_thesis_code/processed/E0/143/train-00031-of-00803_624.wav,processed,16000,1,48000,16000,1,48000,3.0,3.0,
/Users/tavantai/Developer/project_thesis_code/new_data/143/train-00031-of-00803_625.wav,/Users/tavantai/Developer/project_thesis_code/processed/E0/143/train-00031-of-00803_625.wav,processed,16000,1,48000,16000,1,48000,3.0,3.0,
/Users/tavantai/Developer/project_thesis_code/new_data/143/train-00031-of-00803_626.wav,/Users/tavantai/Developer/project_thesis_code/processed/E0/143/train-00031-of-00803_626.wav,processed,16000,1,48000,16000,1,48000,3.0,3.0,
/Users/tavantai/Developer/project_thesis_code/new_data/143/train-00031-of-00803_627.wav,/Users/tavantai/Developer/project_thesis_code/processed/E0/143/train-00031-of-00803_627.wav,processed,16000,1,48000,16000,1,48000,3.0,3.0,
/Users/tavantai/Developer/project_thesis_code/new_data/143/train-00031-of-00803_628.wav,/Users/tavantai/Developer/project_thesis_code/processed/E0/143/train-00031-of-00803_628.wav,processed,16000,1,48000,16000,1,48000,3.0,3.0,
/Users/tavantai/Developer/project_thesis_code/new_data/143/train-00031-of-00803_629.wav,/Users/tavantai/Developer/project_thesis_code/processed/E0/143/train-00031-of-00803_629.wav,processed,16000,1,48000,16000,1,48000,3.0,3.0,
/Users/tavantai/Developer/project_thesis_code/new_data/143/train-00031-of-00803_630.wav,/Users/tavantai/Developer/project_thesis_code/processed/E0/143/train-00031-of-00803_630.wav,processed,16000,1,48000,16000,1,48000,3.0,3.0,
/Users/tavantai/Developer/project_thesis_code/new_data/143/train-00031-of-00803_631.wav,/Users/tavantai/Developer/project_thesis_code/processed/E0/143/train-00031-of-00803_631.wav,processed,16000,1,48000,16000,1,48000,3.0,3.0,
/Users/tavantai/Developer/project_thesis_code/new_data/143/train-00031-of-00803_632.wav,/Users/tavantai/Developer/project_thesis_code/processed/E0/143/train-00031-of-00803_632.wav,processed,16000,1,48000,16000,1,48000,3.0,3.0,
/Users/tavantai/Developer/project_thesis_code/new_data/143/train-00031-of-00803_633.wav,/Users/tavantai/Developer/project_thesis_code/processed/E0/143/train-00031-of-00803_633.wav,processed,16000,1,48000,16000,1,48000,3.0,3.0,
/Users/tavantai/Developer/project_thesis_code/new_data/143/train-00031-of-00803_634.wav,/Users/tavantai/Developer/project_thesis_code/processed/E0/143/train-00031-of-00803_634.wav,processed,16000,1,48000,16000,1,48000,3.0,3.0,
/Users/tavantai/Developer/project_thesis_code/new_data/143/train-00031-of-00803_635.wav,/Users/tavantai/Developer/project_thesis_code/processed/E0/143/train-00031-of-00803_635.wav,processed,16000,1,48000,16000,1,48000,3.0,3.0,
/Users/tavantai/Developer/project_thesis_code/new_data/143/train-00031-of-00803_636.wav,/Users/tavantai/Developer/project_thesis_code/processed/E0/143/train-00031-of-00803_636.wav,processed,16000,1,48000,16000,1,48000,3.0,3.0,
/Users/tavantai/Developer/project_thesis_code/new_data/143/train-00031-of-00803_637.wav,/Users/tavantai/Developer/project_thesis_code/processed/E0/143/train-00031-of-00803_637.wav,processed,16000,1,48000,16000,1,48000,3.0,3.0,
/Users/tavantai/Developer/project_thesis_code/new_data/143/train-00031-of-00803_638.wav,/Users/tavantai/Developer/project_thesis_code/processed/E0/143/train-00031-of-00803_638.wav,processed,16000,1,48000,16000,1,48000,3.0,3.0,
/Users/tavantai/Developer/project_thesis_code/new_data/143/train-00031-of-00803_639.wav,/Users/tavantai/Developer/project_thesis_code/processed/E0/143/train-00031-of-00803_639.wav,processed,16000,1,48000,16000,1,48000,3.0,3.0,
/Users/tavantai/Developer/project_thesis_code/new_data/143/train-00031-of-00803_640.wav,/Users/tavantai/Developer/project_thesis_code/processed/E0/143/train-00031-of-00803_640.wav,processed,16000,1,48000,16000,1,48000,3.0,3.0,
/Users/tavantai/Developer/project_thesis_code/new_data/143/train-00031-of-00803_641.wav,/Users/tavantai/Developer/project_thesis_code/processed/E0/143/train-00031-of-00803_641.wav,processed,16000,1,48000,16000,1,48000,3.0,3.0,
/Users/tavantai/Developer/project_thesis_code/new_data/143/train-00031-of-00803_642.wav,/Users/tavantai/Developer/project_thesis_code/processed/E0/143/train-00031-of-00803_642.wav,processed,16000,1,48000,16000,1,48000,3.0,3.0,
/Users/tavantai/Developer/project_thesis_code/new_data/143/train-00031-of-00803_643.wav,/Users/tavantai/Developer/project_thesis_code/processed/E0/143/train-00031-of-00803_643.wav,processed,16000,1,48000,16000,1,48000,3.0,3.0,
/Users/tavantai/Developer/project_thesis_code/new_data/143/train-00031-of-00803_644.wav,/Users/tavantai/Developer/project_thesis_code/processed/E0/143/train-00031-of-00803_644.wav,processed,16000,1,48000,16000,1,48000,3.0,3.0,
/Users/tavantai/Developer/project_thesis_code/new_data/143/train-00031-of-00803_645.wav,/Users/tavantai/Developer/project_thesis_code/processed/E0/143/train-00031-of-00803_645.wav,processed,16000,1,48000,16000,1,48000,3.0,3.0,
/Users/tavantai/Developer/project_thesis_code/new_data/143/train-00031-of-00803_646.wav,/Users/tavantai/Developer/project_thesis_code/processed/E0/143/train-00031-of-00803_646.wav,processed,16000,1,48000,16000,1,48000,3.0,3.0,
/Users/tavantai/Developer/project_thesis_code/new_data/143/train-00031-of-00803_647.wav,/Users/tavantai/Developer/project_thesis_code/processed/E0/143/train-00031-of-00803_647.wav,processed,16000,1,48000,16000,1,48000,3.0,3.0,
/Users/tavantai/Developer/project_thesis_code/new_data/143/train-00031-of-00803_648.wav,/Users/tavantai/Developer/project_thesis_code/processed/E0/143/train-00031-of-00803_648.wav,processed,16000,1,48000,16000,1,48000,3.0,3.0,
/Users/tavantai/Developer/project_thesis_code/new_data/143/train-00031-of-00803_649.wav,/Users/tavantai/Developer/project_thesis_code/processed/E0/143/train-00031-of-00803_649.wav,processed,16000,1,48000,16000,1,48000,3.0,3.0,
/Users/tavantai/Developer/project_thesis_code/new_data/143/train-00031-of-00803_650.wav,/Users/tavantai/Developer/project_thesis_code/processed/E0/143/train-00031-of-00803_650.wav,processed,16000,1,48000,16000,1,48000,3.0,3.0,
/Users/tavantai/Developer/project_thesis_code/new_data/143/train-00031-of-00803_651.wav,/Users/tavantai/Developer/project_thesis_code/processed/E0/143/train-00031-of-00803_651.wav,processed,16000,1,48000,16000,1,48000,3.0,3.0,
/Users/tavantai/Developer/project_thesis_code/new_data/143/train-00031-of-00803_652.wav,/Users/tavantai/Developer/project_thesis_code/processed/E0/143/train-00031-of-00803_652.wav,processed,16000,1,48000,16000,1,48000,3.0,3.0,
/Users/tavantai/Developer/project_thesis_code/new_data/143/train-00031-of-00803_653.wav,/Users/tavantai/Developer/project_thesis_code/processed/E0/143/train-00031-of-00803_653.wav,processed,16000,1,48000,16000,1,48000,3.0,3.0,
/Users/tavantai/Developer/project_thesis_code/new_data/143/train-00031-of-00803_654.wav,/Users/tavantai/Developer/project_thesis_code/processed/E0/143/train-00031-of-00803_654.wav,processed,16000,1,48000,16000,1,48000,3.0,3.0,
/Users/tavantai/Developer/project_thesis_code/new_data/143/train-00031-of-00803_655.wav,/Users/tavantai/Developer/project_thesis_code/processed/E0/143/train-00031-of-00803_655.wav,processed,16000,1,48000,16000,1,48000,3.0,3.0,
/Users/tavantai/Developer/project_thesis_code/new_data/143/train-00031-of-00803_656.wav,/Users/tavantai/Developer/project_thesis_code/processed/E0/143/train-00031-of-00803_656.wav,processed,16000,1,48000,16000,1,48000,3.0,3.0,
/Users/tavantai/Developer/project_thesis_code/new_data/143/train-00031-of-00803_657.wav,/Users/tavantai/Developer/project_thesis_code/processed/E0/143/train-00031-of-00803_657.wav,processed,16000,1,48000,16000,1,48000,3.0,3.0,
/Users/tavantai/Developer/project_thesis_code/new_data/143/train-00031-of-00803_658.wav,/Users/tavantai/Developer/project_thesis_code/processed/E0/143/train-00031-of-00803_658.wav,processed,16000,1,48000,16000,1,48000,3.0,3.0,
/Users/tavantai/Developer/project_thesis_code/new_data/143/train-00031-of-00803_659.wav,/Users/tavantai/Developer/project_thesis_code/processed/E0/143/train-00031-of-00803_659.wav,processed,16000,1,48000,16000,1,48000,3.0,3.0,
/Users/tavantai/Developer/project_thesis_code/new_data/143/train-00031-of-00803_660.wav,/Users/tavantai/Developer/project_thesis_code/processed/E0/143/train-00031-of-00803_660.wav,processed,16000,1,48000,16000,1,48000,3.0,3.0,
/Users/tavantai/Developer/project_thesis_code/new_data/143/train-00031-of-00803_661.wav,/Users/tavantai/Developer/project_thesis_code/processed/E0/143/train-00031-of-00803_661.wav,processed,16000,1,48000,16000,1,48000,3.0,3.0,
/Users/tavantai/Developer/project_thesis_code/new_data/143/train-00031-of-00803_662.wav,/Users/tavantai/Developer/project_thesis_code/processed/E0/143/train-00031-of-00803_662.wav,processed,16000,1,48000,16000,1,48000,3.0,3.0,
/Users/tavantai/Developer/project_thesis_code/new_data/143/train-00031-of-00803_663.wav,/Users/tavantai/Developer/project_thesis_code/processed/E0/143/train-00031-of-00803_663.wav,processed,16000,1,48000,16000,1,48000,3.0,3.0,
/Users/tavantai/Developer/project_thesis_code/new_data/143/train-00031-of-00803_664.wav,/Users/tavantai/Developer/project_thesis_code/processed/E0/143/train-00031-of-00803_664.wav,processed,16000,1,48000,16000,1,48000,3.0,3.0,
/Users/tavantai/Developer/project_thesis_code/new_data/143/train-00031-of-00803_665.wav,/Users/tavantai/Developer/project_thesis_code/processed/E0/143/train-00031-of-00803_665.wav,processed,16000,1,48000,16000,1,48000,3.0,3.0,
/Users/tavantai/Developer/project_thesis_code/new_data/143/train-00031-of-00803_666.wav,/Users/tavantai/Developer/project_thesis_code/processed/E0/143/train-00031-of-00803_666.wav,processed,16000,1,48000,16000,1,48000,3.0,3.0,
/Users/tavantai/Developer/project_thesis_code/new_data/143/train-00031-of-00803_667.wav,/Users/tavantai/Developer/project_thesis_code/processed/E0/143/train-00031-of-00803_667.wav,processed,16000,1,48000,16000,1,48000,3.0,3.0,
/Users/tavantai/Developer/project_thesis_code/new_data/143/train-00031-of-00803_668.wav,/Users/tavantai/Developer/project_thesis_code/processed/E0/143/train-00031-of-00803_668.wav,processed,16000,1,48000,16000,1,48000,3.0,3.0,
/Users/tavantai/Developer/project_thesis_code/new_data/143/train-00031-of-00803_669.wav,/Users/tavantai/Developer/project_thesis_code/processed/E0/143/train-00031-of-00803_669.wav,processed,16000,1,48000,16000,1,48000,3.0,3.0,
/Users/tavantai/Developer/project_thesis_code/new_data/143/train-00031-of-00803_670.wav,/Users/tavantai/Developer/project_thesis_code/processed/E0/143/train-00031-of-00803_670.wav,processed,16000,1,48000,16000,1,48000,3.0,3.0,
/Users/tavantai/Developer/project_thesis_code/new_data/143/train-00031-of-00803_671.wav,/Users/tavantai/Developer/project_thesis_code/processed/E0/143/train-00031-of-00803_671.wav,processed,16000,1,48000,16000,1,48000,3.0,3.0,
/Users/tavantai/Developer/project_thesis_code/new_data/143/train-00031-of-00803_672.wav,/Users/tavantai/Developer/project_thesis_code/processed/E0/143/train-00031-of-00803_672.wav,processed,16000,1,48000,16000,1,48000,3.0,3.0,
/Users/tavantai/Developer/project_thesis_code/new_data/143/train-00031-of-00803_673.wav,/Users/tavantai/Developer/project_thesis_code/processed/E0/143/train-00031-of-00803_673.wav,processed,16000,1,48000,16000,1,48000,3.0,3.0,
/Users/tavantai/Developer/project_thesis_code/new_data/143/train-00031-of-00803_674.wav,/Users/tavantai/Developer/project_thesis_code/processed/E0/143/train-00031-of-00803_674.wav,processed,16000,1,48000,16000,1,48000,3.0,3.0,
/Users/tavantai/Developer/project_thesis_code/new_data/143/train-00031-of-00803_675.wav,/Users/tavantai/Developer/project_thesis_code/processed/E0/143/train-00031-of-00803_675.wav,processed,16000,1,48000,16000,1,48000,3.0,3.0,
/Users/tavantai/Developer/project_thesis_code/new_data/143/train-00031-of-00803_676.wav,/Users/tavantai/Developer/project_thesis_code/processed/E0/143/train-00031-of-00803_676.wav,processed,16000,1,48000,16000,1,48000,3.0,3.0,
/Users/tavantai/Developer/project_thesis_code/new_data/143/train-00031-of-00803_677.wav,/Users/tavantai/Developer/project_thesis_code/processed/E0/143/train-00031-of-00803_677.wav,processed,16000,1,48000,16000,1,48000,3.0,3.0,
/Users/tavantai/Developer/project_thesis_code/new_data/143/train-00031-of-00803_678.wav,/Users/tavantai/Developer/project_thesis_code/processed/E0/143/train-00031-of-00803_678.wav,processed,16000,1,48000,16000,1,48000,3.0,3.0,
/Users/tavantai/Developer/project_thesis_code/new_data/143/train-00031-of-00803_679.wav,/Users/tavantai/Developer/project_thesis_code/processed/E0/143/train-00031-of-00803_679.wav,processed,16000,1,48000,16000,1,48000,3.0,3.0,
/Users/tavantai/Developer/project_thesis_code/new_data/143/train-00031-of-00803_680.wav,/Users/tavantai/Developer/project_thesis_code/processed/E0/143/train-00031-of-00803_680.wav,processed,16000,1,48000,16000,1,48000,3.0,3.0,
/Users/tavantai/Developer/project_thesis_code/new_data/143/train-00031-of-00803_681.wav,/Users/tavantai/Developer/project_thesis_code/processed/E0/143/train-00031-of-00803_681.wav,processed,16000,1,48000,16000,1,48000,3.0,3.0,
/Users/tavantai/Developer/project_thesis_code/new_data/143/train-00031-of-00803_682.wav,/Users/tavantai/Developer/project_thesis_code/processed/E0/143/train-00031-of-00803_682.wav,processed,16000,1,48000,16000,1,48000,3.0,3.0,
/Users/tavantai/Developer/project_thesis_code/new_data/143/train-00031-of-00803_683.wav,/Users/tavantai/Developer/project_thesis_code/processed/E0/143/train-00031-of-00803_683.wav,processed,16000,1,48000,16000,1,48000,3.0,3.0,
/Users/tavantai/Developer/project_thesis_code/new_data/143/train-00031-of-00803_684.wav,/Users/tavantai/Developer/project_thesis_code/processed/E0/143/train-00031-of-00803_684.wav,processed,16000,1,48000,16000,1,48000,3.0,3.0,
/Users/tavantai/Developer/project_thesis_code/new_data/143/train-00031-of-00803_685.wav,/Users/tavantai/Developer/project_thesis_code/processed/E0/143/train-00031-of-00803_685.wav,processed,16000,1,48000,16000,1,48000,3.0,3.0,
/Users/tavantai/Developer/project_thesis_code/new_data/143/train-00031-of-00803_686.wav,/Users/tavantai/Developer/project_thesis_code/processed/E0/143/train-00031-of-00803_686.wav,processed,16000,1,48000,16000,1,48000,3.0,3.0,
/Users/tavantai/Developer/project_thesis_code/new_data/143/train-00031-of-00803_687.wav,/Users/tavantai/Developer/project_thesis_code/processed/E0/143/train-00031-of-00803_687.wav,processed,16000,1,48000,16000,1,48000,3.0,3.0,
/Users/tavantai/Developer/project_thesis_code/new_data/143/train-00031-of-00803_688.wav,/Users/tavantai/Developer/project_thesis_code/processed/E0/143/train-00031-of-00803_688.wav,processed,16000,1,48000,16000,1,48000,3.0,3.0,
/Users/tavantai/Developer/project_thesis_code/new_data/143/train-00031-of-00803_689.wav,/Users/tavantai/Developer/project_thesis_code/processed/E0/143/train-00031-of-00803_689.wav,processed,16000,1,48000,16000,1,48000,3.0,3.0,
/Users/tavantai/Developer/project_thesis_code/new_data/143/train-00031-of-00803_690.wav,/Users/tavantai/Developer/project_thesis_code/processed/E0/143/train-00031-of-00803_690.wav,processed,16000,1,48000,16000,1,48000,3.0,3.0,
/Users/tavantai/Developer/project_thesis_code/new_data/143/train-00031-of-00803_691.wav,/Users/tavantai/Developer/project_thesis_code/processed/E0/143/train-00031-of-00803_691.wav,processed,16000,1,48000,16000,1,48000,3.0,3.0,
/Users/tavantai/Developer/project_thesis_code/new_data/143/train-00031-of-00803_692.wav,/Users/tavantai/Developer/project_thesis_code/processed/E0/143/train-00031-of-00803_692.wav,processed,16000,1,48000,16000,1,48000,3.0,3.0,
/Users/tavantai/Developer/project_thesis_code/new_data/143/train-00031-of-00803_693.wav,/Users/tavantai/Developer/project_thesis_code/processed/E0/143/train-00031-of-00803_693.wav,processed,16000,1,48000,16000,1,48000,3.0,3.0,
/Users/tavantai/Developer/project_thesis_code/new_data/143/train-00031-of-00803_694.wav,/Users/tavantai/Developer/project_thesis_code/processed/E0/143/train-00031-of-00803_694.wav,processed,16000,1,48000,16000,1,48000,3.0,3.0,
/Users/tavantai/Developer/project_thesis_code/new_data/143/train-00031-of-00803_695.wav,/Users/tavantai/Developer/project_thesis_code/processed/E0/143/train-00031-of-00803_695.wav,processed,16000,1,48000,16000,1,48000,3.0,3.0,
/Users/tavantai/Developer/project_thesis_code/new_data/143/train-00031-of-00803_696.wav,/Users/tavantai/Developer/project_thesis_code/processed/E0/143/train-00031-of-00803_696.wav,processed,16000,1,48000,16000,1,48000,3.0,3.0,
/Users/tavantai/Developer/project_thesis_code/new_data/143/train-00031-of-00803_697.wav,/Users/tavantai/Developer/project_thesis_code/processed/E0/143/train-00031-of-00803_697.wav,processed,16000,1,48000,16000,1,48000,3.0,3.0,
/Users/tavantai/Developer/project_thesis_code/new_data/143/train-00031-of-00803_698.wav,/Users/tavantai/Developer/project_thesis_code/processed/E0/143/train-00031-of-00803_698.wav,processed,16000,1,48000,16000,1,48000,3.0,3.0,
/Users/tavantai/Developer/project_thesis_code/new_data/143/train-00031-of-00803_699.wav,/Users/tavantai/Developer/project_thesis_code/processed/E0/143/train-00031-of-00803_699.wav,processed,16000,1,48000,16000,1,48000,3.0,3.0,
/Users/tavantai/Developer/project_thesis_code/new_data/143/train-00031-of-00803_700.wav,/Users/tavantai/Developer/project_thesis_code/processed/E0/143/train-00031-of-00803_700.wav,processed,16000,1,48000,16000,1,48000,3.0,3.0,
/Users/tavantai/Developer/project_thesis_code/new_data/143/train-00031-of-00803_701.wav,/Users/tavantai/Developer/project_thesis_code/processed/E0/143/train-00031-of-00803_701.wav,processed,16000,1,48000,16000,1,48000,3.0,3.0,
/Users/tavantai/Developer/project_thesis_code/new_data/143/train-00031-of-00803_702.wav,/Users/tavantai/Developer/project_thesis_code/processed/E0/143/train-00031-of-00803_702.wav,processed,16000,1,48000,16000,1,48000,3.0,3.0,
/Users/tavantai/Developer/project_thesis_code/new_data/143/train-00031-of-00803_703.wav,/Users/tavantai/Developer/project_thesis_code/processed/E0/143/train-00031-of-00803_703.wav,processed,16000,1,48000,16000,1,48000,3.0,3.0,
/Users/tavantai/Developer/project_thesis_code/new_data/143/train-00031-of-00803_704.wav,/Users/tavantai/Developer/project_thesis_code/processed/E0/143/train-00031-of-00803_704.wav,processed,16000,1,48000,16000,1,48000,3.0,3.0,
/Users/tavantai/Developer/project_thesis_code/new_data/143/train-00031-of-00803_705.wav,/Users/tavantai/Developer/project_thesis_code/processed/E0/143/train-00031-of-00803_705.wav,processed,16000,1,48000,16000,1,48000,3.0,3.0,
/Users/tavantai/Developer/project_thesis_code/new_data/143/train-00031-of-00803_706.wav,/Users/tavantai/Developer/project_thesis_code/processed/E0/143/train-00031-of-00803_706.wav,processed,16000,1,48000,16000,1,48000,3.0,3.0,
/Users/tavantai/Developer/project_thesis_code/new_data/143/train-00031-of-00803_707.wav,/Users/tavantai/Developer/project_thesis_code/processed/E0/143/train-00031-of-00803_707.wav,processed,16000,1,48000,16000,1,48000,3.0,3.0,
/Users/tavantai/Developer/project_thesis_code/new_data/143/train-00031-of-00803_708.wav,/Users/tavantai/Developer/project_thesis_code/processed/E0/143/train-00031-of-00803_708.wav,processed,16000,1,48000,16000,1,48000,3.0,3.0,
/Users/tavantai/Developer/project_thesis_code/new_data/143/train-00031-of-00803_709.wav,/Users/tavantai/Developer/project_thesis_code/processed/E0/143/train-00031-of-00803_709.wav,processed,16000,1,48000,16000,1,48000,3.0,3.0,
/Users/tavantai/Developer/project_thesis_code/new_data/143/train-00031-of-00803_710.wav,/Users/tavantai/Developer/project_thesis_code/processed/E0/143/train-00031-of-00803_710.wav,processed,16000,1,48000,16000,1,48000,3.0,3.0,
/Users/tavantai/Developer/project_thesis_code/new_data/143/train-00031-of-00803_711.wav,/Users/tavantai/Developer/project_thesis_code/processed/E0/143/train-00031-of-00803_711.wav,processed,16000,1,48000,16000,1,48000,3.0,3.0,
/Users/tavantai/Developer/project_thesis_code/new_data/143/train-00031-of-00803_712.wav,/Users/tavantai/Developer/project_thesis_code/processed/E0/143/train-00031-of-00803_712.wav,processed,16000,1,48000,16000,1,48000,3.0,3.0,
/Users/tavantai/Developer/project_thesis_code/new_data/143/train-00031-of-00803_713.wav,/Users/tavantai/Developer/project_thesis_code/processed/E0/143/train-00031-of-00803_713.wav,processed,16000,1,48000,16000,1,48000,3.0,3.0,
/Users/tavantai/Developer/project_thesis_code/new_data/143/train-00031-of-00803_714.wav,/Users/tavantai/Developer/project_thesis_code/processed/E0/143/train-00031-of-00803_714.wav,processed,16000,1,48000,16000,1,48000,3.0,3.0,
/Users/tavantai/Developer/project_thesis_code/new_data/143/train-00031-of-00803_715.wav,/Users/tavantai/Developer/project_thesis_code/processed/E0/143/train-00031-of-00803_715.wav,processed,16000,1,48000,16000,1,48000,3.0,3.0,
/Users/tavantai/Developer/project_thesis_code/new_data/143/train-00031-of-00803_716.wav,/Users/tavantai/Developer/project_thesis_code/processed/E0/143/train-00031-of-00803_716.wav,processed,16000,1,48000,16000,1,48000,3.0,3.0,
/Users/tavantai/Developer/project_thesis_code/new_data/143/train-00031-of-00803_717.wav,/Users/tavantai/Developer/project_thesis_code/processed/E0/143/train-00031-of-00803_717.wav,processed,16000,1,48000,16000,1,48000,3.0,3.0,
/Users/tavantai/Developer/project_thesis_code/new_data/143/train-00031-of-00803_718.wav,/Users/tavantai/Developer/project_thesis_code/processed/E0/143/train-00031-of-00803_718.wav,processed,16000,1,48000,16000,1,48000,3.0,3.0,
/Users/tavantai/Developer/project_thesis_code/new_data/143/train-00031-of-00803_719.wav,/Users/tavantai/Developer/project_thesis_code/processed/E0/143/train-00031-of-00803_719.wav,processed,16000,1,48000,16000,1,48000,3.0,3.0,
/Users/tavantai/Developer/project_thesis_code/new_data/143/train-00031-of-00803_720.wav,/Users/tavantai/Developer/project_thesis_code/processed/E0/143/train-00031-of-00803_720.wav,processed,16000,1,48000,16000,1,48000,3.0,3.0,
/Users/tavantai/Developer/project_thesis_code/new_data/143/train-00031-of-00803_721.wav,/Users/tavantai/Developer/project_thesis_code/processed/E0/143/train-00031-of-00803_721.wav,processed,16000,1,48000,16000,1,48000,3.0,3.0,
/Users/tavantai/Developer/project_thesis_code/new_data/143/train-00031-of-00803_722.wav,/Users/tavantai/Developer/project_thesis_code/processed/E0/143/train-00031-of-00803_722.wav,processed,16000,1,48000,16000,1,48000,3.0,3.0,
/Users/tavantai/Developer/project_thesis_code/new_data/143/train-00031-of-00803_723.wav,/Users/tavantai/Developer/project_thesis_code/processed/E0/143/train-00031-of-00803_723.wav,processed,16000,1,48000,16000,1,48000,3.0,3.0,
/Users/tavantai/Developer/project_thesis_code/new_data/143/train-00031-of-00803_724.wav,/Users/tavantai/Developer/project_thesis_code/processed/E0/143/train-00031-of-00803_724.wav,processed,16000,1,48000,16000,1,48000,3.0,3.0,
/Users/tavantai/Developer/project_thesis_code/new_data/143/train-00031-of-00803_725.wav,/Users/tavantai/Developer/project_thesis_code/processed/E0/143/train-00031-of-00803_725.wav,processed,16000,1,48000,16000,1,48000,3.0,3.0,
/Users/tavantai/Developer/project_thesis_code/new_data/143/train-00031-of-00803_726.wav,/Users/tavantai/Developer/project_thesis_code/processed/E0/143/train-00031-of-00803_726.wav,processed,16000,1,48000,16000,1,48000,3.0,3.0,
/Users/tavantai/Developer/project_thesis_code/new_data/143/train-00031-of-00803_727.wav,/Users/tavantai/Developer/project_thesis_code/processed/E0/143/train-00031-of-00803_727.wav,processed,16000,1,48000,16000,1,48000,3.0,3.0,
/Users/tavantai/Developer/project_thesis_code/new_data/143/train-00031-of-00803_728.wav,/Users/tavantai/Developer/project_thesis_code/processed/E0/143/train-00031-of-00803_728.wav,processed,16000,1,48000,16000,1,48000,3.0,3.0,
/Users/tavantai/Developer/project_thesis_code/new_data/143/train-00031-of-00803_729.wav,/Users/tavantai/Developer/project_thesis_code/processed/E0/143/train-00031-of-00803_729.wav,processed,16000,1,48000,16000,1,48000,3.0,3.0,
/Users/tavantai/Developer/project_thesis_code/new_data/143/train-00031-of-00803_730.wav,/Users/tavantai/Developer/project_thesis_code/processed/E0/143/train-00031-of-00803_730.wav,processed,16000,1,48000,16000,1,48000,3.0,3.0,
/Users/tavantai/Developer/project_thesis_code/new_data/143/train-00031-of-00803_731.wav,/Users/tavantai/Developer/project_thesis_code/processed/E0/143/train-00031-of-00803_731.wav,processed,16000,1,48000,16000,1,48000,3.0,3.0,
/Users/tavantai/Developer/project_thesis_code/new_data/143/train-00031-of-00803_732.wav,/Users/tavantai/Developer/project_thesis_code/processed/E0/143/train-00031-of-00803_732.wav,processed,16000,1,48000,16000,1,48000,3.0,3.0,
/Users/tavantai/Developer/project_thesis_code/new_data/143/train-00031-of-00803_733.wav,/Users/tavantai/Developer/project_thesis_code/processed/E0/143/train-00031-of-00803_733.wav,processed,16000,1,48000,16000,1,48000,3.0,3.0,
/Users/tavantai/Developer/project_thesis_code/new_data/143/train-00031-of-00803_734.wav,/Users/tavantai/Developer/project_thesis_code/processed/E0/143/train-00031-of-00803_734.wav,processed,16000,1,48000,16000,1,48000,3.0,3.0,
/Users/tavantai/Developer/project_thesis_code/new_data/143/train-00031-of-00803_735.wav,/Users/tavantai/Developer/project_thesis_code/processed/E0/143/train-00031-of-00803_735.wav,processed,16000,1,48000,16000,1,48000,3.0,3.0,
/Users/tavantai/Developer/project_thesis_code/new_data/143/train-00031-of-00803_736.wav,/Users/tavantai/Developer/project_thesis_code/processed/E0/143/train-00031-of-00803_736.wav,processed,16000,1,48000,16000,1,48000,3.0,3.0,
/Users/tavantai/Developer/project_thesis_code/new_data/143/train-00031-of-00803_737.wav,/Users/tavantai/Developer/project_thesis_code/processed/E0/143/train-00031-of-00803_737.wav,processed,16000,1,48000,16000,1,48000,3.0,3.0,
/Users/tavantai/Developer/project_thesis_code/new_data/143/train-00031-of-00803_738.wav,/Users/tavantai/Developer/project_thesis_code/processed/E0/143/train-00031-of-00803_738.wav,processed,16000,1,48000,16000,1,48000,3.0,3.0,
/Users/tavantai/Developer/project_thesis_code/new_data/143/train-00031-of-00803_739.wav,/Users/tavantai/Developer/project_thesis_code/processed/E0/143/train-00031-of-00803_739.wav,processed,16000,1,48000,16000,1,48000,3.0,3.0,
/Users/tavantai/Developer/project_thesis_code/new_data/143/train-00031-of-00803_740.wav,/Users/tavantai/Developer/project_thesis_code/processed/E0/143/train-00031-of-00803_740.wav,processed,16000,1,48000,16000,1,48000,3.0,3.0,
/Users/tavantai/Developer/project_thesis_code/new_data/143/train-00031-of-00803_741.wav,/Users/tavantai/Developer/project_thesis_code/processed/E0/143/train-00031-of-00803_741.wav,processed,16000,1,48000,16000,1,48000,3.0,3.0,
/Users/tavantai/Developer/project_thesis_code/new_data/143/train-00031-of-00803_742.wav,/Users/tavantai/Developer/project_thesis_code/processed/E0/143/train-00031-of-00803_742.wav,processed,16000,1,48000,16000,1,48000,3.0,3.0,
/Users/tavantai/Developer/project_thesis_code/new_data/143/train-00031-of-00803_743.wav,/Users/tavantai/Developer/project_thesis_code/processed/E0/143/train-00031-of-00803_743.wav,processed,16000,1,48000,16000,1,48000,3.0,3.0,
/Users/tavantai/Developer/project_thesis_code/new_data/143/train-00031-of-00803_744.wav,/Users/tavantai/Developer/project_thesis_code/processed/E0/143/train-00031-of-00803_744.wav,processed,16000,1,48000,16000,1,48000,3.0,3.0,
/Users/tavantai/Developer/project_thesis_code/new_data/143/train-00031-of-00803_745.wav,/Users/tavantai/Developer/project_thesis_code/processed/E0/143/train-00031-of-00803_745.wav,processed,16000,1,48000,16000,1,48000,3.0,3.0,
/Users/tavantai/Developer/project_thesis_code/new_data/143/train-00031-of-00803_746.wav,/Users/tavantai/Developer/project_thesis_code/processed/E0/143/train-00031-of-00803_746.wav,processed,16000,1,48000,16000,1,48000,3.0,3.0,
/Users/tavantai/Developer/project_thesis_code/new_data/143/train-00031-of-00803_747.wav,/Users/tavantai/Developer/project_thesis_code/processed/E0/143/train-00031-of-00803_747.wav,processed,16000,1,48000,16000,1,48000,3.0,3.0,
/Users/tavantai/Developer/project_thesis_code/new_data/143/train-00031-of-00803_748.wav,/Users/tavantai/Developer/project_thesis_code/processed/E0/143/train-00031-of-00803_748.wav,processed,16000,1,48000,16000,1,48000,3.0,3.0,
/Users/tavantai/Developer/project_thesis_code/new_data/143/train-00031-of-00803_749.wav,/Users/tavantai/Developer/project_thesis_code/processed/E0/143/train-00031-of-00803_749.wav,processed,16000,1,48000,16000,1,48000,3.0,3.0,
/Users/tavantai/Developer/project_thesis_code/new_data/143/train-00031-of-00803_750.wav,/Users/tavantai/Developer/project_thesis_code/processed/E0/143/train-00031-of-00803_750.wav,processed,16000,1,48000,16000,1,48000,3.0,3.0,
/Users/tavantai/Developer/project_thesis_code/new_data/143/train-00031-of-00803_751.wav,/Users/tavantai/Developer/project_thesis_code/processed/E0/143/train-00031-of-00803_751.wav,processed,16000,1,48000,16000,1,48000,3.0,3.0,
/Users/tavantai/Developer/project_thesis_code/new_data/143/train-00031-of-00803_752.wav,/Users/tavantai/Developer/project_thesis_code/processed/E0/143/train-00031-of-00803_752.wav,processed,16000,1,48000,16000,1,48000,3.0,3.0,
/Users/tavantai/Developer/project_thesis_code/new_data/143/train-00031-of-00803_753.wav,/Users/tavantai/Developer/project_thesis_code/processed/E0/143/train-00031-of-00803_753.wav,processed,16000,1,48000,16000,1,48000,3.0,3.0,
/Users/tavantai/Developer/project_thesis_code/new_data/143/train-00031-of-00803_754.wav,/Users/tavantai/Developer/project_thesis_code/processed/E0/143/train-00031-of-00803_754.wav,processed,16000,1,48000,16000,1,48000,3.0,3.0,
/Users/tavantai/Developer/project_thesis_code/new_data/143/train-00031-of-00803_755.wav,/Users/tavantai/Developer/project_thesis_code/processed/E0/143/train-00031-of-00803_755.wav,processed,16000,1,48000,16000,1,48000,3.0,3.0,
/Users/tavantai/Developer/project_thesis_code/new_data/143/train-00031-of-00803_756.wav,/Users/tavantai/Developer/project_thesis_code/processed/E0/143/train-00031-of-00803_756.wav,processed,16000,1,48000,16000,1,48000,3.0,3.0,
/Users/tavantai/Developer/project_thesis_code/new_data/143/train-00031-of-00803_757.wav,/Users/tavantai/Developer/project_thesis_code/processed/E0/143/train-00031-of-00803_757.wav,processed,16000,1,48000,16000,1,48000,3.0,3.0,
/Users/tavantai/Developer/project_thesis_code/new_data/143/train-00031-of-00803_758.wav,/Users/tavantai/Developer/project_thesis_code/processed/E0/143/train-00031-of-00803_758.wav,processed,16000,1,48000,16000,1,48000,3.0,3.0,
/Users/tavantai/Developer/project_thesis_code/new_data/143/train-00031-of-00803_759.wav,/Users/tavantai/Developer/project_thesis_code/processed/E0/143/train-00031-of-00803_759.wav,processed,16000,1,48000,16000,1,48000,3.0,3.0,
/Users/tavantai/Developer/project_thesis_code/new_data/143/train-00031-of-00803_760.wav,/Users/tavantai/Developer/project_thesis_code/processed/E0/143/train-00031-of-00803_760.wav,processed,16000,1,48000,16000,1,48000,3.0,3.0,
/Users/tavantai/Developer/project_thesis_code/new_data/143/train-00031-of-00803_761.wav,/Users/tavantai/Developer/project_thesis_code/processed/E0/143/train-00031-of-00803_761.wav,processed,16000,1,48000,16000,1,48000,3.0,3.0,
/Users/tavantai/Developer/project_thesis_code/new_data/143/train-00031-of-00803_762.wav,/Users/tavantai/Developer/project_thesis_code/processed/E0/143/train-00031-of-00803_762.wav,processed,16000,1,48000,16000,1,48000,3.0,3.0,
/Users/tavantai/Developer/project_thesis_code/new_data/143/train-00031-of-00803_763.wav,/Users/tavantai/Developer/project_thesis_code/processed/E0/143/train-00031-of-00803_763.wav,processed,16000,1,48000,16000,1,48000,3.0,3.0,
/Users/tavantai/Developer/project_thesis_code/new_data/143/train-00031-of-00803_764.wav,/Users/tavantai/Developer/project_thesis_code/processed/E0/143/train-00031-of-00803_764.wav,processed,16000,1,48000,16000,1,48000,3.0,3.0,
/Users/tavantai/Developer/project_thesis_code/new_data/143/train-00031-of-00803_765.wav,/Users/tavantai/Developer/project_thesis_code/processed/E0/143/train-00031-of-00803_765.wav,processed,16000,1,48000,16000,1,48000,3.0,3.0,
/Users/tavantai/Developer/project_thesis_code/new_data/143/train-00031-of-00803_766.wav,/Users/tavantai/Developer/project_thesis_code/processed/E0/143/train-00031-of-00803_766.wav,processed,16000,1,48000,16000,1,48000,3.0,3.0,
/Users/tavantai/Developer/project_thesis_code/new_data/143/train-00031-of-00803_767.wav,/Users/tavantai/Developer/project_thesis_code/processed/E0/143/train-00031-of-00803_767.wav,processed,16000,1,48000,16000,1,48000,3.0,3.0,
/Users/tavantai/Developer/project_thesis_code/new_data/143/train-00031-of-00803_768.wav,/Users/tavantai/Developer/project_thesis_code/processed/E0/143/train-00031-of-00803_768.wav,processed,16000,1,48000,16000,1,48000,3.0,3.0,
/Users/tavantai/Developer/project_thesis_code/new_data/143/train-00031-of-00803_769.wav,/Users/tavantai/Developer/project_thesis_code/processed/E0/143/train-00031-of-00803_769.wav,processed,16000,1,48000,16000,1,48000,3.0,3.0,
/Users/tavantai/Developer/project_thesis_code/new_data/143/train-00031-of-00803_770.wav,/Users/tavantai/Developer/project_thesis_code/processed/E0/143/train-00031-of-00803_770.wav,processed,16000,1,48000,16000,1,48000,3.0,3.0,
/Users/tavantai/Developer/project_thesis_code/new_data/143/train-00031-of-00803_771.wav,/Users/tavantai/Developer/project_thesis_code/processed/E0/143/train-00031-of-00803_771.wav,processed,16000,1,48000,16000,1,48000,3.0,3.0,
/Users/tavantai/Developer/project_thesis_code/new_data/143/train-00031-of-00803_772.wav,/Users/tavantai/Developer/project_thesis_code/processed/E0/143/train-00031-of-00803_772.wav,processed,16000,1,48000,16000,1,48000,3.0,3.0,
/Users/tavantai/Developer/project_thesis_code/new_data/143/train-00031-of-00803_773.wav,/Users/tavantai/Developer/project_thesis_code/processed/E0/143/train-00031-of-00803_773.wav,processed,16000,1,48000,16000,1,48000,3.0,3.0,
/Users/tavantai/Developer/project_thesis_code/new_data/143/train-00031-of-00803_774.wav,/Users/tavantai/Developer/project_thesis_code/processed/E0/143/train-00031-of-00803_774.wav,processed,16000,1,48000,16000,1,48000,3.0,3.0,
/Users/tavantai/Developer/project_thesis_code/new_data/143/train-00031-of-00803_775.wav,/Users/tavantai/Developer/project_thesis_code/processed/E0/143/train-00031-of-00803_775.wav,processed,16000,1,48000,16000,1,48000,3.0,3.0,
/Users/tavantai/Developer/project_thesis_code/new_data/143/train-00031-of-00803_776.wav,/Users/tavantai/Developer/project_thesis_code/processed/E0/143/train-00031-of-00803_776.wav,processed,16000,1,48000,16000,1,48000,3.0,3.0,
/Users/tavantai/Developer/project_thesis_code/new_data/143/train-00031-of-00803_777.wav,/Users/tavantai/Developer/project_thesis_code/processed/E0/143/train-00031-of-00803_777.wav,processed,16000,1,48000,16000,1,48000,3.0,3.0,
/Users/tavantai/Developer/project_thesis_code/new_data/143/train-00031-of-00803_778.wav,/Users/tavantai/Developer/project_thesis_code/processed/E0/143/train-00031-of-00803_778.wav,processed,16000,1,48000,16000,1,48000,3.0,3.0,
/Users/tavantai/Developer/project_thesis_code/new_data/143/train-00031-of-00803_779.wav,/Users/tavantai/Developer/project_thesis_code/processed/E0/143/train-00031-of-00803_779.wav,processed,16000,1,48000,16000,1,48000,3.0,3.0,
/Users/tavantai/Developer/project_thesis_code/new_data/143/train-00031-of-00803_780.wav,/Users/tavantai/Developer/project_thesis_code/processed/E0/143/train-00031-of-00803_780.wav,processed,16000,1,48000,16000,1,48000,3.0,3.0,
/Users/tavantai/Developer/project_thesis_code/new_data/143/train-00031-of-00803_781.wav,/Users/tavantai/Developer/project_thesis_code/processed/E0/143/train-00031-of-00803_781.wav,processed,16000,1,48000,16000,1,48000,3.0,3.0,
/Users/tavantai/Developer/project_thesis_code/new_data/143/train-00031-of-00803_782.wav,/Users/tavantai/Developer/project_thesis_code/processed/E0/143/train-00031-of-00803_782.wav,processed,16000,1,48000,16000,1,48000,3.0,3.0,
/Users/tavantai/Developer/project_thesis_code/new_data/143/train-00031-of-00803_783.wav,/Users/tavantai/Developer/project_thesis_code/processed/E0/143/train-00031-of-00803_783.wav,processed,16000,1,48000,16000,1,48000,3.0,3.0,
/Users/tavantai/Developer/project_thesis_code/new_data/143/train-00031-of-00803_784.wav,/Users/tavantai/Developer/project_thesis_code/processed/E0/143/train-00031-of-00803_784.wav,processed,16000,1,48000,16000,1,48000,3.0,3.0,
/Users/tavantai/Developer/project_thesis_code/new_data/143/train-00031-of-00803_785.wav,/Users/tavantai/Developer/project_thesis_code/processed/E0/143/train-00031-of-00803_785.wav,processed,16000,1,48000,16000,1,48000,3.0,3.0,
/Users/tavantai/Developer/project_thesis_code/new_data/143/train-00031-of-00803_786.wav,/Users/tavantai/Developer/project_thesis_code/processed/E0/143/train-00031-of-00803_786.wav,processed,16000,1,48000,16000,1,48000,3.0,3.0,
/Users/tavantai/Developer/project_thesis_code/new_data/143/train-00031-of-00803_787.wav,/Users/tavantai/Developer/project_thesis_code/processed/E0/143/train-00031-of-00803_787.wav,processed,16000,1,48000,16000,1,48000,3.0,3.0,
/Users/tavantai/Developer/project_thesis_code/new_data/143/train-00031-of-00803_788.wav,/Users/tavantai/Developer/project_thesis_code/processed/E0/143/train-00031-of-00803_788.wav,processed,16000,1,48000,16000,1,48000,3.0,3.0,
/Users/tavantai/Developer/project_thesis_code/new_data/143/train-00031-of-00803_789.wav,/Users/tavantai/Developer/project_thesis_code/processed/E0/143/train-00031-of-00803_789.wav,processed,16000,1,48000,16000,1,48000,3.0,3.0,
/Users/tavantai/Developer/project_thesis_code/new_data/143/train-00031-of-00803_790.wav,/Users/tavantai/Developer/project_thesis_code/processed/E0/143/train-00031-of-00803_790.wav,processed,16000,1,48000,16000,1,48000,3.0,3.0,
/Users/tavantai/Developer/project_thesis_code/new_data/143/train-00031-of-00803_791.wav,/Users/tavantai/Developer/project_thesis_code/processed/E0/143/train-00031-of-00803_791.wav,processed,16000,1,48000,16000,1,48000,3.0,3.0,
/Users/tavantai/Developer/project_thesis_code/new_data/143/train-00031-of-00803_792.wav,/Users/tavantai/Developer/project_thesis_code/processed/E0/143/train-00031-of-00803_792.wav,processed,16000,1,48000,16000,1,48000,3.0,3.0,
/Users/tavantai/Developer/project_thesis_code/new_data/143/train-00031-of-00803_793.wav,/Users/tavantai/Developer/project_thesis_code/processed/E0/143/train-00031-of-00803_793.wav,processed,16000,1,48000,16000,1,48000,3.0,3.0,
/Users/tavantai/Developer/project_thesis_code/new_data/143/train-00031-of-00803_794.wav,/Users/tavantai/Developer/project_thesis_code/processed/E0/143/train-00031-of-00803_794.wav,processed,16000,1,48000,16000,1,48000,3.0,3.0,
/Users/tavantai/Developer/project_thesis_code/new_data/143/train-00031-of-00803_795.wav,/Users/tavantai/Developer/project_thesis_code/processed/E0/143/train-00031-of-00803_795.wav,processed,16000,1,48000,16000,1,48000,3.0,3.0,
/Users/tavantai/Developer/project_thesis_code/new_data/143/train-00031-of-00803_796.wav,/Users/tavantai/Developer/project_thesis_code/processed/E0/143/train-00031-of-00803_796.wav,processed,16000,1,48000,16000,1,48000,3.0,3.0,
/Users/tavantai/Developer/project_thesis_code/new_data/143/train-00031-of-00803_797.wav,/Users/tavantai/Developer/project_thesis_code/processed/E0/143/train-00031-of-00803_797.wav,processed,16000,1,48000,16000,1,48000,3.0,3.0,
/Users/tavantai/Developer/project_thesis_code/new_data/143/train-00031-of-00803_798.wav,/Users/tavantai/Developer/project_thesis_code/processed/E0/143/train-00031-of-00803_798.wav,processed,16000,1,48000,16000,1,48000,3.0,3.0,
/Users/tavantai/Developer/project_thesis_code/new_data/143/train-00031-of-00803_799.wav,/Users/tavantai/Developer/project_thesis_code/processed/E0/143/train-00031-of-00803_799.wav,processed,16000,1,48000,16000,1,48000,3.0,3.0,
/Users/tavantai/Developer/project_thesis_code/new_data/143/train-00031-of-00803_800.wav,/Users/tavantai/Developer/project_thesis_code/processed/E0/143/train-00031-of-00803_800.wav,processed,16000,1,48000,16000,1,48000,3.0,3.0,
/Users/tavantai/Developer/project_thesis_code/new_data/143/train-00031-of-00803_801.wav,/Users/tavantai/Developer/project_thesis_code/processed/E0/143/train-00031-of-00803_801.wav,processed,16000,1,48000,16000,1,48000,3.0,3.0,
/Users/tavantai/Developer/project_thesis_code/new_data/143/train-00031-of-00803_802.wav,/Users/tavantai/Developer/project_thesis_code/processed/E0/143/train-00031-of-00803_802.wav,processed,16000,1,48000,16000,1,48000,3.0,3.0,
/Users/tavantai/Developer/project_thesis_code/new_data/143/train-00031-of-00803_803.wav,/Users/tavantai/Developer/project_thesis_code/processed/E0/143/train-00031-of-00803_803.wav,processed,16000,1,48000,16000,1,48000,3.0,3.0,
/Users/tavantai/Developer/project_thesis_code/new_data/143/train-00031-of-00803_804.wav,/Users/tavantai/Developer/project_thesis_code/processed/E0/143/train-00031-of-00803_804.wav,processed,16000,1,48000,16000,1,48000,3.0,3.0,
/Users/tavantai/Developer/project_thesis_code/new_data/143/train-00031-of-00803_805.wav,/Users/tavantai/Developer/project_thesis_code/processed/E0/143/train-00031-of-00803_805.wav,processed,16000,1,48000,16000,1,48000,3.0,3.0,
/Users/tavantai/Developer/project_thesis_code/new_data/143/train-00031-of-00803_806.wav,/Users/tavantai/Developer/project_thesis_code/processed/E0/143/train-00031-of-00803_806.wav,processed,16000,1,48000,16000,1,48000,3.0,3.0,
/Users/tavantai/Developer/project_thesis_code/new_data/143/train-00031-of-00803_807.wav,/Users/tavantai/Developer/project_thesis_code/processed/E0/143/train-00031-of-00803_807.wav,processed,16000,1,48000,16000,1,48000,3.0,3.0,
/Users/tavantai/Developer/project_thesis_code/new_data/143/train-00031-of-00803_808.wav,/Users/tavantai/Developer/project_thesis_code/processed/E0/143/train-00031-of-00803_808.wav,processed,16000,1,48000,16000,1,48000,3.0,3.0,
/Users/tavantai/Developer/project_thesis_code/new_data/143/train-00031-of-00803_809.wav,/Users/tavantai/Developer/project_thesis_code/processed/E0/143/train-00031-of-00803_809.wav,processed,16000,1,48000,16000,1,48000,3.0,3.0,
/Users/tavantai/Developer/project_thesis_code/new_data/143/train-00031-of-00803_810.wav,/Users/tavantai/Developer/project_thesis_code/processed/E0/143/train-00031-of-00803_810.wav,processed,16000,1,48000,16000,1,48000,3.0,3.0,
/Users/tavantai/Developer/project_thesis_code/new_data/143/train-00031-of-00803_811.wav,/Users/tavantai/Developer/project_thesis_code/processed/E0/143/train-00031-of-00803_811.wav,processed,16000,1,48000,16000,1,48000,3.0,3.0,
/Users/tavantai/Developer/project_thesis_code/new_data/143/train-00031-of-00803_812.wav,/Users/tavantai/Developer/project_thesis_code/processed/E0/143/train-00031-of-00803_812.wav,processed,16000,1,48000,16000,1,48000,3.0,3.0,
/Users/tavantai/Developer/project_thesis_code/new_data/143/train-00031-of-00803_813.wav,/Users/tavantai/Developer/project_thesis_code/processed/E0/143/train-00031-of-00803_813.wav,processed,16000,1,48000,16000,1,48000,3.0,3.0,
/Users/tavantai/Developer/project_thesis_code/new_data/143/train-00031-of-00803_814.wav,/Users/tavantai/Developer/project_thesis_code/processed/E0/143/train-00031-of-00803_814.wav,processed,16000,1,48000,16000,1,48000,3.0,3.0,
/Users/tavantai/Developer/project_thesis_code/new_data/143/train-00031-of-00803_815.wav,/Users/tavantai/Developer/project_thesis_code/processed/E0/143/train-00031-of-00803_815.wav,processed,16000,1,48000,16000,1,48000,3.0,3.0,
/Users/tavantai/Developer/project_thesis_code/new_data/143/train-00031-of-00803_816.wav,/Users/tavantai/Developer/project_thesis_code/processed/E0/143/train-00031-of-00803_816.wav,processed,16000,1,48000,16000,1,48000,3.0,3.0,
/Users/tavantai/Developer/project_thesis_code/new_data/143/train-00031-of-00803_817.wav,/Users/tavantai/Developer/project_thesis_code/processed/E0/143/train-00031-of-00803_817.wav,processed,16000,1,48000,16000,1,48000,3.0,3.0,
/Users/tavantai/Developer/project_thesis_code/new_data/143/train-00031-of-00803_818.wav,/Users/tavantai/Developer/project_thesis_code/processed/E0/143/train-00031-of-00803_818.wav,processed,16000,1,48000,16000,1,48000,3.0,3.0,
/Users/tavantai/Developer/project_thesis_code/new_data/143/train-00031-of-00803_819.wav,/Users/tavantai/Developer/project_thesis_code/processed/E0/143/train-00031-of-00803_819.wav,processed,16000,1,48000,16000,1,48000,3.0,3.0,
/Users/tavantai/Developer/project_thesis_code/new_data/143/train-00031-of-00803_820.wav,/Users/tavantai/Developer/project_thesis_code/processed/E0/143/train-00031-of-00803_820.wav,processed,16000,1,48000,16000,1,48000,3.0,3.0,
/Users/tavantai/Developer/project_thesis_code/new_data/143/train-00031-of-00803_821.wav,/Users/tavantai/Developer/project_thesis_code/processed/E0/143/train-00031-of-00803_821.wav,processed,16000,1,48000,16000,1,48000,3.0,3.0,
/Users/tavantai/Developer/project_thesis_code/new_data/143/train-00031-of-00803_822.wav,/Users/tavantai/Developer/project_thesis_code/processed/E0/143/train-00031-of-00803_822.wav,processed,16000,1,48000,16000,1,48000,3.0,3.0,
/Users/tavantai/Developer/project_thesis_code/new_data/143/train-00031-of-00803_823.wav,/Users/tavantai/Developer/project_thesis_code/processed/E0/143/train-00031-of-00803_823.wav,processed,16000,1,48000,16000,1,48000,3.0,3.0,
/Users/tavantai/Developer/project_thesis_code/new_data/143/train-00031-of-00803_824.wav,/Users/tavantai/Developer/project_thesis_code/processed/E0/143/train-00031-of-00803_824.wav,processed,16000,1,48000,16000,1,48000,3.0,3.0,
/Users/tavantai/Developer/project_thesis_code/new_data/143/train-00031-of-00803_825.wav,/Users/tavantai/Developer/project_thesis_code/processed/E0/143/train-00031-of-00803_825.wav,processed,16000,1,48000,16000,1,48000,3.0,3.0,
/Users/tavantai/Developer/project_thesis_code/new_data/143/train-00031-of-00803_826.wav,/Users/tavantai/Developer/project_thesis_code/processed/E0/143/train-00031-of-00803_826.wav,processed,16000,1,48000,16000,1,48000,3.0,3.0,
/Users/tavantai/Developer/project_thesis_code/new_data/143/train-00031-of-00803_827.wav,/Users/tavantai/Developer/project_thesis_code/processed/E0/143/train-00031-of-00803_827.wav,processed,16000,1,48000,16000,1,48000,3.0,3.0,
/Users/tavantai/Developer/project_thesis_code/new_data/143/train-00031-of-00803_828.wav,/Users/tavantai/Developer/project_thesis_code/processed/E0/143/train-00031-of-00803_828.wav,processed,16000,1,48000,16000,1,48000,3.0,3.0,
/Users/tavantai/Developer/project_thesis_code/new_data/143/train-00031-of-00803_829.wav,/Users/tavantai/Developer/project_thesis_code/processed/E0/143/train-00031-of-00803_829.wav,processed,16000,1,48000,16000,1,48000,3.0,3.0,
/Users/tavantai/Developer/project_thesis_code/new_data/143/train-00031-of-00803_830.wav,/Users/tavantai/Developer/project_thesis_code/processed/E0/143/train-00031-of-00803_830.wav,processed,16000,1,48000,16000,1,48000,3.0,3.0,
/Users/tavantai/Developer/project_thesis_code/new_data/143/train-00031-of-00803_831.wav,/Users/tavantai/Developer/project_thesis_code/processed/E0/143/train-00031-of-00803_831.wav,processed,16000,1,48000,16000,1,48000,3.0,3.0,
/Users/tavantai/Developer/project_thesis_code/new_data/143/train-00031-of-00803_832.wav,/Users/tavantai/Developer/project_thesis_code/processed/E0/143/train-00031-of-00803_832.wav,processed,16000,1,48000,16000,1,48000,3.0,3.0,
/Users/tavantai/Developer/project_thesis_code/new_data/143/train-00031-of-00803_833.wav,/Users/tavantai/Developer/project_thesis_code/processed/E0/143/train-00031-of-00803_833.wav,processed,16000,1,48000,16000,1,48000,3.0,3.0,
/Users/tavantai/Developer/project_thesis_code/new_data/143/train-00031-of-00803_834.wav,/Users/tavantai/Developer/project_thesis_code/processed/E0/143/train-00031-of-00803_834.wav,processed,16000,1,48000,16000,1,48000,3.0,3.0,
/Users/tavantai/Developer/project_thesis_code/new_data/143/train-00031-of-00803_835.wav,/Users/tavantai/Developer/project_thesis_code/processed/E0/143/train-00031-of-00803_835.wav,processed,16000,1,48000,16000,1,48000,3.0,3.0,
/Users/tavantai/Developer/project_thesis_code/new_data/143/train-00031-of-00803_836.wav,/Users/tavantai/Developer/project_thesis_code/processed/E0/143/train-00031-of-00803_836.wav,processed,16000,1,48000,16000,1,48000,3.0,3.0,
/Users/tavantai/Developer/project_thesis_code/new_data/143/train-00031-of-00803_837.wav,/Users/tavantai/Developer/project_thesis_code/processed/E0/143/train-00031-of-00803_837.wav,processed,16000,1,48000,16000,1,48000,3.0,3.0,
/Users/tavantai/Developer/project_thesis_code/new_data/143/train-00031-of-00803_838.wav,/Users/tavantai/Developer/project_thesis_code/processed/E0/143/train-00031-of-00803_838.wav,processed,16000,1,48000,16000,1,48000,3.0,3.0,
/Users/tavantai/Developer/project_thesis_code/new_data/143/train-00031-of-00803_839.wav,/Users/tavantai/Developer/project_thesis_code/processed/E0/143/train-00031-of-00803_839.wav,processed,16000,1,48000,16000,1,48000,3.0,3.0,
/Users/tavantai/Developer/project_thesis_code/new_data/143/train-00031-of-00803_840.wav,/Users/tavantai/Developer/project_thesis_code/processed/E0/143/train-00031-of-00803_840.wav,processed,16000,1,48000,16000,1,48000,3.0,3.0,
/Users/tavantai/Developer/project_thesis_code/new_data/143/train-00031-of-00803_841.wav,/Users/tavantai/Developer/project_thesis_code/processed/E0/143/train-00031-of-00803_841.wav,processed,16000,1,48000,16000,1,48000,3.0,3.0,
/Users/tavantai/Developer/project_thesis_code/new_data/143/train-00031-of-00803_842.wav,/Users/tavantai/Developer/project_thesis_code/processed/E0/143/train-00031-of-00803_842.wav,processed,16000,1,48000,16000,1,48000,3.0,3.0,
/Users/tavantai/Developer/project_thesis_code/new_data/143/train-00031-of-00803_843.wav,/Users/tavantai/Developer/project_thesis_code/processed/E0/143/train-00031-of-00803_843.wav,processed,16000,1,48000,16000,1,48000,3.0,3.0,
/Users/tavantai/Developer/project_thesis_code/new_data/143/train-00031-of-00803_844.wav,/Users/tavantai/Developer/project_thesis_code/processed/E0/143/train-00031-of-00803_844.wav,processed,16000,1,48000,16000,1,48000,3.0,3.0,
/Users/tavantai/Developer/project_thesis_code/new_data/143/train-00031-of-00803_845.wav,/Users/tavantai/Developer/project_thesis_code/processed/E0/143/train-00031-of-00803_845.wav,processed,16000,1,48000,16000,1,48000,3.0,3.0,
/Users/tavantai/Developer/project_thesis_code/new_data/143/train-00031-of-00803_846.wav,/Users/tavantai/Developer/project_thesis_code/processed/E0/143/train-00031-of-00803_846.wav,processed,16000,1,48000,16000,1,48000,3.0,3.0,
/Users/tavantai/Developer/project_thesis_code/new_data/143/train-00031-of-00803_847.wav,/Users/tavantai/Developer/project_thesis_code/processed/E0/143/train-00031-of-00803_847.wav,processed,16000,1,48000,16000,1,48000,3.0,3.0,
/Users/tavantai/Developer/project_thesis_code/new_data/143/train-00031-of-00803_848.wav,/Users/tavantai/Developer/project_thesis_code/processed/E0/143/train-00031-of-00803_848.wav,processed,16000,1,48000,16000,1,48000,3.0,3.0,
/Users/tavantai/Developer/project_thesis_code/new_data/143/train-00031-of-00803_849.wav,/Users/tavantai/Developer/project_thesis_code/processed/E0/143/train-00031-of-00803_849.wav,processed,16000,1,48000,16000,1,48000,3.0,3.0,
/Users/tavantai/Developer/project_thesis_code/new_data/143/train-00031-of-00803_850.wav,/Users/tavantai/Developer/project_thesis_code/processed/E0/143/train-00031-of-00803_850.wav,processed,16000,1,48000,16000,1,48000,3.0,3.0,
/Users/tavantai/Developer/project_thesis_code/new_data/143/train-00031-of-00803_851.wav,/Users/tavantai/Developer/project_thesis_code/processed/E0/143/train-00031-of-00803_851.wav,processed,16000,1,48000,16000,1,48000,3.0,3.0,
/Users/tavantai/Developer/project_thesis_code/new_data/143/train-00031-of-00803_852.wav,/Users/tavantai/Developer/project_thesis_code/processed/E0/143/train-00031-of-00803_852.wav,processed,16000,1,48000,16000,1,48000,3.0,3.0,
/Users/tavantai/Developer/project_thesis_code/new_data/143/train-00031-of-00803_853.wav,/Users/tavantai/Developer/project_thesis_code/processed/E0/143/train-00031-of-00803_853.wav,processed,16000,1,48000,16000,1,48000,3.0,3.0,
/Users/tavantai/Developer/project_thesis_code/new_data/143/train-00031-of-00803_854.wav,/Users/tavantai/Developer/project_thesis_code/processed/E0/143/train-00031-of-00803_854.wav,processed,16000,1,48000,16000,1,48000,3.0,3.0,
/Users/tavantai/Developer/project_thesis_code/new_data/143/train-00031-of-00803_855.wav,/Users/tavantai/Developer/project_thesis_code/processed/E0/143/train-00031-of-00803_855.wav,processed,16000,1,48000,16000,1,48000,3.0,3.0,
/Users/tavantai/Developer/project_thesis_code/new_data/143/train-00031-of-00803_856.wav,/Users/tavantai/Developer/project_thesis_code/processed/E0/143/train-00031-of-00803_856.wav,processed,16000,1,48000,16000,1,48000,3.0,3.0,
/Users/tavantai/Developer/project_thesis_code/new_data/143/train-00031-of-00803_857.wav,/Users/tavantai/Developer/project_thesis_code/processed/E0/143/train-00031-of-00803_857.wav,processed,16000,1,48000,16000,1,48000,3.0,3.0,
/Users/tavantai/Developer/project_thesis_code/new_data/143/train-00031-of-00803_858.wav,/Users/tavantai/Developer/project_thesis_code/processed/E0/143/train-00031-of-00803_858.wav,processed,16000,1,48000,16000,1,48000,3.0,3.0,
/Users/tavantai/Developer/project_thesis_code/new_data/143/train-00031-of-00803_859.wav,/Users/tavantai/Developer/project_thesis_code/processed/E0/143/train-00031-of-00803_859.wav,processed,16000,1,48000,16000,1,48000,3.0,3.0,
/Users/tavantai/Developer/project_thesis_code/new_data/143/train-00031-of-00803_860.wav,/Users/tavantai/Developer/project_thesis_code/processed/E0/143/train-00031-of-00803_860.wav,processed,16000,1,48000,16000,1,48000,3.0,3.0,
/Users/tavantai/Developer/project_thesis_code/new_data/143/train-00031-of-00803_861.wav,/Users/tavantai/Developer/project_thesis_code/processed/E0/143/train-00031-of-00803_861.wav,processed,16000,1,48000,16000,1,48000,3.0,3.0,
/Users/tavantai/Developer/project_thesis_code/new_data/143/train-00031-of-00803_862.wav,/Users/tavantai/Developer/project_thesis_code/processed/E0/143/train-00031-of-00803_862.wav,processed,16000,1,48000,16000,1,48000,3.0,3.0,
/Users/tavantai/Developer/project_thesis_code/new_data/143/train-00031-of-00803_863.wav,/Users/tavantai/Developer/project_thesis_code/processed/E0/143/train-00031-of-00803_863.wav,processed,16000,1,48000,16000,1,48000,3.0,3.0,
/Users/tavantai/Developer/project_thesis_code/new_data/143/train-00031-of-00803_864.wav,/Users/tavantai/Developer/project_thesis_code/processed/E0/143/train-00031-of-00803_864.wav,processed,16000,1,48000,16000,1,48000,3.0,3.0,
/Users/tavantai/Developer/project_thesis_code/new_data/143/train-00031-of-00803_865.wav,/Users/tavantai/Developer/project_thesis_code/processed/E0/143/train-00031-of-00803_865.wav,processed,16000,1,48000,16000,1,48000,3.0,3.0,
/Users/tavantai/Developer/project_thesis_code/new_data/143/train-00031-of-00803_866.wav,/Users/tavantai/Developer/project_thesis_code/processed/E0/143/train-00031-of-00803_866.wav,processed,16000,1,48000,16000,1,48000,3.0,3.0,
/Users/tavantai/Developer/project_thesis_code/new_data/143/train-00031-of-00803_867.wav,/Users/tavantai/Developer/project_thesis_code/processed/E0/143/train-00031-of-00803_867.wav,processed,16000,1,48000,16000,1,48000,3.0,3.0,
/Users/tavantai/Developer/project_thesis_code/new_data/143/train-00031-of-00803_868.wav,/Users/tavantai/Developer/project_thesis_code/processed/E0/143/train-00031-of-00803_868.wav,processed,16000,1,48000,16000,1,48000,3.0,3.0,
/Users/tavantai/Developer/project_thesis_code/new_data/143/train-00031-of-00803_869.wav,/Users/tavantai/Developer/project_thesis_code/processed/E0/143/train-00031-of-00803_869.wav,processed,16000,1,48000,16000,1,48000,3.0,3.0,
/Users/tavantai/Developer/project_thesis_code/new_data/143/train-00031-of-00803_870.wav,/Users/tavantai/Developer/project_thesis_code/processed/E0/143/train-00031-of-00803_870.wav,processed,16000,1,48000,16000,1,48000,3.0,3.0,
/Users/tavantai/Developer/project_thesis_code/new_data/143/train-00031-of-00803_871.wav,/Users/tavantai/Developer/project_thesis_code/processed/E0/143/train-00031-of-00803_871.wav,processed,16000,1,48000,16000,1,48000,3.0,3.0,
/Users/tavantai/Developer/project_thesis_code/new_data/143/train-00031-of-00803_872.wav,/Users/tavantai/Developer/project_thesis_code/processed/E0/143/train-00031-of-00803_872.wav,processed,16000,1,48000,16000,1,48000,3.0,3.0,
/Users/tavantai/Developer/project_thesis_code/new_data/143/train-00031-of-00803_873.wav,/Users/tavantai/Developer/project_thesis_code/processed/E0/143/train-00031-of-00803_873.wav,processed,16000,1,48000,16000,1,48000,3.0,3.0,
/Users/tavantai/Developer/project_thesis_code/new_data/143/train-00031-of-00803_874.wav,/Users/tavantai/Developer/project_thesis_code/processed/E0/143/train-00031-of-00803_874.wav,processed,16000,1,48000,16000,1,48000,3.0,3.0,
/Users/tavantai/Developer/project_thesis_code/new_data/143/train-00031-of-00803_875.wav,/Users/tavantai/Developer/project_thesis_code/processed/E0/143/train-00031-of-00803_875.wav,processed,16000,1,48000,16000,1,48000,3.0,3.0,
/Users/tavantai/Developer/project_thesis_code/new_data/143/train-00031-of-00803_876.wav,/Users/tavantai/Developer/project_thesis_code/processed/E0/143/train-00031-of-00803_876.wav,processed,16000,1,48000,16000,1,48000,3.0,3.0,
/Users/tavantai/Developer/project_thesis_code/new_data/143/train-00031-of-00803_877.wav,/Users/tavantai/Developer/project_thesis_code/processed/E0/143/train-00031-of-00803_877.wav,processed,16000,1,48000,16000,1,48000,3.0,3.0,
/Users/tavantai/Developer/project_thesis_code/new_data/143/train-00031-of-00803_878.wav,/Users/tavantai/Developer/project_thesis_code/processed/E0/143/train-00031-of-00803_878.wav,processed,16000,1,48000,16000,1,48000,3.0,3.0,
/Users/tavantai/Developer/project_thesis_code/new_data/143/train-00031-of-00803_879.wav,/Users/tavantai/Developer/project_thesis_code/processed/E0/143/train-00031-of-00803_879.wav,processed,16000,1,48000,16000,1,48000,3.0,3.0,
/Users/tavantai/Developer/project_thesis_code/new_data/143/train-00031-of-00803_880.wav,/Users/tavantai/Developer/project_thesis_code/processed/E0/143/train-00031-of-00803_880.wav,processed,16000,1,48000,16000,1,48000,3.0,3.0,
/Users/tavantai/Developer/project_thesis_code/new_data/143/train-00031-of-00803_881.wav,/Users/tavantai/Developer/project_thesis_code/processed/E0/143/train-00031-of-00803_881.wav,processed,16000,1,48000,16000,1,48000,3.0,3.0,
/Users/tavantai/Developer/project_thesis_code/new_data/143/train-00031-of-00803_882.wav,/Users/tavantai/Developer/project_thesis_code/processed/E0/143/train-00031-of-00803_882.wav,processed,16000,1,48000,16000,1,48000,3.0,3.0,
/Users/tavantai/Developer/project_thesis_code/new_data/143/train-00031-of-00803_883.wav,/Users/tavantai/Developer/project_thesis_code/processed/E0/143/train-00031-of-00803_883.wav,processed,16000,1,48000,16000,1,48000,3.0,3.0,
/Users/tavantai/Developer/project_thesis_code/new_data/143/train-00031-of-00803_884.wav,/Users/tavantai/Developer/project_thesis_code/processed/E0/143/train-00031-of-00803_884.wav,processed,16000,1,48000,16000,1,48000,3.0,3.0,
/Users/tavantai/Developer/project_thesis_code/new_data/143/train-00031-of-00803_885.wav,/Users/tavantai/Developer/project_thesis_code/processed/E0/143/train-00031-of-00803_885.wav,processed,16000,1,48000,16000,1,48000,3.0,3.0,
/Users/tavantai/Developer/project_thesis_code/new_data/143/train-00031-of-00803_886.wav,/Users/tavantai/Developer/project_thesis_code/processed/E0/143/train-00031-of-00803_886.wav,processed,16000,1,48000,16000,1,48000,3.0,3.0,
/Users/tavantai/Developer/project_thesis_code/new_data/143/train-00031-of-00803_887.wav,/Users/tavantai/Developer/project_thesis_code/processed/E0/143/train-00031-of-00803_887.wav,processed,16000,1,48000,16000,1,48000,3.0,3.0,
/Users/tavantai/Developer/project_thesis_code/new_data/143/train-00031-of-00803_888.wav,/Users/tavantai/Developer/project_thesis_code/processed/E0/143/train-00031-of-00803_888.wav,processed,16000,1,48000,16000,1,48000,3.0,3.0,
/Users/tavantai/Developer/project_thesis_code/new_data/143/train-00031-of-00803_889.wav,/Users/tavantai/Developer/project_thesis_code/processed/E0/143/train-00031-of-00803_889.wav,processed,16000,1,48000,16000,1,48000,3.0,3.0,
/Users/tavantai/Developer/project_thesis_code/new_data/143/train-00031-of-00803_890.wav,/Users/tavantai/Developer/project_thesis_code/processed/E0/143/train-00031-of-00803_890.wav,processed,16000,1,48000,16000,1,48000,3.0,3.0,
/Users/tavantai/Developer/project_thesis_code/new_data/143/train-00031-of-00803_891.wav,/Users/tavantai/Developer/project_thesis_code/processed/E0/143/train-00031-of-00803_891.wav,processed,16000,1,48000,16000,1,48000,3.0,3.0,
/Users/tavantai/Developer/project_thesis_code/new_data/143/train-00031-of-00803_892.wav,/Users/tavantai/Developer/project_thesis_code/processed/E0/143/train-00031-of-00803_892.wav,processed,16000,1,48000,16000,1,48000,3.0,3.0,
/Users/tavantai/Developer/project_thesis_code/new_data/143/train-00031-of-00803_893.wav,/Users/tavantai/Developer/project_thesis_code/processed/E0/143/train-00031-of-00803_893.wav,processed,16000,1,48000,16000,1,48000,3.0,3.0,
/Users/tavantai/Developer/project_thesis_code/new_data/143/train-00031-of-00803_894.wav,/Users/tavantai/Developer/project_thesis_code/processed/E0/143/train-00031-of-00803_894.wav,processed,16000,1,48000,16000,1,48000,3.0,3.0,
/Users/tavantai/Developer/project_thesis_code/new_data/143/train-00031-of-00803_895.wav,/Users/tavantai/Developer/project_thesis_code/processed/E0/143/train-00031-of-00803_895.wav,processed,16000,1,48000,16000,1,48000,3.0,3.0,
/Users/tavantai/Developer/project_thesis_code/new_data/143/train-00031-of-00803_896.wav,/Users/tavantai/Developer/project_thesis_code/processed/E0/143/train-00031-of-00803_896.wav,processed,16000,1,48000,16000,1,48000,3.0,3.0,
/Users/tavantai/Developer/project_thesis_code/new_data/143/train-00031-of-00803_897.wav,/Users/tavantai/Developer/project_thesis_code/processed/E0/143/train-00031-of-00803_897.wav,processed,16000,1,48000,16000,1,48000,3.0,3.0,
/Users/tavantai/Developer/project_thesis_code/new_data/143/train-00031-of-00803_898.wav,/Users/tavantai/Developer/project_thesis_code/processed/E0/143/train-00031-of-00803_898.wav,processed,16000,1,48000,16000,1,48000,3.0,3.0,
/Users/tavantai/Developer/project_thesis_code/new_data/143/train-00031-of-00803_899.wav,/Users/tavantai/Developer/project_thesis_code/processed/E0/143/train-00031-of-00803_899.wav,processed,16000,1,48000,16000,1,48000,3.0,3.0,
/Users/tavantai/Developer/project_thesis_code/new_data/143/train-00031-of-00803_900.wav,/Users/tavantai/Developer/project_thesis_code/processed/E0/143/train-00031-of-00803_900.wav,processed,16000,1,48000,16000,1,48000,3.0,3.0,
/Users/tavantai/Developer/project_thesis_code/new_data/143/train-00031-of-00803_901.wav,/Users/tavantai/Developer/project_thesis_code/processed/E0/143/train-00031-of-00803_901.wav,processed,16000,1,48000,16000,1,48000,3.0,3.0,
/Users/tavantai/Developer/project_thesis_code/new_data/143/train-00031-of-00803_902.wav,/Users/tavantai/Developer/project_thesis_code/processed/E0/143/train-00031-of-00803_902.wav,processed,16000,1,48000,16000,1,48000,3.0,3.0,
/Users/tavantai/Developer/project_thesis_code/new_data/143/train-00031-of-00803_903.wav,/Users/tavantai/Developer/project_thesis_code/processed/E0/143/train-00031-of-00803_903.wav,processed,16000,1,48000,16000,1,48000,3.0,3.0,
/Users/tavantai/Developer/project_thesis_code/new_data/143/train-00031-of-00803_904.wav,/Users/tavantai/Developer/project_thesis_code/processed/E0/143/train-00031-of-00803_904.wav,processed,16000,1,48000,16000,1,48000,3.0,3.0,
/Users/tavantai/Developer/project_thesis_code/new_data/143/train-00031-of-00803_905.wav,/Users/tavantai/Developer/project_thesis_code/processed/E0/143/train-00031-of-00803_905.wav,processed,16000,1,48000,16000,1,48000,3.0,3.0,
/Users/tavantai/Developer/project_thesis_code/new_data/143/train-00031-of-00803_906.wav,/Users/tavantai/Developer/project_thesis_code/processed/E0/143/train-00031-of-00803_906.wav,processed,16000,1,48000,16000,1,48000,3.0,3.0,
/Users/tavantai/Developer/project_thesis_code/new_data/143/train-00031-of-00803_907.wav,/Users/tavantai/Developer/project_thesis_code/processed/E0/143/train-00031-of-00803_907.wav,processed,16000,1,48000,16000,1,48000,3.0,3.0,
/Users/tavantai/Developer/project_thesis_code/new_data/143/train-00031-of-00803_908.wav,/Users/tavantai/Developer/project_thesis_code/processed/E0/143/train-00031-of-00803_908.wav,processed,16000,1,48000,16000,1,48000,3.0,3.0,
/Users/tavantai/Developer/project_thesis_code/new_data/143/train-00031-of-00803_909.wav,/Users/tavantai/Developer/project_thesis_code/processed/E0/143/train-00031-of-00803_909.wav,processed,16000,1,48000,16000,1,48000,3.0,3.0,
/Users/tavantai/Developer/project_thesis_code/new_data/143/train-00031-of-00803_910.wav,/Users/tavantai/Developer/project_thesis_code/processed/E0/143/train-00031-of-00803_910.wav,processed,16000,1,48000,16000,1,48000,3.0,3.0,
/Users/tavantai/Developer/project_thesis_code/new_data/143/train-00031-of-00803_911.wav,/Users/tavantai/Developer/project_thesis_code/processed/E0/143/train-00031-of-00803_911.wav,processed,16000,1,48000,16000,1,48000,3.0,3.0,
/Users/tavantai/Developer/project_thesis_code/new_data/143/train-00031-of-00803_912.wav,/Users/tavantai/Developer/project_thesis_code/processed/E0/143/train-00031-of-00803_912.wav,processed,16000,1,48000,16000,1,48000,3.0,3.0,
/Users/tavantai/Developer/project_thesis_code/new_data/143/train-00031-of-00803_913.wav,/Users/tavantai/Developer/project_thesis_code/processed/E0/143/train-00031-of-00803_913.wav,processed,16000,1,48000,16000,1,48000,3.0,3.0,
/Users/tavantai/Developer/project_thesis_code/new_data/143/train-00031-of-00803_914.wav,/Users/tavantai/Developer/project_thesis_code/processed/E0/143/train-00031-of-00803_914.wav,processed,16000,1,48000,16000,1,48000,3.0,3.0,
/Users/tavantai/Developer/project_thesis_code/new_data/143/train-00031-of-00803_915.wav,/Users/tavantai/Developer/project_thesis_code/processed/E0/143/train-00031-of-00803_915.wav,processed,16000,1,48000,16000,1,48000,3.0,3.0,
/Users/tavantai/Developer/project_thesis_code/new_data/143/train-00031-of-00803_916.wav,/Users/tavantai/Developer/project_thesis_code/processed/E0/143/train-00031-of-00803_916.wav,processed,16000,1,48000,16000,1,48000,3.0,3.0,
/Users/tavantai/Developer/project_thesis_code/new_data/143/train-00031-of-00803_917.wav,/Users/tavantai/Developer/project_thesis_code/processed/E0/143/train-00031-of-00803_917.wav,processed,16000,1,48000,16000,1,48000,3.0,3.0,
/Users/tavantai/Developer/project_thesis_code/new_data/143/train-00031-of-00803_918.wav,/Users/tavantai/Developer/project_thesis_code/processed/E0/143/train-00031-of-00803_918.wav,processed,16000,1,48000,16000,1,48000,3.0,3.0,
/Users/tavantai/Developer/project_thesis_code/new_data/143/train-00031-of-00803_919.wav,/Users/tavantai/Developer/project_thesis_code/processed/E0/143/train-00031-of-00803_919.wav,processed,16000,1,48000,16000,1,48000,3.0,3.0,
/Users/tavantai/Developer/project_thesis_code/new_data/143/train-00031-of-00803_920.wav,/Users/tavantai/Developer/project_thesis_code/processed/E0/143/train-00031-of-00803_920.wav,processed,16000,1,48000,16000,1,48000,3.0,3.0,
/Users/tavantai/Developer/project_thesis_code/new_data/143/train-00031-of-00803_921.wav,/Users/tavantai/Developer/project_thesis_code/processed/E0/143/train-00031-of-00803_921.wav,processed,16000,1,48000,16000,1,48000,3.0,3.0,
/Users/tavantai/Developer/project_thesis_code/new_data/143/train-00031-of-00803_922.wav,/Users/tavantai/Developer/project_thesis_code/processed/E0/143/train-00031-of-00803_922.wav,processed,16000,1,48000,16000,1,48000,3.0,3.0,
/Users/tavantai/Developer/project_thesis_code/new_data/143/train-00031-of-00803_923.wav,/Users/tavantai/Developer/project_thesis_code/processed/E0/143/train-00031-of-00803_923.wav,processed,16000,1,48000,16000,1,48000,3.0,3.0,
/Users/tavantai/Developer/project_thesis_code/new_data/143/train-00031-of-00803_924.wav,/Users/tavantai/Developer/project_thesis_code/processed/E0/143/train-00031-of-00803_924.wav,processed,16000,1,48000,16000,1,48000,3.0,3.0,
/Users/tavantai/Developer/project_thesis_code/new_data/143/train-00031-of-00803_925.wav,/Users/tavantai/Developer/project_thesis_code/processed/E0/143/train-00031-of-00803_925.wav,processed,16000,1,48000,16000,1,48000,3.0,3.0,
/Users/tavantai/Developer/project_thesis_code/new_data/143/train-00031-of-00803_926.wav,/Users/tavantai/Developer/project_thesis_code/processed/E0/143/train-00031-of-00803_926.wav,processed,16000,1,48000,16000,1,48000,3.0,3.0,
/Users/tavantai/Developer/project_thesis_code/new_data/143/train-00031-of-00803_927.wav,/Users/tavantai/Developer/project_thesis_code/processed/E0/143/train-00031-of-00803_927.wav,processed,16000,1,48000,16000,1,48000,3.0,3.0,
/Users/tavantai/Developer/project_thesis_code/new_data/143/train-00031-of-00803_928.wav,/Users/tavantai/Developer/project_thesis_code/processed/E0/143/train-00031-of-00803_928.wav,processed,16000,1,48000,16000,1,48000,3.0,3.0,
/Users/tavantai/Developer/project_thesis_code/new_data/143/train-00031-of-00803_929.wav,/Users/tavantai/Developer/project_thesis_code/processed/E0/143/train-00031-of-00803_929.wav,processed,16000,1,48000,16000,1,48000,3.0,3.0,
/Users/tavantai/Developer/project_thesis_code/new_data/143/train-00031-of-00803_930.wav,/Users/tavantai/Developer/project_thesis_code/processed/E0/143/train-00031-of-00803_930.wav,processed,16000,1,48000,16000,1,48000,3.0,3.0,
/Users/tavantai/Developer/project_thesis_code/new_data/143/train-00031-of-00803_931.wav,/Users/tavantai/Developer/project_thesis_code/processed/E0/143/train-00031-of-00803_931.wav,processed,16000,1,48000,16000,1,48000,3.0,3.0,
/Users/tavantai/Developer/project_thesis_code/new_data/143/train-00031-of-00803_932.wav,/Users/tavantai/Developer/project_thesis_code/processed/E0/143/train-00031-of-00803_932.wav,processed,16000,1,48000,16000,1,48000,3.0,3.0,
/Users/tavantai/Developer/project_thesis_code/new_data/143/train-00031-of-00803_933.wav,/Users/tavantai/Developer/project_thesis_code/processed/E0/143/train-00031-of-00803_933.wav,processed,16000,1,48000,16000,1,48000,3.0,3.0,
/Users/tavantai/Developer/project_thesis_code/new_data/143/train-00031-of-00803_934.wav,/Users/tavantai/Developer/project_thesis_code/processed/E0/143/train-00031-of-00803_934.wav,processed,16000,1,48000,16000,1,48000,3.0,3.0,
/Users/tavantai/Developer/project_thesis_code/new_data/143/train-00031-of-00803_935.wav,/Users/tavantai/Developer/project_thesis_code/processed/E0/143/train-00031-of-00803_935.wav,processed,16000,1,48000,16000,1,48000,3.0,3.0,
/Users/tavantai/Developer/project_thesis_code/new_data/143/train-00031-of-00803_936.wav,/Users/tavantai/Developer/project_thesis_code/processed/E0/143/train-00031-of-00803_936.wav,processed,16000,1,48000,16000,1,48000,3.0,3.0,
/Users/tavantai/Developer/project_thesis_code/new_data/143/train-00031-of-00803_937.wav,/Users/tavantai/Developer/project_thesis_code/processed/E0/143/train-00031-of-00803_937.wav,processed,16000,1,48000,16000,1,48000,3.0,3.0,
/Users/tavantai/Developer/project_thesis_code/new_data/143/train-00031-of-00803_938.wav,/Users/tavantai/Developer/project_thesis_code/processed/E0/143/train-00031-of-00803_938.wav,processed,16000,1,48000,16000,1,48000,3.0,3.0,
/Users/tavantai/Developer/project_thesis_code/new_data/143/train-00031-of-00803_939.wav,/Users/tavantai/Developer/project_thesis_code/processed/E0/143/train-00031-of-00803_939.wav,processed,16000,1,48000,16000,1,48000,3.0,3.0,
/Users/tavantai/Developer/project_thesis_code/new_data/143/train-00031-of-00803_940.wav,/Users/tavantai/Developer/project_thesis_code/processed/E0/143/train-00031-of-00803_940.wav,processed,16000,1,48000,16000,1,48000,3.0,3.0,
/Users/tavantai/Developer/project_thesis_code/new_data/143/train-00031-of-00803_941.wav,/Users/tavantai/Developer/project_thesis_code/processed/E0/143/train-00031-of-00803_941.wav,processed,16000,1,48000,16000,1,48000,3.0,3.0,
/Users/tavantai/Developer/project_thesis_code/new_data/143/train-00031-of-00803_942.wav,/Users/tavantai/Developer/project_thesis_code/processed/E0/143/train-00031-of-00803_942.wav,processed,16000,1,48000,16000,1,48000,3.0,3.0,
/Users/tavantai/Developer/project_thesis_code/new_data/143/train-00031-of-00803_943.wav,/Users/tavantai/Developer/project_thesis_code/processed/E0/143/train-00031-of-00803_943.wav,processed,16000,1,48000,16000,1,48000,3.0,3.0,
/Users/tavantai/Developer/project_thesis_code/new_data/143/train-00031-of-00803_944.wav,/Users/tavantai/Developer/project_thesis_code/processed/E0/143/train-00031-of-00803_944.wav,processed,16000,1,48000,16000,1,48000,3.0,3.0,
/Users/tavantai/Developer/project_thesis_code/new_data/143/train-00031-of-00803_945.wav,/Users/tavantai/Developer/project_thesis_code/processed/E0/143/train-00031-of-00803_945.wav,processed,16000,1,48000,16000,1,48000,3.0,3.0,
/Users/tavantai/Developer/project_thesis_code/new_data/143/train-00031-of-00803_946.wav,/Users/tavantai/Developer/project_thesis_code/processed/E0/143/train-00031-of-00803_946.wav,processed,16000,1,48000,16000,1,48000,3.0,3.0,
/Users/tavantai/Developer/project_thesis_code/new_data/143/train-00031-of-00803_947.wav,/Users/tavantai/Developer/project_thesis_code/processed/E0/143/train-00031-of-00803_947.wav,processed,16000,1,48000,16000,1,48000,3.0,3.0,
/Users/tavantai/Developer/project_thesis_code/new_data/143/train-00031-of-00803_948.wav,/Users/tavantai/Developer/project_thesis_code/processed/E0/143/train-00031-of-00803_948.wav,processed,16000,1,48000,16000,1,48000,3.0,3.0,
/Users/tavantai/Developer/project_thesis_code/new_data/143/train-00031-of-00803_949.wav,/Users/tavantai/Developer/project_thesis_code/processed/E0/143/train-00031-of-00803_949.wav,processed,16000,1,48000,16000,1,48000,3.0,3.0,
/Users/tavantai/Developer/project_thesis_code/new_data/143/train-00031-of-00803_950.wav,/Users/tavantai/Developer/project_thesis_code/processed/E0/143/train-00031-of-00803_950.wav,processed,16000,1,48000,16000,1,48000,3.0,3.0,
/Users/tavantai/Developer/project_thesis_code/new_data/143/train-00031-of-00803_951.wav,/Users/tavantai/Developer/project_thesis_code/processed/E0/143/train-00031-of-00803_951.wav,processed,16000,1,48000,16000,1,48000,3.0,3.0,
/Users/tavantai/Developer/project_thesis_code/new_data/143/train-00031-of-00803_952.wav,/Users/tavantai/Developer/project_thesis_code/processed/E0/143/train-00031-of-00803_952.wav,processed,16000,1,48000,16000,1,48000,3.0,3.0,
/Users/tavantai/Developer/project_thesis_code/new_data/143/train-00031-of-00803_953.wav,/Users/tavantai/Developer/project_thesis_code/processed/E0/143/train-00031-of-00803_953.wav,processed,16000,1,48000,16000,1,48000,3.0,3.0,
/Users/tavantai/Developer/project_thesis_code/new_data/143/train-00031-of-00803_954.wav,/Users/tavantai/Developer/project_thesis_code/processed/E0/143/train-00031-of-00803_954.wav,processed,16000,1,48000,16000,1,48000,3.0,3.0,
/Users/tavantai/Developer/project_thesis_code/new_data/143/train-00031-of-00803_955.wav,/Users/tavantai/Developer/project_thesis_code/processed/E0/143/train-00031-of-00803_955.wav,processed,16000,1,48000,16000,1,48000,3.0,3.0,
/Users/tavantai/Developer/project_thesis_code/new_data/143/train-00031-of-00803_956.wav,/Users/tavantai/Developer/project_thesis_code/processed/E0/143/train-00031-of-00803_956.wav,processed,16000,1,48000,16000,1,48000,3.0,3.0,
/Users/tavantai/Developer/project_thesis_code/new_data/143/train-00031-of-00803_957.wav,/Users/tavantai/Developer/project_thesis_code/processed/E0/143/train-00031-of-00803_957.wav,processed,16000,1,48000,16000,1,48000,3.0,3.0,
/Users/tavantai/Developer/project_thesis_code/new_data/143/train-00031-of-00803_958.wav,/Users/tavantai/Developer/project_thesis_code/processed/E0/143/train-00031-of-00803_958.wav,processed,16000,1,48000,16000,1,48000,3.0,3.0,
/Users/tavantai/Developer/project_thesis_code/new_data/143/train-00031-of-00803_959.wav,/Users/tavantai/Developer/project_thesis_code/processed/E0/143/train-00031-of-00803_959.wav,processed,16000,1,48000,16000,1,48000,3.0,3.0,
/Users/tavantai/Developer/project_thesis_code/new_data/143/train-00031-of-00803_960.wav,/Users/tavantai/Developer/project_thesis_code/processed/E0/143/train-00031-of-00803_960.wav,processed,16000,1,48000,16000,1,48000,3.0,3.0,
/Users/tavantai/Developer/project_thesis_code/new_data/143/train-00031-of-00803_961.wav,/Users/tavantai/Developer/project_thesis_code/processed/E0/143/train-00031-of-00803_961.wav,processed,16000,1,48000,16000,1,48000,3.0,3.0,
/Users/tavantai/Developer/project_thesis_code/new_data/143/train-00031-of-00803_962.wav,/Users/tavantai/Developer/project_thesis_code/processed/E0/143/train-00031-of-00803_962.wav,processed,16000,1,48000,16000,1,48000,3.0,3.0,
/Users/tavantai/Developer/project_thesis_code/new_data/143/train-00031-of-00803_963.wav,/Users/tavantai/Developer/project_thesis_code/processed/E0/143/train-00031-of-00803_963.wav,processed,16000,1,48000,16000,1,48000,3.0,3.0,
/Users/tavantai/Developer/project_thesis_code/new_data/143/train-00031-of-00803_964.wav,/Users/tavantai/Developer/project_thesis_code/processed/E0/143/train-00031-of-00803_964.wav,processed,16000,1,48000,16000,1,48000,3.0,3.0,
/Users/tavantai/Developer/project_thesis_code/new_data/143/train-00031-of-00803_965.wav,/Users/tavantai/Developer/project_thesis_code/processed/E0/143/train-00031-of-00803_965.wav,processed,16000,1,48000,16000,1,48000,3.0,3.0,
/Users/tavantai/Developer/project_thesis_code/new_data/143/train-00031-of-00803_966.wav,/Users/tavantai/Developer/project_thesis_code/processed/E0/143/train-00031-of-00803_966.wav,processed,16000,1,48000,16000,1,48000,3.0,3.0,
/Users/tavantai/Developer/project_thesis_code/new_data/143/train-00031-of-00803_967.wav,/Users/tavantai/Developer/project_thesis_code/processed/E0/143/train-00031-of-00803_967.wav,processed,16000,1,48000,16000,1,48000,3.0,3.0,
/Users/tavantai/Developer/project_thesis_code/new_data/143/train-00031-of-00803_968.wav,/Users/tavantai/Developer/project_thesis_code/processed/E0/143/train-00031-of-00803_968.wav,processed,16000,1,48000,16000,1,48000,3.0,3.0,
/Users/tavantai/Developer/project_thesis_code/new_data/143/train-00031-of-00803_969.wav,/Users/tavantai/Developer/project_thesis_code/processed/E0/143/train-00031-of-00803_969.wav,processed,16000,1,48000,16000,1,48000,3.0,3.0,
/Users/tavantai/Developer/project_thesis_code/new_data/143/train-00031-of-00803_970.wav,/Users/tavantai/Developer/project_thesis_code/processed/E0/143/train-00031-of-00803_970.wav,processed,16000,1,48000,16000,1,48000,3.0,3.0,
/Users/tavantai/Developer/project_thesis_code/new_data/143/train-00031-of-00803_971.wav,/Users/tavantai/Developer/project_thesis_code/processed/E0/143/train-00031-of-00803_971.wav,processed,16000,1,48000,16000,1,48000,3.0,3.0,
/Users/tavantai/Developer/project_thesis_code/new_data/143/train-00031-of-00803_972.wav,/Users/tavantai/Developer/project_thesis_code/processed/E0/143/train-00031-of-00803_972.wav,processed,16000,1,48000,16000,1,48000,3.0,3.0,
/Users/tavantai/Developer/project_thesis_code/new_data/143/train-00031-of-00803_973.wav,/Users/tavantai/Developer/project_thesis_code/processed/E0/143/train-00031-of-00803_973.wav,processed,16000,1,48000,16000,1,48000,3.0,3.0,
/Users/tavantai/Developer/project_thesis_code/new_data/143/train-00031-of-00803_974.wav,/Users/tavantai/Developer/project_thesis_code/processed/E0/143/train-00031-of-00803_974.wav,processed,16000,1,48000,16000,1,48000,3.0,3.0,
/Users/tavantai/Developer/project_thesis_code/new_data/143/train-00031-of-00803_975.wav,/Users/tavantai/Developer/project_thesis_code/processed/E0/143/train-00031-of-00803_975.wav,processed,16000,1,48000,16000,1,48000,3.0,3.0,
/Users/tavantai/Developer/project_thesis_code/new_data/143/train-00031-of-00803_976.wav,/Users/tavantai/Developer/project_thesis_code/processed/E0/143/train-00031-of-00803_976.wav,processed,16000,1,48000,16000,1,48000,3.0,3.0,
/Users/tavantai/Developer/project_thesis_code/new_data/143/train-00031-of-00803_977.wav,/Users/tavantai/Developer/project_thesis_code/processed/E0/143/train-00031-of-00803_977.wav,processed,16000,1,48000,16000,1,48000,3.0,3.0,
/Users/tavantai/Developer/project_thesis_code/new_data/143/train-00031-of-00803_978.wav,/Users/tavantai/Developer/project_thesis_code/processed/E0/143/train-00031-of-00803_978.wav,processed,16000,1,48000,16000,1,48000,3.0,3.0,
/Users/tavantai/Developer/project_thesis_code/new_data/143/train-00031-of-00803_979.wav,/Users/tavantai/Developer/project_thesis_code/processed/E0/143/train-00031-of-00803_979.wav,processed,16000,1,48000,16000,1,48000,3.0,3.0,
/Users/tavantai/Developer/project_thesis_code/new_data/143/train-00031-of-00803_980.wav,/Users/tavantai/Developer/project_thesis_code/processed/E0/143/train-00031-of-00803_980.wav,processed,16000,1,48000,16000,1,48000,3.0,3.0,
/Users/tavantai/Developer/project_thesis_code/new_data/143/train-00031-of-00803_981.wav,/Users/tavantai/Developer/project_thesis_code/processed/E0/143/train-00031-of-00803_981.wav,processed,16000,1,48000,16000,1,48000,3.0,3.0,
/Users/tavantai/Developer/project_thesis_code/new_data/143/train-00031-of-00803_982.wav,/Users/tavantai/Developer/project_thesis_code/processed/E0/143/train-00031-of-00803_982.wav,processed,16000,1,48000,16000,1,48000,3.0,3.0,
/Users/tavantai/Developer/project_thesis_code/new_data/143/train-00031-of-00803_983.wav,/Users/tavantai/Developer/project_thesis_code/processed/E0/143/train-00031-of-00803_983.wav,processed,16000,1,48000,16000,1,48000,3.0,3.0,
/Users/tavantai/Developer/project_thesis_code/new_data/143/train-00031-of-00803_984.wav,/Users/tavantai/Developer/project_thesis_code/processed/E0/143/train-00031-of-00803_984.wav,processed,16000,1,48000,16000,1,48000,3.0,3.0,
/Users/tavantai/Developer/project_thesis_code/new_data/143/train-00031-of-00803_985.wav,/Users/tavantai/Developer/project_thesis_code/processed/E0/143/train-00031-of-00803_985.wav,processed,16000,1,48000,16000,1,48000,3.0,3.0,
/Users/tavantai/Developer/project_thesis_code/new_data/143/train-00031-of-00803_986.wav,/Users/tavantai/Developer/project_thesis_code/processed/E0/143/train-00031-of-00803_986.wav,processed,16000,1,48000,16000,1,48000,3.0,3.0,
/Users/tavantai/Developer/project_thesis_code/new_data/143/train-00031-of-00803_987.wav,/Users/tavantai/Developer/project_thesis_code/processed/E0/143/train-00031-of-00803_987.wav,processed,16000,1,48000,16000,1,48000,3.0,3.0,
/Users/tavantai/Developer/project_thesis_code/new_data/143/train-00031-of-00803_988.wav,/Users/tavantai/Developer/project_thesis_code/processed/E0/143/train-00031-of-00803_988.wav,processed,16000,1,48000,16000,1,48000,3.0,3.0,
/Users/tavantai/Developer/project_thesis_code/new_data/143/train-00031-of-00803_989.wav,/Users/tavantai/Developer/project_thesis_code/processed/E0/143/train-00031-of-00803_989.wav,processed,16000,1,48000,16000,1,48000,3.0,3.0,
/Users/tavantai/Developer/project_thesis_code/new_data/143/train-00031-of-00803_990.wav,/Users/tavantai/Developer/project_thesis_code/processed/E0/143/train-00031-of-00803_990.wav,processed,16000,1,48000,16000,1,48000,3.0,3.0,
/Users/tavantai/Developer/project_thesis_code/new_data/143/train-00031-of-00803_991.wav,/Users/tavantai/Developer/project_thesis_code/processed/E0/143/train-00031-of-00803_991.wav,processed,16000,1,48000,16000,1,48000,3.0,3.0,
/Users/tavantai/Developer/project_thesis_code/new_data/143/train-00031-of-00803_992.wav,/Users/tavantai/Developer/project_thesis_code/processed/E0/143/train-00031-of-00803_992.wav,processed,16000,1,48000,16000,1,48000,3.0,3.0,
/Users/tavantai/Developer/project_thesis_code/new_data/143/train-00031-of-00803_993.wav,/Users/tavantai/Developer/project_thesis_code/processed/E0/143/train-00031-of-00803_993.wav,processed,16000,1,48000,16000,1,48000,3.0,3.0,
/Users/tavantai/Developer/project_thesis_code/new_data/143/train-00031-of-00803_994.wav,/Users/tavantai/Developer/project_thesis_code/processed/E0/143/train-00031-of-00803_994.wav,processed,16000,1,48000,16000,1,48000,3.0,3.0,
/Users/tavantai/Developer/project_thesis_code/new_data/143/train-00031-of-00803_995.wav,/Users/tavantai/Developer/project_thesis_code/processed/E0/143/train-00031-of-00803_995.wav,processed,16000,1,48000,16000,1,48000,3.0,3.0,
/Users/tavantai/Developer/project_thesis_code/new_data/143/train-00031-of-00803_996.wav,/Users/tavantai/Developer/project_thesis_code/processed/E0/143/train-00031-of-00803_996.wav,processed,16000,1,48000,16000,1,48000,3.0,3.0,
/Users/tavantai/Developer/project_thesis_code/new_data/143/train-00031-of-00803_997.wav,/Users/tavantai/Developer/project_thesis_code/processed/E0/143/train-00031-of-00803_997.wav,processed,16000,1,48000,16000,1,48000,3.0,3.0,
/Users/tavantai/Developer/project_thesis_code/new_data/143/train-00031-of-00803_998.wav,/Users/tavantai/Developer/project_thesis_code/processed/E0/143/train-00031-of-00803_998.wav,processed,16000,1,48000,16000,1,48000,3.0,3.0,
/Users/tavantai/Developer/project_thesis_code/new_data/143/train-00031-of-00803_999.wav,/Users/tavantai/Developer/project_thesis_code/processed/E0/143/train-00031-of-00803_999.wav,processed,16000,1,48000,16000,1,48000,3.0,3.0,
/Users/tavantai/Developer/project_thesis_code/new_data/143/train-00032-of-00803_0.wav,/Users/tavantai/Developer/project_thesis_code/processed/E0/143/train-00032-of-00803_0.wav,processed,16000,1,48000,16000,1,48000,3.0,3.0,
/Users/tavantai/Developer/project_thesis_code/new_data/143/train-00032-of-00803_1.wav,/Users/tavantai/Developer/project_thesis_code/processed/E0/143/train-00032-of-00803_1.wav,processed,16000,1,48000,16000,1,48000,3.0,3.0,
/Users/tavantai/Developer/project_thesis_code/new_data/143/train-00032-of-00803_10.wav,/Users/tavantai/Developer/project_thesis_code/processed/E0/143/train-00032-of-00803_10.wav,processed,16000,1,48000,16000,1,48000,3.0,3.0,
/Users/tavantai/Developer/project_thesis_code/new_data/143/train-00032-of-00803_11.wav,/Users/tavantai/Developer/project_thesis_code/processed/E0/143/train-00032-of-00803_11.wav,processed,16000,1,48000,16000,1,48000,3.0,3.0,
/Users/tavantai/Developer/project_thesis_code/new_data/143/train-00032-of-00803_12.wav,/Users/tavantai/Developer/project_thesis_code/processed/E0/143/train-00032-of-00803_12.wav,processed,16000,1,48000,16000,1,48000,3.0,3.0,
/Users/tavantai/Developer/project_thesis_code/new_data/143/train-00032-of-00803_13.wav,/Users/tavantai/Developer/project_thesis_code/processed/E0/143/train-00032-of-00803_13.wav,processed,16000,1,48000,16000,1,48000,3.0,3.0,
/Users/tavantai/Developer/project_thesis_code/new_data/143/train-00032-of-00803_14.wav,/Users/tavantai/Developer/project_thesis_code/processed/E0/143/train-00032-of-00803_14.wav,processed,16000,1,48000,16000,1,48000,3.0,3.0,
/Users/tavantai/Developer/project_thesis_code/new_data/143/train-00032-of-00803_15.wav,/Users/tavantai/Developer/project_thesis_code/processed/E0/143/train-00032-of-00803_15.wav,processed,16000,1,48000,16000,1,48000,3.0,3.0,
/Users/tavantai/Developer/project_thesis_code/new_data/143/train-00032-of-00803_16.wav,/Users/tavantai/Developer/project_thesis_code/processed/E0/143/train-00032-of-00803_16.wav,processed,16000,1,48000,16000,1,48000,3.0,3.0,
/Users/tavantai/Developer/project_thesis_code/new_data/143/train-00032-of-00803_17.wav,/Users/tavantai/Developer/project_thesis_code/processed/E0/143/train-00032-of-00803_17.wav,processed,16000,1,48000,16000,1,48000,3.0,3.0,
/Users/tavantai/Developer/project_thesis_code/new_data/143/train-00032-of-00803_18.wav,/Users/tavantai/Developer/project_thesis_code/processed/E0/143/train-00032-of-00803_18.wav,processed,16000,1,48000,16000,1,48000,3.0,3.0,
/Users/tavantai/Developer/project_thesis_code/new_data/143/train-00032-of-00803_19.wav,/Users/tavantai/Developer/project_thesis_code/processed/E0/143/train-00032-of-00803_19.wav,processed,16000,1,48000,16000,1,48000,3.0,3.0,
/Users/tavantai/Developer/project_thesis_code/new_data/143/train-00032-of-00803_2.wav,/Users/tavantai/Developer/project_thesis_code/processed/E0/143/train-00032-of-00803_2.wav,processed,16000,1,48000,16000,1,48000,3.0,3.0,
/Users/tavantai/Developer/project_thesis_code/new_data/143/train-00032-of-00803_20.wav,/Users/tavantai/Developer/project_thesis_code/processed/E0/143/train-00032-of-00803_20.wav,processed,16000,1,48000,16000,1,48000,3.0,3.0,
/Users/tavantai/Developer/project_thesis_code/new_data/143/train-00032-of-00803_21.wav,/Users/tavantai/Developer/project_thesis_code/processed/E0/143/train-00032-of-00803_21.wav,processed,16000,1,48000,16000,1,48000,3.0,3.0,
/Users/tavantai/Developer/project_thesis_code/new_data/143/train-00032-of-00803_22.wav,/Users/tavantai/Developer/project_thesis_code/processed/E0/143/train-00032-of-00803_22.wav,processed,16000,1,48000,16000,1,48000,3.0,3.0,
/Users/tavantai/Developer/project_thesis_code/new_data/143/train-00032-of-00803_23.wav,/Users/tavantai/Developer/project_thesis_code/processed/E0/143/train-00032-of-00803_23.wav,processed,16000,1,48000,16000,1,48000,3.0,3.0,
/Users/tavantai/Developer/project_thesis_code/new_data/143/train-00032-of-00803_24.wav,/Users/tavantai/Developer/project_thesis_code/processed/E0/143/train-00032-of-00803_24.wav,processed,16000,1,48000,16000,1,48000,3.0,3.0,
/Users/tavantai/Developer/project_thesis_code/new_data/143/train-00032-of-00803_25.wav,/Users/tavantai/Developer/project_thesis_code/processed/E0/143/train-00032-of-00803_25.wav,processed,16000,1,48000,16000,1,48000,3.0,3.0,
/Users/tavantai/Developer/project_thesis_code/new_data/143/train-00032-of-00803_26.wav,/Users/tavantai/Developer/project_thesis_code/processed/E0/143/train-00032-of-00803_26.wav,processed,16000,1,48000,16000,1,48000,3.0,3.0,
/Users/tavantai/Developer/project_thesis_code/new_data/143/train-00032-of-00803_27.wav,/Users/tavantai/Developer/project_thesis_code/processed/E0/143/train-00032-of-00803_27.wav,processed,16000,1,48000,16000,1,48000,3.0,3.0,
/Users/tavantai/Developer/project_thesis_code/new_data/143/train-00032-of-00803_28.wav,/Users/tavantai/Developer/project_thesis_code/processed/E0/143/train-00032-of-00803_28.wav,processed,16000,1,48000,16000,1,48000,3.0,3.0,
/Users/tavantai/Developer/project_thesis_code/new_data/143/train-00032-of-00803_29.wav,/Users/tavantai/Developer/project_thesis_code/processed/E0/143/train-00032-of-00803_29.wav,processed,16000,1,48000,16000,1,48000,3.0,3.0,
/Users/tavantai/Developer/project_thesis_code/new_data/143/train-00032-of-00803_3.wav,/Users/tavantai/Developer/project_thesis_code/processed/E0/143/train-00032-of-00803_3.wav,processed,16000,1,48000,16000,1,48000,3.0,3.0,
/Users/tavantai/Developer/project_thesis_code/new_data/143/train-00032-of-00803_30.wav,/Users/tavantai/Developer/project_thesis_code/processed/E0/143/train-00032-of-00803_30.wav,processed,16000,1,48000,16000,1,48000,3.0,3.0,
/Users/tavantai/Developer/project_thesis_code/new_data/143/train-00032-of-00803_31.wav,/Users/tavantai/Developer/project_thesis_code/processed/E0/143/train-00032-of-00803_31.wav,processed,16000,1,48000,16000,1,48000,3.0,3.0,
/Users/tavantai/Developer/project_thesis_code/new_data/143/train-00032-of-00803_32.wav,/Users/tavantai/Developer/project_thesis_code/processed/E0/143/train-00032-of-00803_32.wav,processed,16000,1,48000,16000,1,48000,3.0,3.0,
/Users/tavantai/Developer/project_thesis_code/new_data/143/train-00032-of-00803_33.wav,/Users/tavantai/Developer/project_thesis_code/processed/E0/143/train-00032-of-00803_33.wav,processed,16000,1,48000,16000,1,48000,3.0,3.0,
/Users/tavantai/Developer/project_thesis_code/new_data/143/train-00032-of-00803_34.wav,/Users/tavantai/Developer/project_thesis_code/processed/E0/143/train-00032-of-00803_34.wav,processed,16000,1,48000,16000,1,48000,3.0,3.0,
/Users/tavantai/Developer/project_thesis_code/new_data/143/train-00032-of-00803_35.wav,/Users/tavantai/Developer/project_thesis_code/processed/E0/143/train-00032-of-00803_35.wav,processed,16000,1,48000,16000,1,48000,3.0,3.0,
/Users/tavantai/Developer/project_thesis_code/new_data/143/train-00032-of-00803_36.wav,/Users/tavantai/Developer/project_thesis_code/processed/E0/143/train-00032-of-00803_36.wav,processed,16000,1,48000,16000,1,48000,3.0,3.0,
/Users/tavantai/Developer/project_thesis_code/new_data/143/train-00032-of-00803_37.wav,/Users/tavantai/Developer/project_thesis_code/processed/E0/143/train-00032-of-00803_37.wav,processed,16000,1,48000,16000,1,48000,3.0,3.0,
/Users/tavantai/Developer/project_thesis_code/new_data/143/train-00032-of-00803_38.wav,/Users/tavantai/Developer/project_thesis_code/processed/E0/143/train-00032-of-00803_38.wav,processed,16000,1,48000,16000,1,48000,3.0,3.0,
/Users/tavantai/Developer/project_thesis_code/new_data/143/train-00032-of-00803_39.wav,/Users/tavantai/Developer/project_thesis_code/processed/E0/143/train-00032-of-00803_39.wav,processed,16000,1,48000,16000,1,48000,3.0,3.0,
/Users/tavantai/Developer/project_thesis_code/new_data/143/train-00032-of-00803_4.wav,/Users/tavantai/Developer/project_thesis_code/processed/E0/143/train-00032-of-00803_4.wav,processed,16000,1,48000,16000,1,48000,3.0,3.0,
/Users/tavantai/Developer/project_thesis_code/new_data/143/train-00032-of-00803_40.wav,/Users/tavantai/Developer/project_thesis_code/processed/E0/143/train-00032-of-00803_40.wav,processed,16000,1,48000,16000,1,48000,3.0,3.0,
/Users/tavantai/Developer/project_thesis_code/new_data/143/train-00032-of-00803_41.wav,/Users/tavantai/Developer/project_thesis_code/processed/E0/143/train-00032-of-00803_41.wav,processed,16000,1,48000,16000,1,48000,3.0,3.0,
/Users/tavantai/Developer/project_thesis_code/new_data/143/train-00032-of-00803_42.wav,/Users/tavantai/Developer/project_thesis_code/processed/E0/143/train-00032-of-00803_42.wav,processed,16000,1,48000,16000,1,48000,3.0,3.0,
/Users/tavantai/Developer/project_thesis_code/new_data/143/train-00032-of-00803_43.wav,/Users/tavantai/Developer/project_thesis_code/processed/E0/143/train-00032-of-00803_43.wav,processed,16000,1,48000,16000,1,48000,3.0,3.0,
/Users/tavantai/Developer/project_thesis_code/new_data/143/train-00032-of-00803_44.wav,/Users/tavantai/Developer/project_thesis_code/processed/E0/143/train-00032-of-00803_44.wav,processed,16000,1,48000,16000,1,48000,3.0,3.0,
/Users/tavantai/Developer/project_thesis_code/new_data/143/train-00032-of-00803_45.wav,/Users/tavantai/Developer/project_thesis_code/processed/E0/143/train-00032-of-00803_45.wav,processed,16000,1,48000,16000,1,48000,3.0,3.0,
/Users/tavantai/Developer/project_thesis_code/new_data/143/train-00032-of-00803_46.wav,/Users/tavantai/Developer/project_thesis_code/processed/E0/143/train-00032-of-00803_46.wav,processed,16000,1,48000,16000,1,48000,3.0,3.0,
/Users/tavantai/Developer/project_thesis_code/new_data/143/train-00032-of-00803_47.wav,/Users/tavantai/Developer/project_thesis_code/processed/E0/143/train-00032-of-00803_47.wav,processed,16000,1,48000,16000,1,48000,3.0,3.0,
/Users/tavantai/Developer/project_thesis_code/new_data/143/train-00032-of-00803_48.wav,/Users/tavantai/Developer/project_thesis_code/processed/E0/143/train-00032-of-00803_48.wav,processed,16000,1,48000,16000,1,48000,3.0,3.0,
/Users/tavantai/Developer/project_thesis_code/new_data/143/train-00032-of-00803_49.wav,/Users/tavantai/Developer/project_thesis_code/processed/E0/143/train-00032-of-00803_49.wav,processed,16000,1,48000,16000,1,48000,3.0,3.0,
/Users/tavantai/Developer/project_thesis_code/new_data/143/train-00032-of-00803_5.wav,/Users/tavantai/Developer/project_thesis_code/processed/E0/143/train-00032-of-00803_5.wav,processed,16000,1,48000,16000,1,48000,3.0,3.0,
/Users/tavantai/Developer/project_thesis_code/new_data/143/train-00032-of-00803_50.wav,/Users/tavantai/Developer/project_thesis_code/processed/E0/143/train-00032-of-00803_50.wav,processed,16000,1,48000,16000,1,48000,3.0,3.0,
/Users/tavantai/Developer/project_thesis_code/new_data/143/train-00032-of-00803_51.wav,/Users/tavantai/Developer/project_thesis_code/processed/E0/143/train-00032-of-00803_51.wav,processed,16000,1,48000,16000,1,48000,3.0,3.0,
/Users/tavantai/Developer/project_thesis_code/new_data/143/train-00032-of-00803_52.wav,/Users/tavantai/Developer/project_thesis_code/processed/E0/143/train-00032-of-00803_52.wav,processed,16000,1,48000,16000,1,48000,3.0,3.0,
/Users/tavantai/Developer/project_thesis_code/new_data/143/train-00032-of-00803_53.wav,/Users/tavantai/Developer/project_thesis_code/processed/E0/143/train-00032-of-00803_53.wav,processed,16000,1,48000,16000,1,48000,3.0,3.0,
/Users/tavantai/Developer/project_thesis_code/new_data/143/train-00032-of-00803_54.wav,/Users/tavantai/Developer/project_thesis_code/processed/E0/143/train-00032-of-00803_54.wav,processed,16000,1,48000,16000,1,48000,3.0,3.0,
/Users/tavantai/Developer/project_thesis_code/new_data/143/train-00032-of-00803_55.wav,/Users/tavantai/Developer/project_thesis_code/processed/E0/143/train-00032-of-00803_55.wav,processed,16000,1,48000,16000,1,48000,3.0,3.0,
/Users/tavantai/Developer/project_thesis_code/new_data/143/train-00032-of-00803_56.wav,/Users/tavantai/Developer/project_thesis_code/processed/E0/143/train-00032-of-00803_56.wav,processed,16000,1,48000,16000,1,48000,3.0,3.0,
/Users/tavantai/Developer/project_thesis_code/new_data/143/train-00032-of-00803_57.wav,/Users/tavantai/Developer/project_thesis_code/processed/E0/143/train-00032-of-00803_57.wav,processed,16000,1,48000,16000,1,48000,3.0,3.0,
/Users/tavantai/Developer/project_thesis_code/new_data/143/train-00032-of-00803_58.wav,/Users/tavantai/Developer/project_thesis_code/processed/E0/143/train-00032-of-00803_58.wav,processed,16000,1,48000,16000,1,48000,3.0,3.0,
/Users/tavantai/Developer/project_thesis_code/new_data/143/train-00032-of-00803_59.wav,/Users/tavantai/Developer/project_thesis_code/processed/E0/143/train-00032-of-00803_59.wav,processed,16000,1,48000,16000,1,48000,3.0,3.0,
/Users/tavantai/Developer/project_thesis_code/new_data/143/train-00032-of-00803_6.wav,/Users/tavantai/Developer/project_thesis_code/processed/E0/143/train-00032-of-00803_6.wav,processed,16000,1,48000,16000,1,48000,3.0,3.0,
/Users/tavantai/Developer/project_thesis_code/new_data/143/train-00032-of-00803_60.wav,/Users/tavantai/Developer/project_thesis_code/processed/E0/143/train-00032-of-00803_60.wav,processed,16000,1,48000,16000,1,48000,3.0,3.0,
/Users/tavantai/Developer/project_thesis_code/new_data/143/train-00032-of-00803_61.wav,/Users/tavantai/Developer/project_thesis_code/processed/E0/143/train-00032-of-00803_61.wav,processed,16000,1,48000,16000,1,48000,3.0,3.0,
/Users/tavantai/Developer/project_thesis_code/new_data/143/train-00032-of-00803_62.wav,/Users/tavantai/Developer/project_thesis_code/processed/E0/143/train-00032-of-00803_62.wav,processed,16000,1,48000,16000,1,48000,3.0,3.0,
/Users/tavantai/Developer/project_thesis_code/new_data/143/train-00032-of-00803_63.wav,/Users/tavantai/Developer/project_thesis_code/processed/E0/143/train-00032-of-00803_63.wav,processed,16000,1,48000,16000,1,48000,3.0,3.0,
/Users/tavantai/Developer/project_thesis_code/new_data/143/train-00032-of-00803_64.wav,/Users/tavantai/Developer/project_thesis_code/processed/E0/143/train-00032-of-00803_64.wav,processed,16000,1,48000,16000,1,48000,3.0,3.0,
/Users/tavantai/Developer/project_thesis_code/new_data/143/train-00032-of-00803_65.wav,/Users/tavantai/Developer/project_thesis_code/processed/E0/143/train-00032-of-00803_65.wav,processed,16000,1,48000,16000,1,48000,3.0,3.0,
/Users/tavantai/Developer/project_thesis_code/new_data/143/train-00032-of-00803_66.wav,/Users/tavantai/Developer/project_thesis_code/processed/E0/143/train-00032-of-00803_66.wav,processed,16000,1,48000,16000,1,48000,3.0,3.0,
/Users/tavantai/Developer/project_thesis_code/new_data/143/train-00032-of-00803_67.wav,/Users/tavantai/Developer/project_thesis_code/processed/E0/143/train-00032-of-00803_67.wav,processed,16000,1,48000,16000,1,48000,3.0,3.0,
/Users/tavantai/Developer/project_thesis_code/new_data/143/train-00032-of-00803_68.wav,/Users/tavantai/Developer/project_thesis_code/processed/E0/143/train-00032-of-00803_68.wav,processed,16000,1,48000,16000,1,48000,3.0,3.0,
/Users/tavantai/Developer/project_thesis_code/new_data/143/train-00032-of-00803_69.wav,/Users/tavantai/Developer/project_thesis_code/processed/E0/143/train-00032-of-00803_69.wav,processed,16000,1,48000,16000,1,48000,3.0,3.0,
/Users/tavantai/Developer/project_thesis_code/new_data/143/train-00032-of-00803_7.wav,/Users/tavantai/Developer/project_thesis_code/processed/E0/143/train-00032-of-00803_7.wav,processed,16000,1,48000,16000,1,48000,3.0,3.0,
/Users/tavantai/Developer/project_thesis_code/new_data/143/train-00032-of-00803_70.wav,/Users/tavantai/Developer/project_thesis_code/processed/E0/143/train-00032-of-00803_70.wav,processed,16000,1,48000,16000,1,48000,3.0,3.0,
/Users/tavantai/Developer/project_thesis_code/new_data/143/train-00032-of-00803_71.wav,/Users/tavantai/Developer/project_thesis_code/processed/E0/143/train-00032-of-00803_71.wav,processed,16000,1,48000,16000,1,48000,3.0,3.0,
/Users/tavantai/Developer/project_thesis_code/new_data/143/train-00032-of-00803_72.wav,/Users/tavantai/Developer/project_thesis_code/processed/E0/143/train-00032-of-00803_72.wav,processed,16000,1,48000,16000,1,48000,3.0,3.0,
/Users/tavantai/Developer/project_thesis_code/new_data/143/train-00032-of-00803_73.wav,/Users/tavantai/Developer/project_thesis_code/processed/E0/143/train-00032-of-00803_73.wav,processed,16000,1,48000,16000,1,48000,3.0,3.0,
/Users/tavantai/Developer/project_thesis_code/new_data/143/train-00032-of-00803_74.wav,/Users/tavantai/Developer/project_thesis_code/processed/E0/143/train-00032-of-00803_74.wav,processed,16000,1,48000,16000,1,48000,3.0,3.0,
/Users/tavantai/Developer/project_thesis_code/new_data/143/train-00032-of-00803_75.wav,/Users/tavantai/Developer/project_thesis_code/processed/E0/143/train-00032-of-00803_75.wav,processed,16000,1,48000,16000,1,48000,3.0,3.0,
/Users/tavantai/Developer/project_thesis_code/new_data/143/train-00032-of-00803_76.wav,/Users/tavantai/Developer/project_thesis_code/processed/E0/143/train-00032-of-00803_76.wav,processed,16000,1,48000,16000,1,48000,3.0,3.0,
/Users/tavantai/Developer/project_thesis_code/new_data/143/train-00032-of-00803_77.wav,/Users/tavantai/Developer/project_thesis_code/processed/E0/143/train-00032-of-00803_77.wav,processed,16000,1,48000,16000,1,48000,3.0,3.0,
/Users/tavantai/Developer/project_thesis_code/new_data/143/train-00032-of-00803_78.wav,/Users/tavantai/Developer/project_thesis_code/processed/E0/143/train-00032-of-00803_78.wav,processed,16000,1,48000,16000,1,48000,3.0,3.0,
/Users/tavantai/Developer/project_thesis_code/new_data/143/train-00032-of-00803_79.wav,/Users/tavantai/Developer/project_thesis_code/processed/E0/143/train-00032-of-00803_79.wav,processed,16000,1,48000,16000,1,48000,3.0,3.0,
/Users/tavantai/Developer/project_thesis_code/new_data/143/train-00032-of-00803_8.wav,/Users/tavantai/Developer/project_thesis_code/processed/E0/143/train-00032-of-00803_8.wav,processed,16000,1,48000,16000,1,48000,3.0,3.0,
/Users/tavantai/Developer/project_thesis_code/new_data/143/train-00032-of-00803_80.wav,/Users/tavantai/Developer/project_thesis_code/processed/E0/143/train-00032-of-00803_80.wav,processed,16000,1,48000,16000,1,48000,3.0,3.0,
/Users/tavantai/Developer/project_thesis_code/new_data/143/train-00032-of-00803_81.wav,/Users/tavantai/Developer/project_thesis_code/processed/E0/143/train-00032-of-00803_81.wav,processed,16000,1,48000,16000,1,48000,3.0,3.0,
/Users/tavantai/Developer/project_thesis_code/new_data/143/train-00032-of-00803_82.wav,/Users/tavantai/Developer/project_thesis_code/processed/E0/143/train-00032-of-00803_82.wav,processed,16000,1,48000,16000,1,48000,3.0,3.0,
/Users/tavantai/Developer/project_thesis_code/new_data/143/train-00032-of-00803_83.wav,/Users/tavantai/Developer/project_thesis_code/processed/E0/143/train-00032-of-00803_83.wav,processed,16000,1,48000,16000,1,48000,3.0,3.0,
/Users/tavantai/Developer/project_thesis_code/new_data/143/train-00032-of-00803_84.wav,/Users/tavantai/Developer/project_thesis_code/processed/E0/143/train-00032-of-00803_84.wav,processed,16000,1,48000,16000,1,48000,3.0,3.0,
/Users/tavantai/Developer/project_thesis_code/new_data/143/train-00032-of-00803_85.wav,/Users/tavantai/Developer/project_thesis_code/processed/E0/143/train-00032-of-00803_85.wav,processed,16000,1,48000,16000,1,48000,3.0,3.0,
/Users/tavantai/Developer/project_thesis_code/new_data/143/train-00032-of-00803_86.wav,/Users/tavantai/Developer/project_thesis_code/processed/E0/143/train-00032-of-00803_86.wav,processed,16000,1,48000,16000,1,48000,3.0,3.0,
/Users/tavantai/Developer/project_thesis_code/new_data/143/train-00032-of-00803_87.wav,/Users/tavantai/Developer/project_thesis_code/processed/E0/143/train-00032-of-00803_87.wav,processed,16000,1,48000,16000,1,48000,3.0,3.0,
/Users/tavantai/Developer/project_thesis_code/new_data/143/train-00032-of-00803_88.wav,/Users/tavantai/Developer/project_thesis_code/processed/E0/143/train-00032-of-00803_88.wav,processed,16000,1,48000,16000,1,48000,3.0,3.0,
/Users/tavantai/Developer/project_thesis_code/new_data/143/train-00032-of-00803_89.wav,/Users/tavantai/Developer/project_thesis_code/processed/E0/143/train-00032-of-00803_89.wav,processed,16000,1,48000,16000,1,48000,3.0,3.0,
/Users/tavantai/Developer/project_thesis_code/new_data/143/train-00032-of-00803_9.wav,/Users/tavantai/Developer/project_thesis_code/processed/E0/143/train-00032-of-00803_9.wav,processed,16000,1,48000,16000,1,48000,3.0,3.0,
/Users/tavantai/Developer/project_thesis_code/new_data/2/train-00061-of-00803_1000.wav,/Users/tavantai/Developer/project_thesis_code/processed/E0/2/train-00061-of-00803_1000.wav,processed,16000,1,48000,16000,1,48000,3.0,3.0,
/Users/tavantai/Developer/project_thesis_code/new_data/2/train-00061-of-00803_1001.wav,/Users/tavantai/Developer/project_thesis_code/processed/E0/2/train-00061-of-00803_1001.wav,processed,16000,1,48000,16000,1,48000,3.0,3.0,
/Users/tavantai/Developer/project_thesis_code/new_data/2/train-00061-of-00803_1002.wav,/Users/tavantai/Developer/project_thesis_code/processed/E0/2/train-00061-of-00803_1002.wav,processed,16000,1,48000,16000,1,48000,3.0,3.0,
/Users/tavantai/Developer/project_thesis_code/new_data/2/train-00061-of-00803_1003.wav,/Users/tavantai/Developer/project_thesis_code/processed/E0/2/train-00061-of-00803_1003.wav,processed,16000,1,48000,16000,1,48000,3.0,3.0,
/Users/tavantai/Developer/project_thesis_code/new_data/2/train-00061-of-00803_1004.wav,/Users/tavantai/Developer/project_thesis_code/processed/E0/2/train-00061-of-00803_1004.wav,processed,16000,1,48000,16000,1,48000,3.0,3.0,
/Users/tavantai/Developer/project_thesis_code/new_data/2/train-00061-of-00803_1005.wav,/Users/tavantai/Developer/project_thesis_code/processed/E0/2/train-00061-of-00803_1005.wav,processed,16000,1,48000,16000,1,48000,3.0,3.0,
/Users/tavantai/Developer/project_thesis_code/new_data/2/train-00061-of-00803_1006.wav,/Users/tavantai/Developer/project_thesis_code/processed/E0/2/train-00061-of-00803_1006.wav,processed,16000,1,48000,16000,1,48000,3.0,3.0,
/Users/tavantai/Developer/project_thesis_code/new_data/2/train-00061-of-00803_1007.wav,/Users/tavantai/Developer/project_thesis_code/processed/E0/2/train-00061-of-00803_1007.wav,processed,16000,1,48000,16000,1,48000,3.0,3.0,
/Users/tavantai/Developer/project_thesis_code/new_data/2/train-00061-of-00803_1008.wav,/Users/tavantai/Developer/project_thesis_code/processed/E0/2/train-00061-of-00803_1008.wav,processed,16000,1,48000,16000,1,48000,3.0,3.0,
/Users/tavantai/Developer/project_thesis_code/new_data/2/train-00061-of-00803_1009.wav,/Users/tavantai/Developer/project_thesis_code/processed/E0/2/train-00061-of-00803_1009.wav,processed,16000,1,48000,16000,1,48000,3.0,3.0,
/Users/tavantai/Developer/project_thesis_code/new_data/2/train-00061-of-00803_1010.wav,/Users/tavantai/Developer/project_thesis_code/processed/E0/2/train-00061-of-00803_1010.wav,processed,16000,1,48000,16000,1,48000,3.0,3.0,
/Users/tavantai/Developer/project_thesis_code/new_data/2/train-00061-of-00803_1011.wav,/Users/tavantai/Developer/project_thesis_code/processed/E0/2/train-00061-of-00803_1011.wav,processed,16000,1,48000,16000,1,48000,3.0,3.0,
/Users/tavantai/Developer/project_thesis_code/new_data/2/train-00061-of-00803_1012.wav,/Users/tavantai/Developer/project_thesis_code/processed/E0/2/train-00061-of-00803_1012.wav,processed,16000,1,48000,16000,1,48000,3.0,3.0,
/Users/tavantai/Developer/project_thesis_code/new_data/2/train-00061-of-00803_1013.wav,/Users/tavantai/Developer/project_thesis_code/processed/E0/2/train-00061-of-00803_1013.wav,processed,16000,1,48000,16000,1,48000,3.0,3.0,
/Users/tavantai/Developer/project_thesis_code/new_data/2/train-00061-of-00803_1014.wav,/Users/tavantai/Developer/project_thesis_code/processed/E0/2/train-00061-of-00803_1014.wav,processed,16000,1,48000,16000,1,48000,3.0,3.0,
/Users/tavantai/Developer/project_thesis_code/new_data/2/train-00061-of-00803_1015.wav,/Users/tavantai/Developer/project_thesis_code/processed/E0/2/train-00061-of-00803_1015.wav,processed,16000,1,48000,16000,1,48000,3.0,3.0,
/Users/tavantai/Developer/project_thesis_code/new_data/2/train-00061-of-00803_1016.wav,/Users/tavantai/Developer/project_thesis_code/processed/E0/2/train-00061-of-00803_1016.wav,processed,16000,1,48000,16000,1,48000,3.0,3.0,
/Users/tavantai/Developer/project_thesis_code/new_data/2/train-00061-of-00803_1017.wav,/Users/tavantai/Developer/project_thesis_code/processed/E0/2/train-00061-of-00803_1017.wav,processed,16000,1,48000,16000,1,48000,3.0,3.0,
/Users/tavantai/Developer/project_thesis_code/new_data/2/train-00061-of-00803_1018.wav,/Users/tavantai/Developer/project_thesis_code/processed/E0/2/train-00061-of-00803_1018.wav,processed,16000,1,48000,16000,1,48000,3.0,3.0,
/Users/tavantai/Developer/project_thesis_code/new_data/2/train-00061-of-00803_1019.wav,/Users/tavantai/Developer/project_thesis_code/processed/E0/2/train-00061-of-00803_1019.wav,processed,16000,1,48000,16000,1,48000,3.0,3.0,
/Users/tavantai/Developer/project_thesis_code/new_data/2/train-00061-of-00803_1020.wav,/Users/tavantai/Developer/project_thesis_code/processed/E0/2/train-00061-of-00803_1020.wav,processed,16000,1,48000,16000,1,48000,3.0,3.0,
/Users/tavantai/Developer/project_thesis_code/new_data/2/train-00061-of-00803_1021.wav,/Users/tavantai/Developer/project_thesis_code/processed/E0/2/train-00061-of-00803_1021.wav,processed,16000,1,48000,16000,1,48000,3.0,3.0,
/Users/tavantai/Developer/project_thesis_code/new_data/2/train-00061-of-00803_1022.wav,/Users/tavantai/Developer/project_thesis_code/processed/E0/2/train-00061-of-00803_1022.wav,processed,16000,1,48000,16000,1,48000,3.0,3.0,
/Users/tavantai/Developer/project_thesis_code/new_data/2/train-00061-of-00803_1023.wav,/Users/tavantai/Developer/project_thesis_code/processed/E0/2/train-00061-of-00803_1023.wav,processed,16000,1,48000,16000,1,48000,3.0,3.0,
/Users/tavantai/Developer/project_thesis_code/new_data/2/train-00061-of-00803_1024.wav,/Users/tavantai/Developer/project_thesis_code/processed/E0/2/train-00061-of-00803_1024.wav,processed,16000,1,48000,16000,1,48000,3.0,3.0,
/Users/tavantai/Developer/project_thesis_code/new_data/2/train-00061-of-00803_1025.wav,/Users/tavantai/Developer/project_thesis_code/processed/E0/2/train-00061-of-00803_1025.wav,processed,16000,1,48000,16000,1,48000,3.0,3.0,
/Users/tavantai/Developer/project_thesis_code/new_data/2/train-00061-of-00803_1026.wav,/Users/tavantai/Developer/project_thesis_code/processed/E0/2/train-00061-of-00803_1026.wav,processed,16000,1,48000,16000,1,48000,3.0,3.0,
/Users/tavantai/Developer/project_thesis_code/new_data/2/train-00061-of-00803_1027.wav,/Users/tavantai/Developer/project_thesis_code/processed/E0/2/train-00061-of-00803_1027.wav,processed,16000,1,48000,16000,1,48000,3.0,3.0,
/Users/tavantai/Developer/project_thesis_code/new_data/2/train-00061-of-00803_1028.wav,/Users/tavantai/Developer/project_thesis_code/processed/E0/2/train-00061-of-00803_1028.wav,processed,16000,1,48000,16000,1,48000,3.0,3.0,
/Users/tavantai/Developer/project_thesis_code/new_data/2/train-00061-of-00803_1029.wav,/Users/tavantai/Developer/project_thesis_code/processed/E0/2/train-00061-of-00803_1029.wav,processed,16000,1,48000,16000,1,48000,3.0,3.0,
/Users/tavantai/Developer/project_thesis_code/new_data/2/train-00061-of-00803_1030.wav,/Users/tavantai/Developer/project_thesis_code/processed/E0/2/train-00061-of-00803_1030.wav,processed,16000,1,48000,16000,1,48000,3.0,3.0,
/Users/tavantai/Developer/project_thesis_code/new_data/2/train-00061-of-00803_1031.wav,/Users/tavantai/Developer/project_thesis_code/processed/E0/2/train-00061-of-00803_1031.wav,processed,16000,1,48000,16000,1,48000,3.0,3.0,
/Users/tavantai/Developer/project_thesis_code/new_data/2/train-00061-of-00803_1032.wav,/Users/tavantai/Developer/project_thesis_code/processed/E0/2/train-00061-of-00803_1032.wav,processed,16000,1,48000,16000,1,48000,3.0,3.0,
/Users/tavantai/Developer/project_thesis_code/new_data/2/train-00061-of-00803_1033.wav,/Users/tavantai/Developer/project_thesis_code/processed/E0/2/train-00061-of-00803_1033.wav,processed,16000,1,48000,16000,1,48000,3.0,3.0,
/Users/tavantai/Developer/project_thesis_code/new_data/2/train-00061-of-00803_1034.wav,/Users/tavantai/Developer/project_thesis_code/processed/E0/2/train-00061-of-00803_1034.wav,processed,16000,1,48000,16000,1,48000,3.0,3.0,
/Users/tavantai/Developer/project_thesis_code/new_data/2/train-00061-of-00803_1035.wav,/Users/tavantai/Developer/project_thesis_code/processed/E0/2/train-00061-of-00803_1035.wav,processed,16000,1,48000,16000,1,48000,3.0,3.0,
/Users/tavantai/Developer/project_thesis_code/new_data/2/train-00061-of-00803_1036.wav,/Users/tavantai/Developer/project_thesis_code/processed/E0/2/train-00061-of-00803_1036.wav,processed,16000,1,48000,16000,1,48000,3.0,3.0,
/Users/tavantai/Developer/project_thesis_code/new_data/2/train-00061-of-00803_1037.wav,/Users/tavantai/Developer/project_thesis_code/processed/E0/2/train-00061-of-00803_1037.wav,processed,16000,1,48000,16000,1,48000,3.0,3.0,
/Users/tavantai/Developer/project_thesis_code/new_data/2/train-00061-of-00803_1038.wav,/Users/tavantai/Developer/project_thesis_code/processed/E0/2/train-00061-of-00803_1038.wav,processed,16000,1,48000,16000,1,48000,3.0,3.0,
/Users/tavantai/Developer/project_thesis_code/new_data/2/train-00061-of-00803_1039.wav,/Users/tavantai/Developer/project_thesis_code/processed/E0/2/train-00061-of-00803_1039.wav,processed,16000,1,48000,16000,1,48000,3.0,3.0,
/Users/tavantai/Developer/project_thesis_code/new_data/2/train-00061-of-00803_1040.wav,/Users/tavantai/Developer/project_thesis_code/processed/E0/2/train-00061-of-00803_1040.wav,processed,16000,1,48000,16000,1,48000,3.0,3.0,
/Users/tavantai/Developer/project_thesis_code/new_data/2/train-00061-of-00803_1041.wav,/Users/tavantai/Developer/project_thesis_code/processed/E0/2/train-00061-of-00803_1041.wav,processed,16000,1,48000,16000,1,48000,3.0,3.0,
/Users/tavantai/Developer/project_thesis_code/new_data/2/train-00061-of-00803_1042.wav,/Users/tavantai/Developer/project_thesis_code/processed/E0/2/train-00061-of-00803_1042.wav,processed,16000,1,48000,16000,1,48000,3.0,3.0,
/Users/tavantai/Developer/project_thesis_code/new_data/2/train-00061-of-00803_1043.wav,/Users/tavantai/Developer/project_thesis_code/processed/E0/2/train-00061-of-00803_1043.wav,processed,16000,1,48000,16000,1,48000,3.0,3.0,
/Users/tavantai/Developer/project_thesis_code/new_data/2/train-00061-of-00803_1044.wav,/Users/tavantai/Developer/project_thesis_code/processed/E0/2/train-00061-of-00803_1044.wav,processed,16000,1,48000,16000,1,48000,3.0,3.0,
/Users/tavantai/Developer/project_thesis_code/new_data/2/train-00061-of-00803_1045.wav,/Users/tavantai/Developer/project_thesis_code/processed/E0/2/train-00061-of-00803_1045.wav,processed,16000,1,48000,16000,1,48000,3.0,3.0,
/Users/tavantai/Developer/project_thesis_code/new_data/2/train-00061-of-00803_1046.wav,/Users/tavantai/Developer/project_thesis_code/processed/E0/2/train-00061-of-00803_1046.wav,processed,16000,1,48000,16000,1,48000,3.0,3.0,
/Users/tavantai/Developer/project_thesis_code/new_data/2/train-00061-of-00803_1047.wav,/Users/tavantai/Developer/project_thesis_code/processed/E0/2/train-00061-of-00803_1047.wav,processed,16000,1,48000,16000,1,48000,3.0,3.0,
/Users/tavantai/Developer/project_thesis_code/new_data/2/train-00061-of-00803_1048.wav,/Users/tavantai/Developer/project_thesis_code/processed/E0/2/train-00061-of-00803_1048.wav,processed,16000,1,48000,16000,1,48000,3.0,3.0,
/Users/tavantai/Developer/project_thesis_code/new_data/2/train-00061-of-00803_1049.wav,/Users/tavantai/Developer/project_thesis_code/processed/E0/2/train-00061-of-00803_1049.wav,processed,16000,1,48000,16000,1,48000,3.0,3.0,
/Users/tavantai/Developer/project_thesis_code/new_data/2/train-00061-of-00803_1050.wav,/Users/tavantai/Developer/project_thesis_code/processed/E0/2/train-00061-of-00803_1050.wav,processed,16000,1,48000,16000,1,48000,3.0,3.0,
/Users/tavantai/Developer/project_thesis_code/new_data/2/train-00061-of-00803_1051.wav,/Users/tavantai/Developer/project_thesis_code/processed/E0/2/train-00061-of-00803_1051.wav,processed,16000,1,48000,16000,1,48000,3.0,3.0,
/Users/tavantai/Developer/project_thesis_code/new_data/2/train-00061-of-00803_1052.wav,/Users/tavantai/Developer/project_thesis_code/processed/E0/2/train-00061-of-00803_1052.wav,processed,16000,1,48000,16000,1,48000,3.0,3.0,
/Users/tavantai/Developer/project_thesis_code/new_data/2/train-00061-of-00803_1053.wav,/Users/tavantai/Developer/project_thesis_code/processed/E0/2/train-00061-of-00803_1053.wav,processed,16000,1,48000,16000,1,48000,3.0,3.0,
/Users/tavantai/Developer/project_thesis_code/new_data/2/train-00061-of-00803_1054.wav,/Users/tavantai/Developer/project_thesis_code/processed/E0/2/train-00061-of-00803_1054.wav,processed,16000,1,48000,16000,1,48000,3.0,3.0,
/Users/tavantai/Developer/project_thesis_code/new_data/2/train-00061-of-00803_1055.wav,/Users/tavantai/Developer/project_thesis_code/processed/E0/2/train-00061-of-00803_1055.wav,processed,16000,1,48000,16000,1,48000,3.0,3.0,
/Users/tavantai/Developer/project_thesis_code/new_data/2/train-00061-of-00803_1056.wav,/Users/tavantai/Developer/project_thesis_code/processed/E0/2/train-00061-of-00803_1056.wav,processed,16000,1,48000,16000,1,48000,3.0,3.0,
/Users/tavantai/Developer/project_thesis_code/new_data/2/train-00061-of-00803_1057.wav,/Users/tavantai/Developer/project_thesis_code/processed/E0/2/train-00061-of-00803_1057.wav,processed,16000,1,48000,16000,1,48000,3.0,3.0,
/Users/tavantai/Developer/project_thesis_code/new_data/2/train-00061-of-00803_1058.wav,/Users/tavantai/Developer/project_thesis_code/processed/E0/2/train-00061-of-00803_1058.wav,processed,16000,1,48000,16000,1,48000,3.0,3.0,
/Users/tavantai/Developer/project_thesis_code/new_data/2/train-00061-of-00803_1059.wav,/Users/tavantai/Developer/project_thesis_code/processed/E0/2/train-00061-of-00803_1059.wav,processed,16000,1,48000,16000,1,48000,3.0,3.0,
/Users/tavantai/Developer/project_thesis_code/new_data/2/train-00061-of-00803_1060.wav,/Users/tavantai/Developer/project_thesis_code/processed/E0/2/train-00061-of-00803_1060.wav,processed,16000,1,48000,16000,1,48000,3.0,3.0,
/Users/tavantai/Developer/project_thesis_code/new_data/2/train-00061-of-00803_1061.wav,/Users/tavantai/Developer/project_thesis_code/processed/E0/2/train-00061-of-00803_1061.wav,processed,16000,1,48000,16000,1,48000,3.0,3.0,
/Users/tavantai/Developer/project_thesis_code/new_data/2/train-00061-of-00803_1062.wav,/Users/tavantai/Developer/project_thesis_code/processed/E0/2/train-00061-of-00803_1062.wav,processed,16000,1,48000,16000,1,48000,3.0,3.0,
/Users/tavantai/Developer/project_thesis_code/new_data/2/train-00061-of-00803_1063.wav,/Users/tavantai/Developer/project_thesis_code/processed/E0/2/train-00061-of-00803_1063.wav,processed,16000,1,48000,16000,1,48000,3.0,3.0,
/Users/tavantai/Developer/project_thesis_code/new_data/2/train-00061-of-00803_1064.wav,/Users/tavantai/Developer/project_thesis_code/processed/E0/2/train-00061-of-00803_1064.wav,processed,16000,1,48000,16000,1,48000,3.0,3.0,
/Users/tavantai/Developer/project_thesis_code/new_data/2/train-00061-of-00803_1065.wav,/Users/tavantai/Developer/project_thesis_code/processed/E0/2/train-00061-of-00803_1065.wav,processed,16000,1,48000,16000,1,48000,3.0,3.0,
/Users/tavantai/Developer/project_thesis_code/new_data/2/train-00061-of-00803_1066.wav,/Users/tavantai/Developer/project_thesis_code/processed/E0/2/train-00061-of-00803_1066.wav,processed,16000,1,48000,16000,1,48000,3.0,3.0,
/Users/tavantai/Developer/project_thesis_code/new_data/2/train-00061-of-00803_1067.wav,/Users/tavantai/Developer/project_thesis_code/processed/E0/2/train-00061-of-00803_1067.wav,processed,16000,1,48000,16000,1,48000,3.0,3.0,
/Users/tavantai/Developer/project_thesis_code/new_data/2/train-00061-of-00803_1068.wav,/Users/tavantai/Developer/project_thesis_code/processed/E0/2/train-00061-of-00803_1068.wav,processed,16000,1,48000,16000,1,48000,3.0,3.0,
/Users/tavantai/Developer/project_thesis_code/new_data/2/train-00061-of-00803_1069.wav,/Users/tavantai/Developer/project_thesis_code/processed/E0/2/train-00061-of-00803_1069.wav,processed,16000,1,48000,16000,1,48000,3.0,3.0,
/Users/tavantai/Developer/project_thesis_code/new_data/2/train-00061-of-00803_1070.wav,/Users/tavantai/Developer/project_thesis_code/processed/E0/2/train-00061-of-00803_1070.wav,processed,16000,1,48000,16000,1,48000,3.0,3.0,
/Users/tavantai/Developer/project_thesis_code/new_data/2/train-00061-of-00803_1071.wav,/Users/tavantai/Developer/project_thesis_code/processed/E0/2/train-00061-of-00803_1071.wav,processed,16000,1,48000,16000,1,48000,3.0,3.0,
/Users/tavantai/Developer/project_thesis_code/new_data/2/train-00061-of-00803_1072.wav,/Users/tavantai/Developer/project_thesis_code/processed/E0/2/train-00061-of-00803_1072.wav,processed,16000,1,48000,16000,1,48000,3.0,3.0,
/Users/tavantai/Developer/project_thesis_code/new_data/2/train-00061-of-00803_1073.wav,/Users/tavantai/Developer/project_thesis_code/processed/E0/2/train-00061-of-00803_1073.wav,processed,16000,1,48000,16000,1,48000,3.0,3.0,
/Users/tavantai/Developer/project_thesis_code/new_data/2/train-00061-of-00803_1074.wav,/Users/tavantai/Developer/project_thesis_code/processed/E0/2/train-00061-of-00803_1074.wav,processed,16000,1,48000,16000,1,48000,3.0,3.0,
/Users/tavantai/Developer/project_thesis_code/new_data/2/train-00061-of-00803_1075.wav,/Users/tavantai/Developer/project_thesis_code/processed/E0/2/train-00061-of-00803_1075.wav,processed,16000,1,48000,16000,1,48000,3.0,3.0,
/Users/tavantai/Developer/project_thesis_code/new_data/2/train-00061-of-00803_1076.wav,/Users/tavantai/Developer/project_thesis_code/processed/E0/2/train-00061-of-00803_1076.wav,processed,16000,1,48000,16000,1,48000,3.0,3.0,
/Users/tavantai/Developer/project_thesis_code/new_data/2/train-00061-of-00803_1077.wav,/Users/tavantai/Developer/project_thesis_code/processed/E0/2/train-00061-of-00803_1077.wav,processed,16000,1,48000,16000,1,48000,3.0,3.0,
/Users/tavantai/Developer/project_thesis_code/new_data/2/train-00061-of-00803_1078.wav,/Users/tavantai/Developer/project_thesis_code/processed/E0/2/train-00061-of-00803_1078.wav,processed,16000,1,48000,16000,1,48000,3.0,3.0,
/Users/tavantai/Developer/project_thesis_code/new_data/2/train-00061-of-00803_1079.wav,/Users/tavantai/Developer/project_thesis_code/processed/E0/2/train-00061-of-00803_1079.wav,processed,16000,1,48000,16000,1,48000,3.0,3.0,
/Users/tavantai/Developer/project_thesis_code/new_data/2/train-00061-of-00803_1080.wav,/Users/tavantai/Developer/project_thesis_code/processed/E0/2/train-00061-of-00803_1080.wav,processed,16000,1,48000,16000,1,48000,3.0,3.0,
/Users/tavantai/Developer/project_thesis_code/new_data/2/train-00061-of-00803_1081.wav,/Users/tavantai/Developer/project_thesis_code/processed/E0/2/train-00061-of-00803_1081.wav,processed,16000,1,48000,16000,1,48000,3.0,3.0,
/Users/tavantai/Developer/project_thesis_code/new_data/2/train-00061-of-00803_1082.wav,/Users/tavantai/Developer/project_thesis_code/processed/E0/2/train-00061-of-00803_1082.wav,processed,16000,1,48000,16000,1,48000,3.0,3.0,
/Users/tavantai/Developer/project_thesis_code/new_data/2/train-00061-of-00803_1083.wav,/Users/tavantai/Developer/project_thesis_code/processed/E0/2/train-00061-of-00803_1083.wav,processed,16000,1,48000,16000,1,48000,3.0,3.0,
/Users/tavantai/Developer/project_thesis_code/new_data/2/train-00061-of-00803_1084.wav,/Users/tavantai/Developer/project_thesis_code/processed/E0/2/train-00061-of-00803_1084.wav,processed,16000,1,48000,16000,1,48000,3.0,3.0,
/Users/tavantai/Developer/project_thesis_code/new_data/2/train-00061-of-00803_1085.wav,/Users/tavantai/Developer/project_thesis_code/processed/E0/2/train-00061-of-00803_1085.wav,processed,16000,1,48000,16000,1,48000,3.0,3.0,
/Users/tavantai/Developer/project_thesis_code/new_data/2/train-00061-of-00803_1086.wav,/Users/tavantai/Developer/project_thesis_code/processed/E0/2/train-00061-of-00803_1086.wav,processed,16000,1,48000,16000,1,48000,3.0,3.0,
/Users/tavantai/Developer/project_thesis_code/new_data/2/train-00061-of-00803_1087.wav,/Users/tavantai/Developer/project_thesis_code/processed/E0/2/train-00061-of-00803_1087.wav,processed,16000,1,48000,16000,1,48000,3.0,3.0,
/Users/tavantai/Developer/project_thesis_code/new_data/2/train-00061-of-00803_1088.wav,/Users/tavantai/Developer/project_thesis_code/processed/E0/2/train-00061-of-00803_1088.wav,processed,16000,1,48000,16000,1,48000,3.0,3.0,
/Users/tavantai/Developer/project_thesis_code/new_data/2/train-00061-of-00803_1089.wav,/Users/tavantai/Developer/project_thesis_code/processed/E0/2/train-00061-of-00803_1089.wav,processed,16000,1,48000,16000,1,48000,3.0,3.0,
/Users/tavantai/Developer/project_thesis_code/new_data/2/train-00061-of-00803_1090.wav,/Users/tavantai/Developer/project_thesis_code/processed/E0/2/train-00061-of-00803_1090.wav,processed,16000,1,48000,16000,1,48000,3.0,3.0,
/Users/tavantai/Developer/project_thesis_code/new_data/2/train-00061-of-00803_1091.wav,/Users/tavantai/Developer/project_thesis_code/processed/E0/2/train-00061-of-00803_1091.wav,processed,16000,1,48000,16000,1,48000,3.0,3.0,
/Users/tavantai/Developer/project_thesis_code/new_data/2/train-00061-of-00803_1092.wav,/Users/tavantai/Developer/project_thesis_code/processed/E0/2/train-00061-of-00803_1092.wav,processed,16000,1,48000,16000,1,48000,3.0,3.0,
/Users/tavantai/Developer/project_thesis_code/new_data/2/train-00061-of-00803_1093.wav,/Users/tavantai/Developer/project_thesis_code/processed/E0/2/train-00061-of-00803_1093.wav,processed,16000,1,48000,16000,1,48000,3.0,3.0,
/Users/tavantai/Developer/project_thesis_code/new_data/2/train-00061-of-00803_1094.wav,/Users/tavantai/Developer/project_thesis_code/processed/E0/2/train-00061-of-00803_1094.wav,processed,16000,1,48000,16000,1,48000,3.0,3.0,
/Users/tavantai/Developer/project_thesis_code/new_data/2/train-00061-of-00803_1095.wav,/Users/tavantai/Developer/project_thesis_code/processed/E0/2/train-00061-of-00803_1095.wav,processed,16000,1,48000,16000,1,48000,3.0,3.0,
/Users/tavantai/Developer/project_thesis_code/new_data/2/train-00061-of-00803_1096.wav,/Users/tavantai/Developer/project_thesis_code/processed/E0/2/train-00061-of-00803_1096.wav,processed,16000,1,48000,16000,1,48000,3.0,3.0,
/Users/tavantai/Developer/project_thesis_code/new_data/2/train-00061-of-00803_1097.wav,/Users/tavantai/Developer/project_thesis_code/processed/E0/2/train-00061-of-00803_1097.wav,processed,16000,1,48000,16000,1,48000,3.0,3.0,
/Users/tavantai/Developer/project_thesis_code/new_data/2/train-00061-of-00803_1098.wav,/Users/tavantai/Developer/project_thesis_code/processed/E0/2/train-00061-of-00803_1098.wav,processed,16000,1,48000,16000,1,48000,3.0,3.0,
/Users/tavantai/Developer/project_thesis_code/new_data/2/train-00061-of-00803_1099.wav,/Users/tavantai/Developer/project_thesis_code/processed/E0/2/train-00061-of-00803_1099.wav,processed,16000,1,48000,16000,1,48000,3.0,3.0,
/Users/tavantai/Developer/project_thesis_code/new_data/2/train-00061-of-00803_1100.wav,/Users/tavantai/Developer/project_thesis_code/processed/E0/2/train-00061-of-00803_1100.wav,processed,16000,1,48000,16000,1,48000,3.0,3.0,
/Users/tavantai/Developer/project_thesis_code/new_data/2/train-00061-of-00803_1101.wav,/Users/tavantai/Developer/project_thesis_code/processed/E0/2/train-00061-of-00803_1101.wav,processed,16000,1,48000,16000,1,48000,3.0,3.0,
/Users/tavantai/Developer/project_thesis_code/new_data/2/train-00061-of-00803_1102.wav,/Users/tavantai/Developer/project_thesis_code/processed/E0/2/train-00061-of-00803_1102.wav,processed,16000,1,48000,16000,1,48000,3.0,3.0,
/Users/tavantai/Developer/project_thesis_code/new_data/2/train-00061-of-00803_1103.wav,/Users/tavantai/Developer/project_thesis_code/processed/E0/2/train-00061-of-00803_1103.wav,processed,16000,1,48000,16000,1,48000,3.0,3.0,
/Users/tavantai/Developer/project_thesis_code/new_data/2/train-00061-of-00803_1104.wav,/Users/tavantai/Developer/project_thesis_code/processed/E0/2/train-00061-of-00803_1104.wav,processed,16000,1,48000,16000,1,48000,3.0,3.0,
/Users/tavantai/Developer/project_thesis_code/new_data/2/train-00061-of-00803_1105.wav,/Users/tavantai/Developer/project_thesis_code/processed/E0/2/train-00061-of-00803_1105.wav,processed,16000,1,48000,16000,1,48000,3.0,3.0,
/Users/tavantai/Developer/project_thesis_code/new_data/2/train-00061-of-00803_1106.wav,/Users/tavantai/Developer/project_thesis_code/processed/E0/2/train-00061-of-00803_1106.wav,processed,16000,1,48000,16000,1,48000,3.0,3.0,
/Users/tavantai/Developer/project_thesis_code/new_data/2/train-00061-of-00803_1107.wav,/Users/tavantai/Developer/project_thesis_code/processed/E0/2/train-00061-of-00803_1107.wav,processed,16000,1,48000,16000,1,48000,3.0,3.0,
/Users/tavantai/Developer/project_thesis_code/new_data/2/train-00061-of-00803_1108.wav,/Users/tavantai/Developer/project_thesis_code/processed/E0/2/train-00061-of-00803_1108.wav,processed,16000,1,48000,16000,1,48000,3.0,3.0,
/Users/tavantai/Developer/project_thesis_code/new_data/2/train-00061-of-00803_1109.wav,/Users/tavantai/Developer/project_thesis_code/processed/E0/2/train-00061-of-00803_1109.wav,processed,16000,1,48000,16000,1,48000,3.0,3.0,
/Users/tavantai/Developer/project_thesis_code/new_data/2/train-00061-of-00803_1110.wav,/Users/tavantai/Developer/project_thesis_code/processed/E0/2/train-00061-of-00803_1110.wav,processed,16000,1,48000,16000,1,48000,3.0,3.0,
/Users/tavantai/Developer/project_thesis_code/new_data/2/train-00061-of-00803_1111.wav,/Users/tavantai/Developer/project_thesis_code/processed/E0/2/train-00061-of-00803_1111.wav,processed,16000,1,48000,16000,1,48000,3.0,3.0,
/Users/tavantai/Developer/project_thesis_code/new_data/2/train-00061-of-00803_1112.wav,/Users/tavantai/Developer/project_thesis_code/processed/E0/2/train-00061-of-00803_1112.wav,processed,16000,1,48000,16000,1,48000,3.0,3.0,
/Users/tavantai/Developer/project_thesis_code/new_data/2/train-00061-of-00803_1113.wav,/Users/tavantai/Developer/project_thesis_code/processed/E0/2/train-00061-of-00803_1113.wav,processed,16000,1,48000,16000,1,48000,3.0,3.0,
/Users/tavantai/Developer/project_thesis_code/new_data/2/train-00061-of-00803_1114.wav,/Users/tavantai/Developer/project_thesis_code/processed/E0/2/train-00061-of-00803_1114.wav,processed,16000,1,48000,16000,1,48000,3.0,3.0,
/Users/tavantai/Developer/project_thesis_code/new_data/2/train-00061-of-00803_1115.wav,/Users/tavantai/Developer/project_thesis_code/processed/E0/2/train-00061-of-00803_1115.wav,processed,16000,1,48000,16000,1,48000,3.0,3.0,
/Users/tavantai/Developer/project_thesis_code/new_data/2/train-00061-of-00803_1116.wav,/Users/tavantai/Developer/project_thesis_code/processed/E0/2/train-00061-of-00803_1116.wav,processed,16000,1,48000,16000,1,48000,3.0,3.0,
/Users/tavantai/Developer/project_thesis_code/new_data/2/train-00061-of-00803_1117.wav,/Users/tavantai/Developer/project_thesis_code/processed/E0/2/train-00061-of-00803_1117.wav,processed,16000,1,48000,16000,1,48000,3.0,3.0,
/Users/tavantai/Developer/project_thesis_code/new_data/2/train-00061-of-00803_1118.wav,/Users/tavantai/Developer/project_thesis_code/processed/E0/2/train-00061-of-00803_1118.wav,processed,16000,1,48000,16000,1,48000,3.0,3.0,
/Users/tavantai/Developer/project_thesis_code/new_data/2/train-00061-of-00803_1119.wav,/Users/tavantai/Developer/project_thesis_code/processed/E0/2/train-00061-of-00803_1119.wav,processed,16000,1,48000,16000,1,48000,3.0,3.0,
/Users/tavantai/Developer/project_thesis_code/new_data/2/train-00061-of-00803_1120.wav,/Users/tavantai/Developer/project_thesis_code/processed/E0/2/train-00061-of-00803_1120.wav,processed,16000,1,48000,16000,1,48000,3.0,3.0,
/Users/tavantai/Developer/project_thesis_code/new_data/2/train-00061-of-00803_1121.wav,/Users/tavantai/Developer/project_thesis_code/processed/E0/2/train-00061-of-00803_1121.wav,processed,16000,1,48000,16000,1,48000,3.0,3.0,
/Users/tavantai/Developer/project_thesis_code/new_data/2/train-00061-of-00803_1122.wav,/Users/tavantai/Developer/project_thesis_code/processed/E0/2/train-00061-of-00803_1122.wav,processed,16000,1,48000,16000,1,48000,3.0,3.0,
/Users/tavantai/Developer/project_thesis_code/new_data/2/train-00061-of-00803_1123.wav,/Users/tavantai/Developer/project_thesis_code/processed/E0/2/train-00061-of-00803_1123.wav,processed,16000,1,48000,16000,1,48000,3.0,3.0,
/Users/tavantai/Developer/project_thesis_code/new_data/2/train-00061-of-00803_1124.wav,/Users/tavantai/Developer/project_thesis_code/processed/E0/2/train-00061-of-00803_1124.wav,processed,16000,1,48000,16000,1,48000,3.0,3.0,
/Users/tavantai/Developer/project_thesis_code/new_data/2/train-00061-of-00803_1125.wav,/Users/tavantai/Developer/project_thesis_code/processed/E0/2/train-00061-of-00803_1125.wav,processed,16000,1,48000,16000,1,48000,3.0,3.0,
/Users/tavantai/Developer/project_thesis_code/new_data/2/train-00061-of-00803_1126.wav,/Users/tavantai/Developer/project_thesis_code/processed/E0/2/train-00061-of-00803_1126.wav,processed,16000,1,48000,16000,1,48000,3.0,3.0,
/Users/tavantai/Developer/project_thesis_code/new_data/2/train-00061-of-00803_1127.wav,/Users/tavantai/Developer/project_thesis_code/processed/E0/2/train-00061-of-00803_1127.wav,processed,16000,1,48000,16000,1,48000,3.0,3.0,
/Users/tavantai/Developer/project_thesis_code/new_data/2/train-00061-of-00803_1128.wav,/Users/tavantai/Developer/project_thesis_code/processed/E0/2/train-00061-of-00803_1128.wav,processed,16000,1,48000,16000,1,48000,3.0,3.0,
/Users/tavantai/Developer/project_thesis_code/new_data/2/train-00061-of-00803_1129.wav,/Users/tavantai/Developer/project_thesis_code/processed/E0/2/train-00061-of-00803_1129.wav,processed,16000,1,48000,16000,1,48000,3.0,3.0,
/Users/tavantai/Developer/project_thesis_code/new_data/2/train-00061-of-00803_1130.wav,/Users/tavantai/Developer/project_thesis_code/processed/E0/2/train-00061-of-00803_1130.wav,processed,16000,1,48000,16000,1,48000,3.0,3.0,
/Users/tavantai/Developer/project_thesis_code/new_data/2/train-00061-of-00803_1131.wav,/Users/tavantai/Developer/project_thesis_code/processed/E0/2/train-00061-of-00803_1131.wav,processed,16000,1,48000,16000,1,48000,3.0,3.0,
/Users/tavantai/Developer/project_thesis_code/new_data/2/train-00061-of-00803_1132.wav,/Users/tavantai/Developer/project_thesis_code/processed/E0/2/train-00061-of-00803_1132.wav,processed,16000,1,48000,16000,1,48000,3.0,3.0,
/Users/tavantai/Developer/project_thesis_code/new_data/2/train-00061-of-00803_1133.wav,/Users/tavantai/Developer/project_thesis_code/processed/E0/2/train-00061-of-00803_1133.wav,processed,16000,1,48000,16000,1,48000,3.0,3.0,
/Users/tavantai/Developer/project_thesis_code/new_data/2/train-00061-of-00803_1134.wav,/Users/tavantai/Developer/project_thesis_code/processed/E0/2/train-00061-of-00803_1134.wav,processed,16000,1,48000,16000,1,48000,3.0,3.0,
/Users/tavantai/Developer/project_thesis_code/new_data/2/train-00061-of-00803_1135.wav,/Users/tavantai/Developer/project_thesis_code/processed/E0/2/train-00061-of-00803_1135.wav,processed,16000,1,48000,16000,1,48000,3.0,3.0,
/Users/tavantai/Developer/project_thesis_code/new_data/2/train-00061-of-00803_1136.wav,/Users/tavantai/Developer/project_thesis_code/processed/E0/2/train-00061-of-00803_1136.wav,processed,16000,1,48000,16000,1,48000,3.0,3.0,
/Users/tavantai/Developer/project_thesis_code/new_data/2/train-00061-of-00803_1137.wav,/Users/tavantai/Developer/project_thesis_code/processed/E0/2/train-00061-of-00803_1137.wav,processed,16000,1,48000,16000,1,48000,3.0,3.0,
/Users/tavantai/Developer/project_thesis_code/new_data/2/train-00061-of-00803_1138.wav,/Users/tavantai/Developer/project_thesis_code/processed/E0/2/train-00061-of-00803_1138.wav,processed,16000,1,48000,16000,1,48000,3.0,3.0,
/Users/tavantai/Developer/project_thesis_code/new_data/2/train-00061-of-00803_1139.wav,/Users/tavantai/Developer/project_thesis_code/processed/E0/2/train-00061-of-00803_1139.wav,processed,16000,1,48000,16000,1,48000,3.0,3.0,
/Users/tavantai/Developer/project_thesis_code/new_data/2/train-00061-of-00803_1140.wav,/Users/tavantai/Developer/project_thesis_code/processed/E0/2/train-00061-of-00803_1140.wav,processed,16000,1,48000,16000,1,48000,3.0,3.0,
/Users/tavantai/Developer/project_thesis_code/new_data/2/train-00061-of-00803_1141.wav,/Users/tavantai/Developer/project_thesis_code/processed/E0/2/train-00061-of-00803_1141.wav,processed,16000,1,48000,16000,1,48000,3.0,3.0,
/Users/tavantai/Developer/project_thesis_code/new_data/2/train-00061-of-00803_1142.wav,/Users/tavantai/Developer/project_thesis_code/processed/E0/2/train-00061-of-00803_1142.wav,processed,16000,1,48000,16000,1,48000,3.0,3.0,
/Users/tavantai/Developer/project_thesis_code/new_data/2/train-00061-of-00803_1143.wav,/Users/tavantai/Developer/project_thesis_code/processed/E0/2/train-00061-of-00803_1143.wav,processed,16000,1,48000,16000,1,48000,3.0,3.0,
/Users/tavantai/Developer/project_thesis_code/new_data/2/train-00061-of-00803_1144.wav,/Users/tavantai/Developer/project_thesis_code/processed/E0/2/train-00061-of-00803_1144.wav,processed,16000,1,48000,16000,1,48000,3.0,3.0,
/Users/tavantai/Developer/project_thesis_code/new_data/2/train-00061-of-00803_1145.wav,/Users/tavantai/Developer/project_thesis_code/processed/E0/2/train-00061-of-00803_1145.wav,processed,16000,1,48000,16000,1,48000,3.0,3.0,
/Users/tavantai/Developer/project_thesis_code/new_data/2/train-00061-of-00803_1146.wav,/Users/tavantai/Developer/project_thesis_code/processed/E0/2/train-00061-of-00803_1146.wav,processed,16000,1,48000,16000,1,48000,3.0,3.0,
/Users/tavantai/Developer/project_thesis_code/new_data/2/train-00061-of-00803_1147.wav,/Users/tavantai/Developer/project_thesis_code/processed/E0/2/train-00061-of-00803_1147.wav,processed,16000,1,48000,16000,1,48000,3.0,3.0,
/Users/tavantai/Developer/project_thesis_code/new_data/2/train-00061-of-00803_1148.wav,/Users/tavantai/Developer/project_thesis_code/processed/E0/2/train-00061-of-00803_1148.wav,processed,16000,1,48000,16000,1,48000,3.0,3.0,
/Users/tavantai/Developer/project_thesis_code/new_data/2/train-00061-of-00803_1149.wav,/Users/tavantai/Developer/project_thesis_code/processed/E0/2/train-00061-of-00803_1149.wav,processed,16000,1,48000,16000,1,48000,3.0,3.0,
/Users/tavantai/Developer/project_thesis_code/new_data/2/train-00061-of-00803_1150.wav,/Users/tavantai/Developer/project_thesis_code/processed/E0/2/train-00061-of-00803_1150.wav,processed,16000,1,48000,16000,1,48000,3.0,3.0,
/Users/tavantai/Developer/project_thesis_code/new_data/2/train-00061-of-00803_1151.wav,/Users/tavantai/Developer/project_thesis_code/processed/E0/2/train-00061-of-00803_1151.wav,processed,16000,1,48000,16000,1,48000,3.0,3.0,
/Users/tavantai/Developer/project_thesis_code/new_data/2/train-00061-of-00803_1152.wav,/Users/tavantai/Developer/project_thesis_code/processed/E0/2/train-00061-of-00803_1152.wav,processed,16000,1,48000,16000,1,48000,3.0,3.0,
/Users/tavantai/Developer/project_thesis_code/new_data/2/train-00061-of-00803_1153.wav,/Users/tavantai/Developer/project_thesis_code/processed/E0/2/train-00061-of-00803_1153.wav,processed,16000,1,48000,16000,1,48000,3.0,3.0,
/Users/tavantai/Developer/project_thesis_code/new_data/2/train-00061-of-00803_1154.wav,/Users/tavantai/Developer/project_thesis_code/processed/E0/2/train-00061-of-00803_1154.wav,processed,16000,1,48000,16000,1,48000,3.0,3.0,
/Users/tavantai/Developer/project_thesis_code/new_data/2/train-00061-of-00803_1155.wav,/Users/tavantai/Developer/project_thesis_code/processed/E0/2/train-00061-of-00803_1155.wav,processed,16000,1,48000,16000,1,48000,3.0,3.0,
/Users/tavantai/Developer/project_thesis_code/new_data/2/train-00061-of-00803_1156.wav,/Users/tavantai/Developer/project_thesis_code/processed/E0/2/train-00061-of-00803_1156.wav,processed,16000,1,48000,16000,1,48000,3.0,3.0,
/Users/tavantai/Developer/project_thesis_code/new_data/2/train-00061-of-00803_1157.wav,/Users/tavantai/Developer/project_thesis_code/processed/E0/2/train-00061-of-00803_1157.wav,processed,16000,1,48000,16000,1,48000,3.0,3.0,
/Users/tavantai/Developer/project_thesis_code/new_data/2/train-00061-of-00803_1158.wav,/Users/tavantai/Developer/project_thesis_code/processed/E0/2/train-00061-of-00803_1158.wav,processed,16000,1,48000,16000,1,48000,3.0,3.0,
/Users/tavantai/Developer/project_thesis_code/new_data/2/train-00061-of-00803_1159.wav,/Users/tavantai/Developer/project_thesis_code/processed/E0/2/train-00061-of-00803_1159.wav,processed,16000,1,48000,16000,1,48000,3.0,3.0,
/Users/tavantai/Developer/project_thesis_code/new_data/2/train-00061-of-00803_1160.wav,/Users/tavantai/Developer/project_thesis_code/processed/E0/2/train-00061-of-00803_1160.wav,processed,16000,1,48000,16000,1,48000,3.0,3.0,
/Users/tavantai/Developer/project_thesis_code/new_data/2/train-00061-of-00803_1161.wav,/Users/tavantai/Developer/project_thesis_code/processed/E0/2/train-00061-of-00803_1161.wav,processed,16000,1,48000,16000,1,48000,3.0,3.0,
/Users/tavantai/Developer/project_thesis_code/new_data/2/train-00061-of-00803_1162.wav,/Users/tavantai/Developer/project_thesis_code/processed/E0/2/train-00061-of-00803_1162.wav,processed,16000,1,48000,16000,1,48000,3.0,3.0,
/Users/tavantai/Developer/project_thesis_code/new_data/2/train-00061-of-00803_1163.wav,/Users/tavantai/Developer/project_thesis_code/processed/E0/2/train-00061-of-00803_1163.wav,processed,16000,1,48000,16000,1,48000,3.0,3.0,
/Users/tavantai/Developer/project_thesis_code/new_data/2/train-00061-of-00803_1164.wav,/Users/tavantai/Developer/project_thesis_code/processed/E0/2/train-00061-of-00803_1164.wav,processed,16000,1,48000,16000,1,48000,3.0,3.0,
/Users/tavantai/Developer/project_thesis_code/new_data/2/train-00061-of-00803_1165.wav,/Users/tavantai/Developer/project_thesis_code/processed/E0/2/train-00061-of-00803_1165.wav,processed,16000,1,48000,16000,1,48000,3.0,3.0,
/Users/tavantai/Developer/project_thesis_code/new_data/2/train-00061-of-00803_1166.wav,/Users/tavantai/Developer/project_thesis_code/processed/E0/2/train-00061-of-00803_1166.wav,processed,16000,1,48000,16000,1,48000,3.0,3.0,
/Users/tavantai/Developer/project_thesis_code/new_data/2/train-00061-of-00803_774.wav,/Users/tavantai/Developer/project_thesis_code/processed/E0/2/train-00061-of-00803_774.wav,processed,16000,1,48000,16000,1,48000,3.0,3.0,
/Users/tavantai/Developer/project_thesis_code/new_data/2/train-00061-of-00803_775.wav,/Users/tavantai/Developer/project_thesis_code/processed/E0/2/train-00061-of-00803_775.wav,processed,16000,1,48000,16000,1,48000,3.0,3.0,
/Users/tavantai/Developer/project_thesis_code/new_data/2/train-00061-of-00803_776.wav,/Users/tavantai/Developer/project_thesis_code/processed/E0/2/train-00061-of-00803_776.wav,processed,16000,1,48000,16000,1,48000,3.0,3.0,
/Users/tavantai/Developer/project_thesis_code/new_data/2/train-00061-of-00803_777.wav,/Users/tavantai/Developer/project_thesis_code/processed/E0/2/train-00061-of-00803_777.wav,processed,16000,1,48000,16000,1,48000,3.0,3.0,
/Users/tavantai/Developer/project_thesis_code/new_data/2/train-00061-of-00803_778.wav,/Users/tavantai/Developer/project_thesis_code/processed/E0/2/train-00061-of-00803_778.wav,processed,16000,1,48000,16000,1,48000,3.0,3.0,
/Users/tavantai/Developer/project_thesis_code/new_data/2/train-00061-of-00803_779.wav,/Users/tavantai/Developer/project_thesis_code/processed/E0/2/train-00061-of-00803_779.wav,processed,16000,1,48000,16000,1,48000,3.0,3.0,
/Users/tavantai/Developer/project_thesis_code/new_data/2/train-00061-of-00803_780.wav,/Users/tavantai/Developer/project_thesis_code/processed/E0/2/train-00061-of-00803_780.wav,processed,16000,1,48000,16000,1,48000,3.0,3.0,
/Users/tavantai/Developer/project_thesis_code/new_data/2/train-00061-of-00803_781.wav,/Users/tavantai/Developer/project_thesis_code/processed/E0/2/train-00061-of-00803_781.wav,processed,16000,1,48000,16000,1,48000,3.0,3.0,
/Users/tavantai/Developer/project_thesis_code/new_data/2/train-00061-of-00803_782.wav,/Users/tavantai/Developer/project_thesis_code/processed/E0/2/train-00061-of-00803_782.wav,processed,16000,1,48000,16000,1,48000,3.0,3.0,
/Users/tavantai/Developer/project_thesis_code/new_data/2/train-00061-of-00803_783.wav,/Users/tavantai/Developer/project_thesis_code/processed/E0/2/train-00061-of-00803_783.wav,processed,16000,1,48000,16000,1,48000,3.0,3.0,
/Users/tavantai/Developer/project_thesis_code/new_data/2/train-00061-of-00803_784.wav,/Users/tavantai/Developer/project_thesis_code/processed/E0/2/train-00061-of-00803_784.wav,processed,16000,1,48000,16000,1,48000,3.0,3.0,
/Users/tavantai/Developer/project_thesis_code/new_data/2/train-00061-of-00803_785.wav,/Users/tavantai/Developer/project_thesis_code/processed/E0/2/train-00061-of-00803_785.wav,processed,16000,1,48000,16000,1,48000,3.0,3.0,
/Users/tavantai/Developer/project_thesis_code/new_data/2/train-00061-of-00803_786.wav,/Users/tavantai/Developer/project_thesis_code/processed/E0/2/train-00061-of-00803_786.wav,processed,16000,1,48000,16000,1,48000,3.0,3.0,
/Users/tavantai/Developer/project_thesis_code/new_data/2/train-00061-of-00803_787.wav,/Users/tavantai/Developer/project_thesis_code/processed/E0/2/train-00061-of-00803_787.wav,processed,16000,1,48000,16000,1,48000,3.0,3.0,
/Users/tavantai/Developer/project_thesis_code/new_data/2/train-00061-of-00803_788.wav,/Users/tavantai/Developer/project_thesis_code/processed/E0/2/train-00061-of-00803_788.wav,processed,16000,1,48000,16000,1,48000,3.0,3.0,
/Users/tavantai/Developer/project_thesis_code/new_data/2/train-00061-of-00803_789.wav,/Users/tavantai/Developer/project_thesis_code/processed/E0/2/train-00061-of-00803_789.wav,processed,16000,1,48000,16000,1,48000,3.0,3.0,
/Users/tavantai/Developer/project_thesis_code/new_data/2/train-00061-of-00803_790.wav,/Users/tavantai/Developer/project_thesis_code/processed/E0/2/train-00061-of-00803_790.wav,processed,16000,1,48000,16000,1,48000,3.0,3.0,
/Users/tavantai/Developer/project_thesis_code/new_data/2/train-00061-of-00803_791.wav,/Users/tavantai/Developer/project_thesis_code/processed/E0/2/train-00061-of-00803_791.wav,processed,16000,1,48000,16000,1,48000,3.0,3.0,
/Users/tavantai/Developer/project_thesis_code/new_data/2/train-00061-of-00803_792.wav,/Users/tavantai/Developer/project_thesis_code/processed/E0/2/train-00061-of-00803_792.wav,processed,16000,1,48000,16000,1,48000,3.0,3.0,
/Users/tavantai/Developer/project_thesis_code/new_data/2/train-00061-of-00803_793.wav,/Users/tavantai/Developer/project_thesis_code/processed/E0/2/train-00061-of-00803_793.wav,processed,16000,1,48000,16000,1,48000,3.0,3.0,
/Users/tavantai/Developer/project_thesis_code/new_data/2/train-00061-of-00803_794.wav,/Users/tavantai/Developer/project_thesis_code/processed/E0/2/train-00061-of-00803_794.wav,processed,16000,1,48000,16000,1,48000,3.0,3.0,
/Users/tavantai/Developer/project_thesis_code/new_data/2/train-00061-of-00803_795.wav,/Users/tavantai/Developer/project_thesis_code/processed/E0/2/train-00061-of-00803_795.wav,processed,16000,1,48000,16000,1,48000,3.0,3.0,
/Users/tavantai/Developer/project_thesis_code/new_data/2/train-00061-of-00803_796.wav,/Users/tavantai/Developer/project_thesis_code/processed/E0/2/train-00061-of-00803_796.wav,processed,16000,1,48000,16000,1,48000,3.0,3.0,
/Users/tavantai/Developer/project_thesis_code/new_data/2/train-00061-of-00803_797.wav,/Users/tavantai/Developer/project_thesis_code/processed/E0/2/train-00061-of-00803_797.wav,processed,16000,1,48000,16000,1,48000,3.0,3.0,
/Users/tavantai/Developer/project_thesis_code/new_data/2/train-00061-of-00803_798.wav,/Users/tavantai/Developer/project_thesis_code/processed/E0/2/train-00061-of-00803_798.wav,processed,16000,1,48000,16000,1,48000,3.0,3.0,
/Users/tavantai/Developer/project_thesis_code/new_data/2/train-00061-of-00803_799.wav,/Users/tavantai/Developer/project_thesis_code/processed/E0/2/train-00061-of-00803_799.wav,processed,16000,1,48000,16000,1,48000,3.0,3.0,
/Users/tavantai/Developer/project_thesis_code/new_data/2/train-00061-of-00803_800.wav,/Users/tavantai/Developer/project_thesis_code/processed/E0/2/train-00061-of-00803_800.wav,processed,16000,1,48000,16000,1,48000,3.0,3.0,
/Users/tavantai/Developer/project_thesis_code/new_data/2/train-00061-of-00803_801.wav,/Users/tavantai/Developer/project_thesis_code/processed/E0/2/train-00061-of-00803_801.wav,processed,16000,1,48000,16000,1,48000,3.0,3.0,
/Users/tavantai/Developer/project_thesis_code/new_data/2/train-00061-of-00803_802.wav,/Users/tavantai/Developer/project_thesis_code/processed/E0/2/train-00061-of-00803_802.wav,processed,16000,1,48000,16000,1,48000,3.0,3.0,
/Users/tavantai/Developer/project_thesis_code/new_data/2/train-00061-of-00803_803.wav,/Users/tavantai/Developer/project_thesis_code/processed/E0/2/train-00061-of-00803_803.wav,processed,16000,1,48000,16000,1,48000,3.0,3.0,
/Users/tavantai/Developer/project_thesis_code/new_data/2/train-00061-of-00803_804.wav,/Users/tavantai/Developer/project_thesis_code/processed/E0/2/train-00061-of-00803_804.wav,processed,16000,1,48000,16000,1,48000,3.0,3.0,
/Users/tavantai/Developer/project_thesis_code/new_data/2/train-00061-of-00803_805.wav,/Users/tavantai/Developer/project_thesis_code/processed/E0/2/train-00061-of-00803_805.wav,processed,16000,1,48000,16000,1,48000,3.0,3.0,
/Users/tavantai/Developer/project_thesis_code/new_data/2/train-00061-of-00803_806.wav,/Users/tavantai/Developer/project_thesis_code/processed/E0/2/train-00061-of-00803_806.wav,processed,16000,1,48000,16000,1,48000,3.0,3.0,
/Users/tavantai/Developer/project_thesis_code/new_data/2/train-00061-of-00803_807.wav,/Users/tavantai/Developer/project_thesis_code/processed/E0/2/train-00061-of-00803_807.wav,processed,16000,1,48000,16000,1,48000,3.0,3.0,
/Users/tavantai/Developer/project_thesis_code/new_data/2/train-00061-of-00803_808.wav,/Users/tavantai/Developer/project_thesis_code/processed/E0/2/train-00061-of-00803_808.wav,processed,16000,1,48000,16000,1,48000,3.0,3.0,
/Users/tavantai/Developer/project_thesis_code/new_data/2/train-00061-of-00803_809.wav,/Users/tavantai/Developer/project_thesis_code/processed/E0/2/train-00061-of-00803_809.wav,processed,16000,1,48000,16000,1,48000,3.0,3.0,
/Users/tavantai/Developer/project_thesis_code/new_data/2/train-00061-of-00803_810.wav,/Users/tavantai/Developer/project_thesis_code/processed/E0/2/train-00061-of-00803_810.wav,processed,16000,1,48000,16000,1,48000,3.0,3.0,
/Users/tavantai/Developer/project_thesis_code/new_data/2/train-00061-of-00803_811.wav,/Users/tavantai/Developer/project_thesis_code/processed/E0/2/train-00061-of-00803_811.wav,processed,16000,1,48000,16000,1,48000,3.0,3.0,
/Users/tavantai/Developer/project_thesis_code/new_data/2/train-00061-of-00803_812.wav,/Users/tavantai/Developer/project_thesis_code/processed/E0/2/train-00061-of-00803_812.wav,processed,16000,1,48000,16000,1,48000,3.0,3.0,
/Users/tavantai/Developer/project_thesis_code/new_data/2/train-00061-of-00803_813.wav,/Users/tavantai/Developer/project_thesis_code/processed/E0/2/train-00061-of-00803_813.wav,processed,16000,1,48000,16000,1,48000,3.0,3.0,
/Users/tavantai/Developer/project_thesis_code/new_data/2/train-00061-of-00803_814.wav,/Users/tavantai/Developer/project_thesis_code/processed/E0/2/train-00061-of-00803_814.wav,processed,16000,1,48000,16000,1,48000,3.0,3.0,
/Users/tavantai/Developer/project_thesis_code/new_data/2/train-00061-of-00803_815.wav,/Users/tavantai/Developer/project_thesis_code/processed/E0/2/train-00061-of-00803_815.wav,processed,16000,1,48000,16000,1,48000,3.0,3.0,
/Users/tavantai/Developer/project_thesis_code/new_data/2/train-00061-of-00803_816.wav,/Users/tavantai/Developer/project_thesis_code/processed/E0/2/train-00061-of-00803_816.wav,processed,16000,1,48000,16000,1,48000,3.0,3.0,
/Users/tavantai/Developer/project_thesis_code/new_data/2/train-00061-of-00803_817.wav,/Users/tavantai/Developer/project_thesis_code/processed/E0/2/train-00061-of-00803_817.wav,processed,16000,1,48000,16000,1,48000,3.0,3.0,
/Users/tavantai/Developer/project_thesis_code/new_data/2/train-00061-of-00803_818.wav,/Users/tavantai/Developer/project_thesis_code/processed/E0/2/train-00061-of-00803_818.wav,processed,16000,1,48000,16000,1,48000,3.0,3.0,
/Users/tavantai/Developer/project_thesis_code/new_data/2/train-00061-of-00803_819.wav,/Users/tavantai/Developer/project_thesis_code/processed/E0/2/train-00061-of-00803_819.wav,processed,16000,1,48000,16000,1,48000,3.0,3.0,
/Users/tavantai/Developer/project_thesis_code/new_data/2/train-00061-of-00803_820.wav,/Users/tavantai/Developer/project_thesis_code/processed/E0/2/train-00061-of-00803_820.wav,processed,16000,1,48000,16000,1,48000,3.0,3.0,
/Users/tavantai/Developer/project_thesis_code/new_data/2/train-00061-of-00803_821.wav,/Users/tavantai/Developer/project_thesis_code/processed/E0/2/train-00061-of-00803_821.wav,processed,16000,1,48000,16000,1,48000,3.0,3.0,
/Users/tavantai/Developer/project_thesis_code/new_data/2/train-00061-of-00803_822.wav,/Users/tavantai/Developer/project_thesis_code/processed/E0/2/train-00061-of-00803_822.wav,processed,16000,1,48000,16000,1,48000,3.0,3.0,
/Users/tavantai/Developer/project_thesis_code/new_data/2/train-00061-of-00803_823.wav,/Users/tavantai/Developer/project_thesis_code/processed/E0/2/train-00061-of-00803_823.wav,processed,16000,1,48000,16000,1,48000,3.0,3.0,
/Users/tavantai/Developer/project_thesis_code/new_data/2/train-00061-of-00803_824.wav,/Users/tavantai/Developer/project_thesis_code/processed/E0/2/train-00061-of-00803_824.wav,processed,16000,1,48000,16000,1,48000,3.0,3.0,
/Users/tavantai/Developer/project_thesis_code/new_data/2/train-00061-of-00803_825.wav,/Users/tavantai/Developer/project_thesis_code/processed/E0/2/train-00061-of-00803_825.wav,processed,16000,1,48000,16000,1,48000,3.0,3.0,
/Users/tavantai/Developer/project_thesis_code/new_data/2/train-00061-of-00803_826.wav,/Users/tavantai/Developer/project_thesis_code/processed/E0/2/train-00061-of-00803_826.wav,processed,16000,1,48000,16000,1,48000,3.0,3.0,
/Users/tavantai/Developer/project_thesis_code/new_data/2/train-00061-of-00803_827.wav,/Users/tavantai/Developer/project_thesis_code/processed/E0/2/train-00061-of-00803_827.wav,processed,16000,1,48000,16000,1,48000,3.0,3.0,
/Users/tavantai/Developer/project_thesis_code/new_data/2/train-00061-of-00803_828.wav,/Users/tavantai/Developer/project_thesis_code/processed/E0/2/train-00061-of-00803_828.wav,processed,16000,1,48000,16000,1,48000,3.0,3.0,
/Users/tavantai/Developer/project_thesis_code/new_data/2/train-00061-of-00803_829.wav,/Users/tavantai/Developer/project_thesis_code/processed/E0/2/train-00061-of-00803_829.wav,processed,16000,1,48000,16000,1,48000,3.0,3.0,
/Users/tavantai/Developer/project_thesis_code/new_data/2/train-00061-of-00803_830.wav,/Users/tavantai/Developer/project_thesis_code/processed/E0/2/train-00061-of-00803_830.wav,processed,16000,1,48000,16000,1,48000,3.0,3.0,
/Users/tavantai/Developer/project_thesis_code/new_data/2/train-00061-of-00803_831.wav,/Users/tavantai/Developer/project_thesis_code/processed/E0/2/train-00061-of-00803_831.wav,processed,16000,1,48000,16000,1,48000,3.0,3.0,
/Users/tavantai/Developer/project_thesis_code/new_data/2/train-00061-of-00803_832.wav,/Users/tavantai/Developer/project_thesis_code/processed/E0/2/train-00061-of-00803_832.wav,processed,16000,1,48000,16000,1,48000,3.0,3.0,
/Users/tavantai/Developer/project_thesis_code/new_data/2/train-00061-of-00803_833.wav,/Users/tavantai/Developer/project_thesis_code/processed/E0/2/train-00061-of-00803_833.wav,processed,16000,1,48000,16000,1,48000,3.0,3.0,
/Users/tavantai/Developer/project_thesis_code/new_data/2/train-00061-of-00803_834.wav,/Users/tavantai/Developer/project_thesis_code/processed/E0/2/train-00061-of-00803_834.wav,processed,16000,1,48000,16000,1,48000,3.0,3.0,
/Users/tavantai/Developer/project_thesis_code/new_data/2/train-00061-of-00803_835.wav,/Users/tavantai/Developer/project_thesis_code/processed/E0/2/train-00061-of-00803_835.wav,processed,16000,1,48000,16000,1,48000,3.0,3.0,
/Users/tavantai/Developer/project_thesis_code/new_data/2/train-00061-of-00803_836.wav,/Users/tavantai/Developer/project_thesis_code/processed/E0/2/train-00061-of-00803_836.wav,processed,16000,1,48000,16000,1,48000,3.0,3.0,
/Users/tavantai/Developer/project_thesis_code/new_data/2/train-00061-of-00803_837.wav,/Users/tavantai/Developer/project_thesis_code/processed/E0/2/train-00061-of-00803_837.wav,processed,16000,1,48000,16000,1,48000,3.0,3.0,
/Users/tavantai/Developer/project_thesis_code/new_data/2/train-00061-of-00803_838.wav,/Users/tavantai/Developer/project_thesis_code/processed/E0/2/train-00061-of-00803_838.wav,processed,16000,1,48000,16000,1,48000,3.0,3.0,
/Users/tavantai/Developer/project_thesis_code/new_data/2/train-00061-of-00803_839.wav,/Users/tavantai/Developer/project_thesis_code/processed/E0/2/train-00061-of-00803_839.wav,processed,16000,1,48000,16000,1,48000,3.0,3.0,
/Users/tavantai/Developer/project_thesis_code/new_data/2/train-00061-of-00803_840.wav,/Users/tavantai/Developer/project_thesis_code/processed/E0/2/train-00061-of-00803_840.wav,processed,16000,1,48000,16000,1,48000,3.0,3.0,
/Users/tavantai/Developer/project_thesis_code/new_data/2/train-00061-of-00803_841.wav,/Users/tavantai/Developer/project_thesis_code/processed/E0/2/train-00061-of-00803_841.wav,processed,16000,1,48000,16000,1,48000,3.0,3.0,
/Users/tavantai/Developer/project_thesis_code/new_data/2/train-00061-of-00803_842.wav,/Users/tavantai/Developer/project_thesis_code/processed/E0/2/train-00061-of-00803_842.wav,processed,16000,1,48000,16000,1,48000,3.0,3.0,
/Users/tavantai/Developer/project_thesis_code/new_data/2/train-00061-of-00803_843.wav,/Users/tavantai/Developer/project_thesis_code/processed/E0/2/train-00061-of-00803_843.wav,processed,16000,1,48000,16000,1,48000,3.0,3.0,
/Users/tavantai/Developer/project_thesis_code/new_data/2/train-00061-of-00803_844.wav,/Users/tavantai/Developer/project_thesis_code/processed/E0/2/train-00061-of-00803_844.wav,processed,16000,1,48000,16000,1,48000,3.0,3.0,
/Users/tavantai/Developer/project_thesis_code/new_data/2/train-00061-of-00803_845.wav,/Users/tavantai/Developer/project_thesis_code/processed/E0/2/train-00061-of-00803_845.wav,processed,16000,1,48000,16000,1,48000,3.0,3.0,
/Users/tavantai/Developer/project_thesis_code/new_data/2/train-00061-of-00803_846.wav,/Users/tavantai/Developer/project_thesis_code/processed/E0/2/train-00061-of-00803_846.wav,processed,16000,1,48000,16000,1,48000,3.0,3.0,
/Users/tavantai/Developer/project_thesis_code/new_data/2/train-00061-of-00803_847.wav,/Users/tavantai/Developer/project_thesis_code/processed/E0/2/train-00061-of-00803_847.wav,processed,16000,1,48000,16000,1,48000,3.0,3.0,
/Users/tavantai/Developer/project_thesis_code/new_data/2/train-00061-of-00803_848.wav,/Users/tavantai/Developer/project_thesis_code/processed/E0/2/train-00061-of-00803_848.wav,processed,16000,1,48000,16000,1,48000,3.0,3.0,
/Users/tavantai/Developer/project_thesis_code/new_data/2/train-00061-of-00803_849.wav,/Users/tavantai/Developer/project_thesis_code/processed/E0/2/train-00061-of-00803_849.wav,processed,16000,1,48000,16000,1,48000,3.0,3.0,
/Users/tavantai/Developer/project_thesis_code/new_data/2/train-00061-of-00803_850.wav,/Users/tavantai/Developer/project_thesis_code/processed/E0/2/train-00061-of-00803_850.wav,processed,16000,1,48000,16000,1,48000,3.0,3.0,
/Users/tavantai/Developer/project_thesis_code/new_data/2/train-00061-of-00803_851.wav,/Users/tavantai/Developer/project_thesis_code/processed/E0/2/train-00061-of-00803_851.wav,processed,16000,1,48000,16000,1,48000,3.0,3.0,
/Users/tavantai/Developer/project_thesis_code/new_data/2/train-00061-of-00803_852.wav,/Users/tavantai/Developer/project_thesis_code/processed/E0/2/train-00061-of-00803_852.wav,processed,16000,1,48000,16000,1,48000,3.0,3.0,
/Users/tavantai/Developer/project_thesis_code/new_data/2/train-00061-of-00803_853.wav,/Users/tavantai/Developer/project_thesis_code/processed/E0/2/train-00061-of-00803_853.wav,processed,16000,1,48000,16000,1,48000,3.0,3.0,
/Users/tavantai/Developer/project_thesis_code/new_data/2/train-00061-of-00803_854.wav,/Users/tavantai/Developer/project_thesis_code/processed/E0/2/train-00061-of-00803_854.wav,processed,16000,1,48000,16000,1,48000,3.0,3.0,
/Users/tavantai/Developer/project_thesis_code/new_data/2/train-00061-of-00803_855.wav,/Users/tavantai/Developer/project_thesis_code/processed/E0/2/train-00061-of-00803_855.wav,processed,16000,1,48000,16000,1,48000,3.0,3.0,
/Users/tavantai/Developer/project_thesis_code/new_data/2/train-00061-of-00803_856.wav,/Users/tavantai/Developer/project_thesis_code/processed/E0/2/train-00061-of-00803_856.wav,processed,16000,1,48000,16000,1,48000,3.0,3.0,
/Users/tavantai/Developer/project_thesis_code/new_data/2/train-00061-of-00803_857.wav,/Users/tavantai/Developer/project_thesis_code/processed/E0/2/train-00061-of-00803_857.wav,processed,16000,1,48000,16000,1,48000,3.0,3.0,
/Users/tavantai/Developer/project_thesis_code/new_data/2/train-00061-of-00803_858.wav,/Users/tavantai/Developer/project_thesis_code/processed/E0/2/train-00061-of-00803_858.wav,processed,16000,1,48000,16000,1,48000,3.0,3.0,
/Users/tavantai/Developer/project_thesis_code/new_data/2/train-00061-of-00803_859.wav,/Users/tavantai/Developer/project_thesis_code/processed/E0/2/train-00061-of-00803_859.wav,processed,16000,1,48000,16000,1,48000,3.0,3.0,
/Users/tavantai/Developer/project_thesis_code/new_data/2/train-00061-of-00803_860.wav,/Users/tavantai/Developer/project_thesis_code/processed/E0/2/train-00061-of-00803_860.wav,processed,16000,1,48000,16000,1,48000,3.0,3.0,
/Users/tavantai/Developer/project_thesis_code/new_data/2/train-00061-of-00803_861.wav,/Users/tavantai/Developer/project_thesis_code/processed/E0/2/train-00061-of-00803_861.wav,processed,16000,1,48000,16000,1,48000,3.0,3.0,
/Users/tavantai/Developer/project_thesis_code/new_data/2/train-00061-of-00803_862.wav,/Users/tavantai/Developer/project_thesis_code/processed/E0/2/train-00061-of-00803_862.wav,processed,16000,1,48000,16000,1,48000,3.0,3.0,
/Users/tavantai/Developer/project_thesis_code/new_data/2/train-00061-of-00803_863.wav,/Users/tavantai/Developer/project_thesis_code/processed/E0/2/train-00061-of-00803_863.wav,processed,16000,1,48000,16000,1,48000,3.0,3.0,
/Users/tavantai/Developer/project_thesis_code/new_data/2/train-00061-of-00803_864.wav,/Users/tavantai/Developer/project_thesis_code/processed/E0/2/train-00061-of-00803_864.wav,processed,16000,1,48000,16000,1,48000,3.0,3.0,
/Users/tavantai/Developer/project_thesis_code/new_data/2/train-00061-of-00803_865.wav,/Users/tavantai/Developer/project_thesis_code/processed/E0/2/train-00061-of-00803_865.wav,processed,16000,1,48000,16000,1,48000,3.0,3.0,
/Users/tavantai/Developer/project_thesis_code/new_data/2/train-00061-of-00803_866.wav,/Users/tavantai/Developer/project_thesis_code/processed/E0/2/train-00061-of-00803_866.wav,processed,16000,1,48000,16000,1,48000,3.0,3.0,
/Users/tavantai/Developer/project_thesis_code/new_data/2/train-00061-of-00803_867.wav,/Users/tavantai/Developer/project_thesis_code/processed/E0/2/train-00061-of-00803_867.wav,processed,16000,1,48000,16000,1,48000,3.0,3.0,
/Users/tavantai/Developer/project_thesis_code/new_data/2/train-00061-of-00803_868.wav,/Users/tavantai/Developer/project_thesis_code/processed/E0/2/train-00061-of-00803_868.wav,processed,16000,1,48000,16000,1,48000,3.0,3.0,
/Users/tavantai/Developer/project_thesis_code/new_data/2/train-00061-of-00803_869.wav,/Users/tavantai/Developer/project_thesis_code/processed/E0/2/train-00061-of-00803_869.wav,processed,16000,1,48000,16000,1,48000,3.0,3.0,
/Users/tavantai/Developer/project_thesis_code/new_data/2/train-00061-of-00803_870.wav,/Users/tavantai/Developer/project_thesis_code/processed/E0/2/train-00061-of-00803_870.wav,processed,16000,1,48000,16000,1,48000,3.0,3.0,
/Users/tavantai/Developer/project_thesis_code/new_data/2/train-00061-of-00803_871.wav,/Users/tavantai/Developer/project_thesis_code/processed/E0/2/train-00061-of-00803_871.wav,processed,16000,1,48000,16000,1,48000,3.0,3.0,
/Users/tavantai/Developer/project_thesis_code/new_data/2/train-00061-of-00803_872.wav,/Users/tavantai/Developer/project_thesis_code/processed/E0/2/train-00061-of-00803_872.wav,processed,16000,1,48000,16000,1,48000,3.0,3.0,
/Users/tavantai/Developer/project_thesis_code/new_data/2/train-00061-of-00803_873.wav,/Users/tavantai/Developer/project_thesis_code/processed/E0/2/train-00061-of-00803_873.wav,processed,16000,1,48000,16000,1,48000,3.0,3.0,
/Users/tavantai/Developer/project_thesis_code/new_data/2/train-00061-of-00803_874.wav,/Users/tavantai/Developer/project_thesis_code/processed/E0/2/train-00061-of-00803_874.wav,processed,16000,1,48000,16000,1,48000,3.0,3.0,
/Users/tavantai/Developer/project_thesis_code/new_data/2/train-00061-of-00803_875.wav,/Users/tavantai/Developer/project_thesis_code/processed/E0/2/train-00061-of-00803_875.wav,processed,16000,1,48000,16000,1,48000,3.0,3.0,
/Users/tavantai/Developer/project_thesis_code/new_data/2/train-00061-of-00803_876.wav,/Users/tavantai/Developer/project_thesis_code/processed/E0/2/train-00061-of-00803_876.wav,processed,16000,1,48000,16000,1,48000,3.0,3.0,
/Users/tavantai/Developer/project_thesis_code/new_data/2/train-00061-of-00803_877.wav,/Users/tavantai/Developer/project_thesis_code/processed/E0/2/train-00061-of-00803_877.wav,processed,16000,1,48000,16000,1,48000,3.0,3.0,
/Users/tavantai/Developer/project_thesis_code/new_data/2/train-00061-of-00803_878.wav,/Users/tavantai/Developer/project_thesis_code/processed/E0/2/train-00061-of-00803_878.wav,processed,16000,1,48000,16000,1,48000,3.0,3.0,
/Users/tavantai/Developer/project_thesis_code/new_data/2/train-00061-of-00803_879.wav,/Users/tavantai/Developer/project_thesis_code/processed/E0/2/train-00061-of-00803_879.wav,processed,16000,1,48000,16000,1,48000,3.0,3.0,
/Users/tavantai/Developer/project_thesis_code/new_data/2/train-00061-of-00803_880.wav,/Users/tavantai/Developer/project_thesis_code/processed/E0/2/train-00061-of-00803_880.wav,processed,16000,1,48000,16000,1,48000,3.0,3.0,
/Users/tavantai/Developer/project_thesis_code/new_data/2/train-00061-of-00803_881.wav,/Users/tavantai/Developer/project_thesis_code/processed/E0/2/train-00061-of-00803_881.wav,processed,16000,1,48000,16000,1,48000,3.0,3.0,
/Users/tavantai/Developer/project_thesis_code/new_data/2/train-00061-of-00803_882.wav,/Users/tavantai/Developer/project_thesis_code/processed/E0/2/train-00061-of-00803_882.wav,processed,16000,1,48000,16000,1,48000,3.0,3.0,
/Users/tavantai/Developer/project_thesis_code/new_data/2/train-00061-of-00803_883.wav,/Users/tavantai/Developer/project_thesis_code/processed/E0/2/train-00061-of-00803_883.wav,processed,16000,1,48000,16000,1,48000,3.0,3.0,
/Users/tavantai/Developer/project_thesis_code/new_data/2/train-00061-of-00803_884.wav,/Users/tavantai/Developer/project_thesis_code/processed/E0/2/train-00061-of-00803_884.wav,processed,16000,1,48000,16000,1,48000,3.0,3.0,
/Users/tavantai/Developer/project_thesis_code/new_data/2/train-00061-of-00803_885.wav,/Users/tavantai/Developer/project_thesis_code/processed/E0/2/train-00061-of-00803_885.wav,processed,16000,1,48000,16000,1,48000,3.0,3.0,
/Users/tavantai/Developer/project_thesis_code/new_data/2/train-00061-of-00803_886.wav,/Users/tavantai/Developer/project_thesis_code/processed/E0/2/train-00061-of-00803_886.wav,processed,16000,1,48000,16000,1,48000,3.0,3.0,
/Users/tavantai/Developer/project_thesis_code/new_data/2/train-00061-of-00803_887.wav,/Users/tavantai/Developer/project_thesis_code/processed/E0/2/train-00061-of-00803_887.wav,processed,16000,1,48000,16000,1,48000,3.0,3.0,
/Users/tavantai/Developer/project_thesis_code/new_data/2/train-00061-of-00803_888.wav,/Users/tavantai/Developer/project_thesis_code/processed/E0/2/train-00061-of-00803_888.wav,processed,16000,1,48000,16000,1,48000,3.0,3.0,
/Users/tavantai/Developer/project_thesis_code/new_data/2/train-00061-of-00803_889.wav,/Users/tavantai/Developer/project_thesis_code/processed/E0/2/train-00061-of-00803_889.wav,processed,16000,1,48000,16000,1,48000,3.0,3.0,
/Users/tavantai/Developer/project_thesis_code/new_data/2/train-00061-of-00803_890.wav,/Users/tavantai/Developer/project_thesis_code/processed/E0/2/train-00061-of-00803_890.wav,processed,16000,1,48000,16000,1,48000,3.0,3.0,
/Users/tavantai/Developer/project_thesis_code/new_data/2/train-00061-of-00803_891.wav,/Users/tavantai/Developer/project_thesis_code/processed/E0/2/train-00061-of-00803_891.wav,processed,16000,1,48000,16000,1,48000,3.0,3.0,
/Users/tavantai/Developer/project_thesis_code/new_data/2/train-00061-of-00803_892.wav,/Users/tavantai/Developer/project_thesis_code/processed/E0/2/train-00061-of-00803_892.wav,processed,16000,1,48000,16000,1,48000,3.0,3.0,
/Users/tavantai/Developer/project_thesis_code/new_data/2/train-00061-of-00803_893.wav,/Users/tavantai/Developer/project_thesis_code/processed/E0/2/train-00061-of-00803_893.wav,processed,16000,1,48000,16000,1,48000,3.0,3.0,
/Users/tavantai/Developer/project_thesis_code/new_data/2/train-00061-of-00803_894.wav,/Users/tavantai/Developer/project_thesis_code/processed/E0/2/train-00061-of-00803_894.wav,processed,16000,1,48000,16000,1,48000,3.0,3.0,
/Users/tavantai/Developer/project_thesis_code/new_data/2/train-00061-of-00803_895.wav,/Users/tavantai/Developer/project_thesis_code/processed/E0/2/train-00061-of-00803_895.wav,processed,16000,1,48000,16000,1,48000,3.0,3.0,
/Users/tavantai/Developer/project_thesis_code/new_data/2/train-00061-of-00803_896.wav,/Users/tavantai/Developer/project_thesis_code/processed/E0/2/train-00061-of-00803_896.wav,processed,16000,1,48000,16000,1,48000,3.0,3.0,
/Users/tavantai/Developer/project_thesis_code/new_data/2/train-00061-of-00803_897.wav,/Users/tavantai/Developer/project_thesis_code/processed/E0/2/train-00061-of-00803_897.wav,processed,16000,1,48000,16000,1,48000,3.0,3.0,
/Users/tavantai/Developer/project_thesis_code/new_data/2/train-00061-of-00803_898.wav,/Users/tavantai/Developer/project_thesis_code/processed/E0/2/train-00061-of-00803_898.wav,processed,16000,1,48000,16000,1,48000,3.0,3.0,
/Users/tavantai/Developer/project_thesis_code/new_data/2/train-00061-of-00803_899.wav,/Users/tavantai/Developer/project_thesis_code/processed/E0/2/train-00061-of-00803_899.wav,processed,16000,1,48000,16000,1,48000,3.0,3.0,
/Users/tavantai/Developer/project_thesis_code/new_data/2/train-00061-of-00803_900.wav,/Users/tavantai/Developer/project_thesis_code/processed/E0/2/train-00061-of-00803_900.wav,processed,16000,1,48000,16000,1,48000,3.0,3.0,
/Users/tavantai/Developer/project_thesis_code/new_data/2/train-00061-of-00803_901.wav,/Users/tavantai/Developer/project_thesis_code/processed/E0/2/train-00061-of-00803_901.wav,processed,16000,1,48000,16000,1,48000,3.0,3.0,
/Users/tavantai/Developer/project_thesis_code/new_data/2/train-00061-of-00803_902.wav,/Users/tavantai/Developer/project_thesis_code/processed/E0/2/train-00061-of-00803_902.wav,processed,16000,1,48000,16000,1,48000,3.0,3.0,
/Users/tavantai/Developer/project_thesis_code/new_data/2/train-00061-of-00803_903.wav,/Users/tavantai/Developer/project_thesis_code/processed/E0/2/train-00061-of-00803_903.wav,processed,16000,1,48000,16000,1,48000,3.0,3.0,
/Users/tavantai/Developer/project_thesis_code/new_data/2/train-00061-of-00803_904.wav,/Users/tavantai/Developer/project_thesis_code/processed/E0/2/train-00061-of-00803_904.wav,processed,16000,1,48000,16000,1,48000,3.0,3.0,
/Users/tavantai/Developer/project_thesis_code/new_data/2/train-00061-of-00803_905.wav,/Users/tavantai/Developer/project_thesis_code/processed/E0/2/train-00061-of-00803_905.wav,processed,16000,1,48000,16000,1,48000,3.0,3.0,
/Users/tavantai/Developer/project_thesis_code/new_data/2/train-00061-of-00803_906.wav,/Users/tavantai/Developer/project_thesis_code/processed/E0/2/train-00061-of-00803_906.wav,processed,16000,1,48000,16000,1,48000,3.0,3.0,
/Users/tavantai/Developer/project_thesis_code/new_data/2/train-00061-of-00803_907.wav,/Users/tavantai/Developer/project_thesis_code/processed/E0/2/train-00061-of-00803_907.wav,processed,16000,1,48000,16000,1,48000,3.0,3.0,
/Users/tavantai/Developer/project_thesis_code/new_data/2/train-00061-of-00803_908.wav,/Users/tavantai/Developer/project_thesis_code/processed/E0/2/train-00061-of-00803_908.wav,processed,16000,1,48000,16000,1,48000,3.0,3.0,
/Users/tavantai/Developer/project_thesis_code/new_data/2/train-00061-of-00803_909.wav,/Users/tavantai/Developer/project_thesis_code/processed/E0/2/train-00061-of-00803_909.wav,processed,16000,1,48000,16000,1,48000,3.0,3.0,
/Users/tavantai/Developer/project_thesis_code/new_data/2/train-00061-of-00803_910.wav,/Users/tavantai/Developer/project_thesis_code/processed/E0/2/train-00061-of-00803_910.wav,processed,16000,1,48000,16000,1,48000,3.0,3.0,
/Users/tavantai/Developer/project_thesis_code/new_data/2/train-00061-of-00803_911.wav,/Users/tavantai/Developer/project_thesis_code/processed/E0/2/train-00061-of-00803_911.wav,processed,16000,1,48000,16000,1,48000,3.0,3.0,
/Users/tavantai/Developer/project_thesis_code/new_data/2/train-00061-of-00803_912.wav,/Users/tavantai/Developer/project_thesis_code/processed/E0/2/train-00061-of-00803_912.wav,processed,16000,1,48000,16000,1,48000,3.0,3.0,
/Users/tavantai/Developer/project_thesis_code/new_data/2/train-00061-of-00803_913.wav,/Users/tavantai/Developer/project_thesis_code/processed/E0/2/train-00061-of-00803_913.wav,processed,16000,1,48000,16000,1,48000,3.0,3.0,
/Users/tavantai/Developer/project_thesis_code/new_data/2/train-00061-of-00803_914.wav,/Users/tavantai/Developer/project_thesis_code/processed/E0/2/train-00061-of-00803_914.wav,processed,16000,1,48000,16000,1,48000,3.0,3.0,
/Users/tavantai/Developer/project_thesis_code/new_data/2/train-00061-of-00803_915.wav,/Users/tavantai/Developer/project_thesis_code/processed/E0/2/train-00061-of-00803_915.wav,processed,16000,1,48000,16000,1,48000,3.0,3.0,
/Users/tavantai/Developer/project_thesis_code/new_data/2/train-00061-of-00803_916.wav,/Users/tavantai/Developer/project_thesis_code/processed/E0/2/train-00061-of-00803_916.wav,processed,16000,1,48000,16000,1,48000,3.0,3.0,
/Users/tavantai/Developer/project_thesis_code/new_data/2/train-00061-of-00803_917.wav,/Users/tavantai/Developer/project_thesis_code/processed/E0/2/train-00061-of-00803_917.wav,processed,16000,1,48000,16000,1,48000,3.0,3.0,
/Users/tavantai/Developer/project_thesis_code/new_data/2/train-00061-of-00803_918.wav,/Users/tavantai/Developer/project_thesis_code/processed/E0/2/train-00061-of-00803_918.wav,processed,16000,1,48000,16000,1,48000,3.0,3.0,
/Users/tavantai/Developer/project_thesis_code/new_data/2/train-00061-of-00803_919.wav,/Users/tavantai/Developer/project_thesis_code/processed/E0/2/train-00061-of-00803_919.wav,processed,16000,1,48000,16000,1,48000,3.0,3.0,
/Users/tavantai/Developer/project_thesis_code/new_data/2/train-00061-of-00803_920.wav,/Users/tavantai/Developer/project_thesis_code/processed/E0/2/train-00061-of-00803_920.wav,processed,16000,1,48000,16000,1,48000,3.0,3.0,
/Users/tavantai/Developer/project_thesis_code/new_data/2/train-00061-of-00803_921.wav,/Users/tavantai/Developer/project_thesis_code/processed/E0/2/train-00061-of-00803_921.wav,processed,16000,1,48000,16000,1,48000,3.0,3.0,
/Users/tavantai/Developer/project_thesis_code/new_data/2/train-00061-of-00803_922.wav,/Users/tavantai/Developer/project_thesis_code/processed/E0/2/train-00061-of-00803_922.wav,processed,16000,1,48000,16000,1,48000,3.0,3.0,
/Users/tavantai/Developer/project_thesis_code/new_data/2/train-00061-of-00803_923.wav,/Users/tavantai/Developer/project_thesis_code/processed/E0/2/train-00061-of-00803_923.wav,processed,16000,1,48000,16000,1,48000,3.0,3.0,
/Users/tavantai/Developer/project_thesis_code/new_data/2/train-00061-of-00803_924.wav,/Users/tavantai/Developer/project_thesis_code/processed/E0/2/train-00061-of-00803_924.wav,processed,16000,1,48000,16000,1,48000,3.0,3.0,
/Users/tavantai/Developer/project_thesis_code/new_data/2/train-00061-of-00803_925.wav,/Users/tavantai/Developer/project_thesis_code/processed/E0/2/train-00061-of-00803_925.wav,processed,16000,1,48000,16000,1,48000,3.0,3.0,
/Users/tavantai/Developer/project_thesis_code/new_data/2/train-00061-of-00803_926.wav,/Users/tavantai/Developer/project_thesis_code/processed/E0/2/train-00061-of-00803_926.wav,processed,16000,1,48000,16000,1,48000,3.0,3.0,
/Users/tavantai/Developer/project_thesis_code/new_data/2/train-00061-of-00803_927.wav,/Users/tavantai/Developer/project_thesis_code/processed/E0/2/train-00061-of-00803_927.wav,processed,16000,1,48000,16000,1,48000,3.0,3.0,
/Users/tavantai/Developer/project_thesis_code/new_data/2/train-00061-of-00803_928.wav,/Users/tavantai/Developer/project_thesis_code/processed/E0/2/train-00061-of-00803_928.wav,processed,16000,1,48000,16000,1,48000,3.0,3.0,
/Users/tavantai/Developer/project_thesis_code/new_data/2/train-00061-of-00803_929.wav,/Users/tavantai/Developer/project_thesis_code/processed/E0/2/train-00061-of-00803_929.wav,processed,16000,1,48000,16000,1,48000,3.0,3.0,
/Users/tavantai/Developer/project_thesis_code/new_data/2/train-00061-of-00803_930.wav,/Users/tavantai/Developer/project_thesis_code/processed/E0/2/train-00061-of-00803_930.wav,processed,16000,1,48000,16000,1,48000,3.0,3.0,
/Users/tavantai/Developer/project_thesis_code/new_data/2/train-00061-of-00803_931.wav,/Users/tavantai/Developer/project_thesis_code/processed/E0/2/train-00061-of-00803_931.wav,processed,16000,1,48000,16000,1,48000,3.0,3.0,
/Users/tavantai/Developer/project_thesis_code/new_data/2/train-00061-of-00803_932.wav,/Users/tavantai/Developer/project_thesis_code/processed/E0/2/train-00061-of-00803_932.wav,processed,16000,1,48000,16000,1,48000,3.0,3.0,
/Users/tavantai/Developer/project_thesis_code/new_data/2/train-00061-of-00803_933.wav,/Users/tavantai/Developer/project_thesis_code/processed/E0/2/train-00061-of-00803_933.wav,processed,16000,1,48000,16000,1,48000,3.0,3.0,
/Users/tavantai/Developer/project_thesis_code/new_data/2/train-00061-of-00803_934.wav,/Users/tavantai/Developer/project_thesis_code/processed/E0/2/train-00061-of-00803_934.wav,processed,16000,1,48000,16000,1,48000,3.0,3.0,
/Users/tavantai/Developer/project_thesis_code/new_data/2/train-00061-of-00803_935.wav,/Users/tavantai/Developer/project_thesis_code/processed/E0/2/train-00061-of-00803_935.wav,processed,16000,1,48000,16000,1,48000,3.0,3.0,
/Users/tavantai/Developer/project_thesis_code/new_data/2/train-00061-of-00803_936.wav,/Users/tavantai/Developer/project_thesis_code/processed/E0/2/train-00061-of-00803_936.wav,processed,16000,1,48000,16000,1,48000,3.0,3.0,
/Users/tavantai/Developer/project_thesis_code/new_data/2/train-00061-of-00803_937.wav,/Users/tavantai/Developer/project_thesis_code/processed/E0/2/train-00061-of-00803_937.wav,processed,16000,1,48000,16000,1,48000,3.0,3.0,
/Users/tavantai/Developer/project_thesis_code/new_data/2/train-00061-of-00803_938.wav,/Users/tavantai/Developer/project_thesis_code/processed/E0/2/train-00061-of-00803_938.wav,processed,16000,1,48000,16000,1,48000,3.0,3.0,
/Users/tavantai/Developer/project_thesis_code/new_data/2/train-00061-of-00803_939.wav,/Users/tavantai/Developer/project_thesis_code/processed/E0/2/train-00061-of-00803_939.wav,processed,16000,1,48000,16000,1,48000,3.0,3.0,
/Users/tavantai/Developer/project_thesis_code/new_data/2/train-00061-of-00803_940.wav,/Users/tavantai/Developer/project_thesis_code/processed/E0/2/train-00061-of-00803_940.wav,processed,16000,1,48000,16000,1,48000,3.0,3.0,
/Users/tavantai/Developer/project_thesis_code/new_data/2/train-00061-of-00803_941.wav,/Users/tavantai/Developer/project_thesis_code/processed/E0/2/train-00061-of-00803_941.wav,processed,16000,1,48000,16000,1,48000,3.0,3.0,
/Users/tavantai/Developer/project_thesis_code/new_data/2/train-00061-of-00803_942.wav,/Users/tavantai/Developer/project_thesis_code/processed/E0/2/train-00061-of-00803_942.wav,processed,16000,1,48000,16000,1,48000,3.0,3.0,
/Users/tavantai/Developer/project_thesis_code/new_data/2/train-00061-of-00803_943.wav,/Users/tavantai/Developer/project_thesis_code/processed/E0/2/train-00061-of-00803_943.wav,processed,16000,1,48000,16000,1,48000,3.0,3.0,
/Users/tavantai/Developer/project_thesis_code/new_data/2/train-00061-of-00803_944.wav,/Users/tavantai/Developer/project_thesis_code/processed/E0/2/train-00061-of-00803_944.wav,processed,16000,1,48000,16000,1,48000,3.0,3.0,
/Users/tavantai/Developer/project_thesis_code/new_data/2/train-00061-of-00803_945.wav,/Users/tavantai/Developer/project_thesis_code/processed/E0/2/train-00061-of-00803_945.wav,processed,16000,1,48000,16000,1,48000,3.0,3.0,
/Users/tavantai/Developer/project_thesis_code/new_data/2/train-00061-of-00803_946.wav,/Users/tavantai/Developer/project_thesis_code/processed/E0/2/train-00061-of-00803_946.wav,processed,16000,1,48000,16000,1,48000,3.0,3.0,
/Users/tavantai/Developer/project_thesis_code/new_data/2/train-00061-of-00803_947.wav,/Users/tavantai/Developer/project_thesis_code/processed/E0/2/train-00061-of-00803_947.wav,processed,16000,1,48000,16000,1,48000,3.0,3.0,
/Users/tavantai/Developer/project_thesis_code/new_data/2/train-00061-of-00803_948.wav,/Users/tavantai/Developer/project_thesis_code/processed/E0/2/train-00061-of-00803_948.wav,processed,16000,1,48000,16000,1,48000,3.0,3.0,
/Users/tavantai/Developer/project_thesis_code/new_data/2/train-00061-of-00803_949.wav,/Users/tavantai/Developer/project_thesis_code/processed/E0/2/train-00061-of-00803_949.wav,processed,16000,1,48000,16000,1,48000,3.0,3.0,
/Users/tavantai/Developer/project_thesis_code/new_data/2/train-00061-of-00803_950.wav,/Users/tavantai/Developer/project_thesis_code/processed/E0/2/train-00061-of-00803_950.wav,processed,16000,1,48000,16000,1,48000,3.0,3.0,
/Users/tavantai/Developer/project_thesis_code/new_data/2/train-00061-of-00803_951.wav,/Users/tavantai/Developer/project_thesis_code/processed/E0/2/train-00061-of-00803_951.wav,processed,16000,1,48000,16000,1,48000,3.0,3.0,
/Users/tavantai/Developer/project_thesis_code/new_data/2/train-00061-of-00803_952.wav,/Users/tavantai/Developer/project_thesis_code/processed/E0/2/train-00061-of-00803_952.wav,processed,16000,1,48000,16000,1,48000,3.0,3.0,
/Users/tavantai/Developer/project_thesis_code/new_data/2/train-00061-of-00803_953.wav,/Users/tavantai/Developer/project_thesis_code/processed/E0/2/train-00061-of-00803_953.wav,processed,16000,1,48000,16000,1,48000,3.0,3.0,
/Users/tavantai/Developer/project_thesis_code/new_data/2/train-00061-of-00803_954.wav,/Users/tavantai/Developer/project_thesis_code/processed/E0/2/train-00061-of-00803_954.wav,processed,16000,1,48000,16000,1,48000,3.0,3.0,
/Users/tavantai/Developer/project_thesis_code/new_data/2/train-00061-of-00803_955.wav,/Users/tavantai/Developer/project_thesis_code/processed/E0/2/train-00061-of-00803_955.wav,processed,16000,1,48000,16000,1,48000,3.0,3.0,
/Users/tavantai/Developer/project_thesis_code/new_data/2/train-00061-of-00803_956.wav,/Users/tavantai/Developer/project_thesis_code/processed/E0/2/train-00061-of-00803_956.wav,processed,16000,1,48000,16000,1,48000,3.0,3.0,
/Users/tavantai/Developer/project_thesis_code/new_data/2/train-00061-of-00803_957.wav,/Users/tavantai/Developer/project_thesis_code/processed/E0/2/train-00061-of-00803_957.wav,processed,16000,1,48000,16000,1,48000,3.0,3.0,
/Users/tavantai/Developer/project_thesis_code/new_data/2/train-00061-of-00803_958.wav,/Users/tavantai/Developer/project_thesis_code/processed/E0/2/train-00061-of-00803_958.wav,processed,16000,1,48000,16000,1,48000,3.0,3.0,
/Users/tavantai/Developer/project_thesis_code/new_data/2/train-00061-of-00803_959.wav,/Users/tavantai/Developer/project_thesis_code/processed/E0/2/train-00061-of-00803_959.wav,processed,16000,1,48000,16000,1,48000,3.0,3.0,
/Users/tavantai/Developer/project_thesis_code/new_data/2/train-00061-of-00803_960.wav,/Users/tavantai/Developer/project_thesis_code/processed/E0/2/train-00061-of-00803_960.wav,processed,16000,1,48000,16000,1,48000,3.0,3.0,
/Users/tavantai/Developer/project_thesis_code/new_data/2/train-00061-of-00803_961.wav,/Users/tavantai/Developer/project_thesis_code/processed/E0/2/train-00061-of-00803_961.wav,processed,16000,1,48000,16000,1,48000,3.0,3.0,
/Users/tavantai/Developer/project_thesis_code/new_data/2/train-00061-of-00803_962.wav,/Users/tavantai/Developer/project_thesis_code/processed/E0/2/train-00061-of-00803_962.wav,processed,16000,1,48000,16000,1,48000,3.0,3.0,
/Users/tavantai/Developer/project_thesis_code/new_data/2/train-00061-of-00803_963.wav,/Users/tavantai/Developer/project_thesis_code/processed/E0/2/train-00061-of-00803_963.wav,processed,16000,1,48000,16000,1,48000,3.0,3.0,
/Users/tavantai/Developer/project_thesis_code/new_data/2/train-00061-of-00803_964.wav,/Users/tavantai/Developer/project_thesis_code/processed/E0/2/train-00061-of-00803_964.wav,processed,16000,1,48000,16000,1,48000,3.0,3.0,
/Users/tavantai/Developer/project_thesis_code/new_data/2/train-00061-of-00803_965.wav,/Users/tavantai/Developer/project_thesis_code/processed/E0/2/train-00061-of-00803_965.wav,processed,16000,1,48000,16000,1,48000,3.0,3.0,
/Users/tavantai/Developer/project_thesis_code/new_data/2/train-00061-of-00803_966.wav,/Users/tavantai/Developer/project_thesis_code/processed/E0/2/train-00061-of-00803_966.wav,processed,16000,1,48000,16000,1,48000,3.0,3.0,
/Users/tavantai/Developer/project_thesis_code/new_data/2/train-00061-of-00803_967.wav,/Users/tavantai/Developer/project_thesis_code/processed/E0/2/train-00061-of-00803_967.wav,processed,16000,1,48000,16000,1,48000,3.0,3.0,
/Users/tavantai/Developer/project_thesis_code/new_data/2/train-00061-of-00803_968.wav,/Users/tavantai/Developer/project_thesis_code/processed/E0/2/train-00061-of-00803_968.wav,processed,16000,1,48000,16000,1,48000,3.0,3.0,
/Users/tavantai/Developer/project_thesis_code/new_data/2/train-00061-of-00803_969.wav,/Users/tavantai/Developer/project_thesis_code/processed/E0/2/train-00061-of-00803_969.wav,processed,16000,1,48000,16000,1,48000,3.0,3.0,
/Users/tavantai/Developer/project_thesis_code/new_data/2/train-00061-of-00803_970.wav,/Users/tavantai/Developer/project_thesis_code/processed/E0/2/train-00061-of-00803_970.wav,processed,16000,1,48000,16000,1,48000,3.0,3.0,
/Users/tavantai/Developer/project_thesis_code/new_data/2/train-00061-of-00803_971.wav,/Users/tavantai/Developer/project_thesis_code/processed/E0/2/train-00061-of-00803_971.wav,processed,16000,1,48000,16000,1,48000,3.0,3.0,
/Users/tavantai/Developer/project_thesis_code/new_data/2/train-00061-of-00803_972.wav,/Users/tavantai/Developer/project_thesis_code/processed/E0/2/train-00061-of-00803_972.wav,processed,16000,1,48000,16000,1,48000,3.0,3.0,
/Users/tavantai/Developer/project_thesis_code/new_data/2/train-00061-of-00803_973.wav,/Users/tavantai/Developer/project_thesis_code/processed/E0/2/train-00061-of-00803_973.wav,processed,16000,1,48000,16000,1,48000,3.0,3.0,
/Users/tavantai/Developer/project_thesis_code/new_data/2/train-00061-of-00803_974.wav,/Users/tavantai/Developer/project_thesis_code/processed/E0/2/train-00061-of-00803_974.wav,processed,16000,1,48000,16000,1,48000,3.0,3.0,
/Users/tavantai/Developer/project_thesis_code/new_data/2/train-00061-of-00803_975.wav,/Users/tavantai/Developer/project_thesis_code/processed/E0/2/train-00061-of-00803_975.wav,processed,16000,1,48000,16000,1,48000,3.0,3.0,
/Users/tavantai/Developer/project_thesis_code/new_data/2/train-00061-of-00803_976.wav,/Users/tavantai/Developer/project_thesis_code/processed/E0/2/train-00061-of-00803_976.wav,processed,16000,1,48000,16000,1,48000,3.0,3.0,
/Users/tavantai/Developer/project_thesis_code/new_data/2/train-00061-of-00803_977.wav,/Users/tavantai/Developer/project_thesis_code/processed/E0/2/train-00061-of-00803_977.wav,processed,16000,1,48000,16000,1,48000,3.0,3.0,
/Users/tavantai/Developer/project_thesis_code/new_data/2/train-00061-of-00803_978.wav,/Users/tavantai/Developer/project_thesis_code/processed/E0/2/train-00061-of-00803_978.wav,processed,16000,1,48000,16000,1,48000,3.0,3.0,
/Users/tavantai/Developer/project_thesis_code/new_data/2/train-00061-of-00803_979.wav,/Users/tavantai/Developer/project_thesis_code/processed/E0/2/train-00061-of-00803_979.wav,processed,16000,1,48000,16000,1,48000,3.0,3.0,
/Users/tavantai/Developer/project_thesis_code/new_data/2/train-00061-of-00803_980.wav,/Users/tavantai/Developer/project_thesis_code/processed/E0/2/train-00061-of-00803_980.wav,processed,16000,1,48000,16000,1,48000,3.0,3.0,
/Users/tavantai/Developer/project_thesis_code/new_data/2/train-00061-of-00803_981.wav,/Users/tavantai/Developer/project_thesis_code/processed/E0/2/train-00061-of-00803_981.wav,processed,16000,1,48000,16000,1,48000,3.0,3.0,
/Users/tavantai/Developer/project_thesis_code/new_data/2/train-00061-of-00803_982.wav,/Users/tavantai/Developer/project_thesis_code/processed/E0/2/train-00061-of-00803_982.wav,processed,16000,1,48000,16000,1,48000,3.0,3.0,
/Users/tavantai/Developer/project_thesis_code/new_data/2/train-00061-of-00803_983.wav,/Users/tavantai/Developer/project_thesis_code/processed/E0/2/train-00061-of-00803_983.wav,processed,16000,1,48000,16000,1,48000,3.0,3.0,
/Users/tavantai/Developer/project_thesis_code/new_data/2/train-00061-of-00803_984.wav,/Users/tavantai/Developer/project_thesis_code/processed/E0/2/train-00061-of-00803_984.wav,processed,16000,1,48000,16000,1,48000,3.0,3.0,
/Users/tavantai/Developer/project_thesis_code/new_data/2/train-00061-of-00803_985.wav,/Users/tavantai/Developer/project_thesis_code/processed/E0/2/train-00061-of-00803_985.wav,processed,16000,1,48000,16000,1,48000,3.0,3.0,
/Users/tavantai/Developer/project_thesis_code/new_data/2/train-00061-of-00803_986.wav,/Users/tavantai/Developer/project_thesis_code/processed/E0/2/train-00061-of-00803_986.wav,processed,16000,1,48000,16000,1,48000,3.0,3.0,
/Users/tavantai/Developer/project_thesis_code/new_data/2/train-00061-of-00803_987.wav,/Users/tavantai/Developer/project_thesis_code/processed/E0/2/train-00061-of-00803_987.wav,processed,16000,1,48000,16000,1,48000,3.0,3.0,
/Users/tavantai/Developer/project_thesis_code/new_data/2/train-00061-of-00803_988.wav,/Users/tavantai/Developer/project_thesis_code/processed/E0/2/train-00061-of-00803_988.wav,processed,16000,1,48000,16000,1,48000,3.0,3.0,
/Users/tavantai/Developer/project_thesis_code/new_data/2/train-00061-of-00803_989.wav,/Users/tavantai/Developer/project_thesis_code/processed/E0/2/train-00061-of-00803_989.wav,processed,16000,1,48000,16000,1,48000,3.0,3.0,
/Users/tavantai/Developer/project_thesis_code/new_data/2/train-00061-of-00803_990.wav,/Users/tavantai/Developer/project_thesis_code/processed/E0/2/train-00061-of-00803_990.wav,processed,16000,1,48000,16000,1,48000,3.0,3.0,
/Users/tavantai/Developer/project_thesis_code/new_data/2/train-00061-of-00803_991.wav,/Users/tavantai/Developer/project_thesis_code/processed/E0/2/train-00061-of-00803_991.wav,processed,16000,1,48000,16000,1,48000,3.0,3.0,
/Users/tavantai/Developer/project_thesis_code/new_data/2/train-00061-of-00803_992.wav,/Users/tavantai/Developer/project_thesis_code/processed/E0/2/train-00061-of-00803_992.wav,processed,16000,1,48000,16000,1,48000,3.0,3.0,
/Users/tavantai/Developer/project_thesis_code/new_data/2/train-00061-of-00803_993.wav,/Users/tavantai/Developer/project_thesis_code/processed/E0/2/train-00061-of-00803_993.wav,processed,16000,1,48000,16000,1,48000,3.0,3.0,
/Users/tavantai/Developer/project_thesis_code/new_data/2/train-00061-of-00803_994.wav,/Users/tavantai/Developer/project_thesis_code/processed/E0/2/train-00061-of-00803_994.wav,processed,16000,1,48000,16000,1,48000,3.0,3.0,
/Users/tavantai/Developer/project_thesis_code/new_data/2/train-00061-of-00803_995.wav,/Users/tavantai/Developer/project_thesis_code/processed/E0/2/train-00061-of-00803_995.wav,processed,16000,1,48000,16000,1,48000,3.0,3.0,
/Users/tavantai/Developer/project_thesis_code/new_data/2/train-00061-of-00803_996.wav,/Users/tavantai/Developer/project_thesis_code/processed/E0/2/train-00061-of-00803_996.wav,processed,16000,1,48000,16000,1,48000,3.0,3.0,
/Users/tavantai/Developer/project_thesis_code/new_data/2/train-00061-of-00803_997.wav,/Users/tavantai/Developer/project_thesis_code/processed/E0/2/train-00061-of-00803_997.wav,processed,16000,1,48000,16000,1,48000,3.0,3.0,
/Users/tavantai/Developer/project_thesis_code/new_data/2/train-00061-of-00803_998.wav,/Users/tavantai/Developer/project_thesis_code/processed/E0/2/train-00061-of-00803_998.wav,processed,16000,1,48000,16000,1,48000,3.0,3.0,
/Users/tavantai/Developer/project_thesis_code/new_data/2/train-00061-of-00803_999.wav,/Users/tavantai/Developer/project_thesis_code/processed/E0/2/train-00061-of-00803_999.wav,processed,16000,1,48000,16000,1,48000,3.0,3.0,
/Users/tavantai/Developer/project_thesis_code/new_data/3/train-00063-of-00803_1000.wav,/Users/tavantai/Developer/project_thesis_code/processed/E0/3/train-00063-of-00803_1000.wav,processed,16000,1,48000,16000,1,48000,3.0,3.0,
/Users/tavantai/Developer/project_thesis_code/new_data/3/train-00063-of-00803_1001.wav,/Users/tavantai/Developer/project_thesis_code/processed/E0/3/train-00063-of-00803_1001.wav,processed,16000,1,48000,16000,1,48000,3.0,3.0,
/Users/tavantai/Developer/project_thesis_code/new_data/3/train-00063-of-00803_1002.wav,/Users/tavantai/Developer/project_thesis_code/processed/E0/3/train-00063-of-00803_1002.wav,processed,16000,1,48000,16000,1,48000,3.0,3.0,
/Users/tavantai/Developer/project_thesis_code/new_data/3/train-00063-of-00803_1003.wav,/Users/tavantai/Developer/project_thesis_code/processed/E0/3/train-00063-of-00803_1003.wav,processed,16000,1,48000,16000,1,48000,3.0,3.0,
/Users/tavantai/Developer/project_thesis_code/new_data/3/train-00063-of-00803_1004.wav,/Users/tavantai/Developer/project_thesis_code/processed/E0/3/train-00063-of-00803_1004.wav,processed,16000,1,48000,16000,1,48000,3.0,3.0,
/Users/tavantai/Developer/project_thesis_code/new_data/3/train-00063-of-00803_1005.wav,/Users/tavantai/Developer/project_thesis_code/processed/E0/3/train-00063-of-00803_1005.wav,processed,16000,1,48000,16000,1,48000,3.0,3.0,
/Users/tavantai/Developer/project_thesis_code/new_data/3/train-00063-of-00803_1006.wav,/Users/tavantai/Developer/project_thesis_code/processed/E0/3/train-00063-of-00803_1006.wav,processed,16000,1,48000,16000,1,48000,3.0,3.0,
/Users/tavantai/Developer/project_thesis_code/new_data/3/train-00063-of-00803_1007.wav,/Users/tavantai/Developer/project_thesis_code/processed/E0/3/train-00063-of-00803_1007.wav,processed,16000,1,48000,16000,1,48000,3.0,3.0,
/Users/tavantai/Developer/project_thesis_code/new_data/3/train-00063-of-00803_1008.wav,/Users/tavantai/Developer/project_thesis_code/processed/E0/3/train-00063-of-00803_1008.wav,processed,16000,1,48000,16000,1,48000,3.0,3.0,
/Users/tavantai/Developer/project_thesis_code/new_data/3/train-00063-of-00803_1009.wav,/Users/tavantai/Developer/project_thesis_code/processed/E0/3/train-00063-of-00803_1009.wav,processed,16000,1,48000,16000,1,48000,3.0,3.0,
/Users/tavantai/Developer/project_thesis_code/new_data/3/train-00063-of-00803_1010.wav,/Users/tavantai/Developer/project_thesis_code/processed/E0/3/train-00063-of-00803_1010.wav,processed,16000,1,48000,16000,1,48000,3.0,3.0,
/Users/tavantai/Developer/project_thesis_code/new_data/3/train-00063-of-00803_1011.wav,/Users/tavantai/Developer/project_thesis_code/processed/E0/3/train-00063-of-00803_1011.wav,processed,16000,1,48000,16000,1,48000,3.0,3.0,
/Users/tavantai/Developer/project_thesis_code/new_data/3/train-00063-of-00803_1012.wav,/Users/tavantai/Developer/project_thesis_code/processed/E0/3/train-00063-of-00803_1012.wav,processed,16000,1,48000,16000,1,48000,3.0,3.0,
/Users/tavantai/Developer/project_thesis_code/new_data/3/train-00063-of-00803_1013.wav,/Users/tavantai/Developer/project_thesis_code/processed/E0/3/train-00063-of-00803_1013.wav,processed,16000,1,48000,16000,1,48000,3.0,3.0,
/Users/tavantai/Developer/project_thesis_code/new_data/3/train-00063-of-00803_1014.wav,/Users/tavantai/Developer/project_thesis_code/processed/E0/3/train-00063-of-00803_1014.wav,processed,16000,1,48000,16000,1,48000,3.0,3.0,
/Users/tavantai/Developer/project_thesis_code/new_data/3/train-00063-of-00803_1015.wav,/Users/tavantai/Developer/project_thesis_code/processed/E0/3/train-00063-of-00803_1015.wav,processed,16000,1,48000,16000,1,48000,3.0,3.0,
/Users/tavantai/Developer/project_thesis_code/new_data/3/train-00063-of-00803_1016.wav,/Users/tavantai/Developer/project_thesis_code/processed/E0/3/train-00063-of-00803_1016.wav,processed,16000,1,48000,16000,1,48000,3.0,3.0,
/Users/tavantai/Developer/project_thesis_code/new_data/3/train-00063-of-00803_1017.wav,/Users/tavantai/Developer/project_thesis_code/processed/E0/3/train-00063-of-00803_1017.wav,processed,16000,1,48000,16000,1,48000,3.0,3.0,
/Users/tavantai/Developer/project_thesis_code/new_data/3/train-00063-of-00803_1018.wav,/Users/tavantai/Developer/project_thesis_code/processed/E0/3/train-00063-of-00803_1018.wav,processed,16000,1,48000,16000,1,48000,3.0,3.0,
/Users/tavantai/Developer/project_thesis_code/new_data/3/train-00063-of-00803_1019.wav,/Users/tavantai/Developer/project_thesis_code/processed/E0/3/train-00063-of-00803_1019.wav,processed,16000,1,48000,16000,1,48000,3.0,3.0,
/Users/tavantai/Developer/project_thesis_code/new_data/3/train-00063-of-00803_1020.wav,/Users/tavantai/Developer/project_thesis_code/processed/E0/3/train-00063-of-00803_1020.wav,processed,16000,1,48000,16000,1,48000,3.0,3.0,
/Users/tavantai/Developer/project_thesis_code/new_data/3/train-00063-of-00803_1021.wav,/Users/tavantai/Developer/project_thesis_code/processed/E0/3/train-00063-of-00803_1021.wav,processed,16000,1,48000,16000,1,48000,3.0,3.0,
/Users/tavantai/Developer/project_thesis_code/new_data/3/train-00063-of-00803_1022.wav,/Users/tavantai/Developer/project_thesis_code/processed/E0/3/train-00063-of-00803_1022.wav,processed,16000,1,48000,16000,1,48000,3.0,3.0,
/Users/tavantai/Developer/project_thesis_code/new_data/3/train-00063-of-00803_1023.wav,/Users/tavantai/Developer/project_thesis_code/processed/E0/3/train-00063-of-00803_1023.wav,processed,16000,1,48000,16000,1,48000,3.0,3.0,
/Users/tavantai/Developer/project_thesis_code/new_data/3/train-00063-of-00803_1024.wav,/Users/tavantai/Developer/project_thesis_code/processed/E0/3/train-00063-of-00803_1024.wav,processed,16000,1,48000,16000,1,48000,3.0,3.0,
/Users/tavantai/Developer/project_thesis_code/new_data/3/train-00063-of-00803_1025.wav,/Users/tavantai/Developer/project_thesis_code/processed/E0/3/train-00063-of-00803_1025.wav,processed,16000,1,48000,16000,1,48000,3.0,3.0,
/Users/tavantai/Developer/project_thesis_code/new_data/3/train-00063-of-00803_1026.wav,/Users/tavantai/Developer/project_thesis_code/processed/E0/3/train-00063-of-00803_1026.wav,processed,16000,1,48000,16000,1,48000,3.0,3.0,
/Users/tavantai/Developer/project_thesis_code/new_data/3/train-00063-of-00803_1027.wav,/Users/tavantai/Developer/project_thesis_code/processed/E0/3/train-00063-of-00803_1027.wav,processed,16000,1,48000,16000,1,48000,3.0,3.0,
/Users/tavantai/Developer/project_thesis_code/new_data/3/train-00063-of-00803_1028.wav,/Users/tavantai/Developer/project_thesis_code/processed/E0/3/train-00063-of-00803_1028.wav,processed,16000,1,48000,16000,1,48000,3.0,3.0,
/Users/tavantai/Developer/project_thesis_code/new_data/3/train-00063-of-00803_1029.wav,/Users/tavantai/Developer/project_thesis_code/processed/E0/3/train-00063-of-00803_1029.wav,processed,16000,1,48000,16000,1,48000,3.0,3.0,
/Users/tavantai/Developer/project_thesis_code/new_data/3/train-00063-of-00803_1030.wav,/Users/tavantai/Developer/project_thesis_code/processed/E0/3/train-00063-of-00803_1030.wav,processed,16000,1,48000,16000,1,48000,3.0,3.0,
/Users/tavantai/Developer/project_thesis_code/new_data/3/train-00063-of-00803_1031.wav,/Users/tavantai/Developer/project_thesis_code/processed/E0/3/train-00063-of-00803_1031.wav,processed,16000,1,48000,16000,1,48000,3.0,3.0,
/Users/tavantai/Developer/project_thesis_code/new_data/3/train-00063-of-00803_1032.wav,/Users/tavantai/Developer/project_thesis_code/processed/E0/3/train-00063-of-00803_1032.wav,processed,16000,1,48000,16000,1,48000,3.0,3.0,
/Users/tavantai/Developer/project_thesis_code/new_data/3/train-00063-of-00803_1033.wav,/Users/tavantai/Developer/project_thesis_code/processed/E0/3/train-00063-of-00803_1033.wav,processed,16000,1,48000,16000,1,48000,3.0,3.0,
/Users/tavantai/Developer/project_thesis_code/new_data/3/train-00063-of-00803_1034.wav,/Users/tavantai/Developer/project_thesis_code/processed/E0/3/train-00063-of-00803_1034.wav,processed,16000,1,48000,16000,1,48000,3.0,3.0,
/Users/tavantai/Developer/project_thesis_code/new_data/3/train-00063-of-00803_1035.wav,/Users/tavantai/Developer/project_thesis_code/processed/E0/3/train-00063-of-00803_1035.wav,processed,16000,1,48000,16000,1,48000,3.0,3.0,
/Users/tavantai/Developer/project_thesis_code/new_data/3/train-00063-of-00803_1036.wav,/Users/tavantai/Developer/project_thesis_code/processed/E0/3/train-00063-of-00803_1036.wav,processed,16000,1,48000,16000,1,48000,3.0,3.0,
/Users/tavantai/Developer/project_thesis_code/new_data/3/train-00063-of-00803_1037.wav,/Users/tavantai/Developer/project_thesis_code/processed/E0/3/train-00063-of-00803_1037.wav,processed,16000,1,48000,16000,1,48000,3.0,3.0,
/Users/tavantai/Developer/project_thesis_code/new_data/3/train-00063-of-00803_1038.wav,/Users/tavantai/Developer/project_thesis_code/processed/E0/3/train-00063-of-00803_1038.wav,processed,16000,1,48000,16000,1,48000,3.0,3.0,
/Users/tavantai/Developer/project_thesis_code/new_data/3/train-00063-of-00803_1039.wav,/Users/tavantai/Developer/project_thesis_code/processed/E0/3/train-00063-of-00803_1039.wav,processed,16000,1,48000,16000,1,48000,3.0,3.0,
/Users/tavantai/Developer/project_thesis_code/new_data/3/train-00063-of-00803_1040.wav,/Users/tavantai/Developer/project_thesis_code/processed/E0/3/train-00063-of-00803_1040.wav,processed,16000,1,48000,16000,1,48000,3.0,3.0,
/Users/tavantai/Developer/project_thesis_code/new_data/3/train-00063-of-00803_1041.wav,/Users/tavantai/Developer/project_thesis_code/processed/E0/3/train-00063-of-00803_1041.wav,processed,16000,1,48000,16000,1,48000,3.0,3.0,
/Users/tavantai/Developer/project_thesis_code/new_data/3/train-00063-of-00803_1042.wav,/Users/tavantai/Developer/project_thesis_code/processed/E0/3/train-00063-of-00803_1042.wav,processed,16000,1,48000,16000,1,48000,3.0,3.0,
/Users/tavantai/Developer/project_thesis_code/new_data/3/train-00063-of-00803_1043.wav,/Users/tavantai/Developer/project_thesis_code/processed/E0/3/train-00063-of-00803_1043.wav,processed,16000,1,48000,16000,1,48000,3.0,3.0,
/Users/tavantai/Developer/project_thesis_code/new_data/3/train-00063-of-00803_1044.wav,/Users/tavantai/Developer/project_thesis_code/processed/E0/3/train-00063-of-00803_1044.wav,processed,16000,1,48000,16000,1,48000,3.0,3.0,
/Users/tavantai/Developer/project_thesis_code/new_data/3/train-00063-of-00803_1045.wav,/Users/tavantai/Developer/project_thesis_code/processed/E0/3/train-00063-of-00803_1045.wav,processed,16000,1,48000,16000,1,48000,3.0,3.0,
/Users/tavantai/Developer/project_thesis_code/new_data/3/train-00063-of-00803_1046.wav,/Users/tavantai/Developer/project_thesis_code/processed/E0/3/train-00063-of-00803_1046.wav,processed,16000,1,48000,16000,1,48000,3.0,3.0,
/Users/tavantai/Developer/project_thesis_code/new_data/3/train-00063-of-00803_1047.wav,/Users/tavantai/Developer/project_thesis_code/processed/E0/3/train-00063-of-00803_1047.wav,processed,16000,1,48000,16000,1,48000,3.0,3.0,
/Users/tavantai/Developer/project_thesis_code/new_data/3/train-00063-of-00803_1048.wav,/Users/tavantai/Developer/project_thesis_code/processed/E0/3/train-00063-of-00803_1048.wav,processed,16000,1,48000,16000,1,48000,3.0,3.0,
/Users/tavantai/Developer/project_thesis_code/new_data/3/train-00063-of-00803_1049.wav,/Users/tavantai/Developer/project_thesis_code/processed/E0/3/train-00063-of-00803_1049.wav,processed,16000,1,48000,16000,1,48000,3.0,3.0,
/Users/tavantai/Developer/project_thesis_code/new_data/3/train-00063-of-00803_1050.wav,/Users/tavantai/Developer/project_thesis_code/processed/E0/3/train-00063-of-00803_1050.wav,processed,16000,1,48000,16000,1,48000,3.0,3.0,
/Users/tavantai/Developer/project_thesis_code/new_data/3/train-00063-of-00803_1051.wav,/Users/tavantai/Developer/project_thesis_code/processed/E0/3/train-00063-of-00803_1051.wav,processed,16000,1,48000,16000,1,48000,3.0,3.0,
/Users/tavantai/Developer/project_thesis_code/new_data/3/train-00063-of-00803_1052.wav,/Users/tavantai/Developer/project_thesis_code/processed/E0/3/train-00063-of-00803_1052.wav,processed,16000,1,48000,16000,1,48000,3.0,3.0,
/Users/tavantai/Developer/project_thesis_code/new_data/3/train-00063-of-00803_1053.wav,/Users/tavantai/Developer/project_thesis_code/processed/E0/3/train-00063-of-00803_1053.wav,processed,16000,1,48000,16000,1,48000,3.0,3.0,
/Users/tavantai/Developer/project_thesis_code/new_data/3/train-00063-of-00803_1054.wav,/Users/tavantai/Developer/project_thesis_code/processed/E0/3/train-00063-of-00803_1054.wav,processed,16000,1,48000,16000,1,48000,3.0,3.0,
/Users/tavantai/Developer/project_thesis_code/new_data/3/train-00063-of-00803_1055.wav,/Users/tavantai/Developer/project_thesis_code/processed/E0/3/train-00063-of-00803_1055.wav,processed,16000,1,48000,16000,1,48000,3.0,3.0,
/Users/tavantai/Developer/project_thesis_code/new_data/3/train-00063-of-00803_1056.wav,/Users/tavantai/Developer/project_thesis_code/processed/E0/3/train-00063-of-00803_1056.wav,processed,16000,1,48000,16000,1,48000,3.0,3.0,
/Users/tavantai/Developer/project_thesis_code/new_data/3/train-00063-of-00803_1057.wav,/Users/tavantai/Developer/project_thesis_code/processed/E0/3/train-00063-of-00803_1057.wav,processed,16000,1,48000,16000,1,48000,3.0,3.0,
/Users/tavantai/Developer/project_thesis_code/new_data/3/train-00063-of-00803_1058.wav,/Users/tavantai/Developer/project_thesis_code/processed/E0/3/train-00063-of-00803_1058.wav,processed,16000,1,48000,16000,1,48000,3.0,3.0,
/Users/tavantai/Developer/project_thesis_code/new_data/3/train-00063-of-00803_1059.wav,/Users/tavantai/Developer/project_thesis_code/processed/E0/3/train-00063-of-00803_1059.wav,processed,16000,1,48000,16000,1,48000,3.0,3.0,
/Users/tavantai/Developer/project_thesis_code/new_data/3/train-00063-of-00803_1060.wav,/Users/tavantai/Developer/project_thesis_code/processed/E0/3/train-00063-of-00803_1060.wav,processed,16000,1,48000,16000,1,48000,3.0,3.0,
/Users/tavantai/Developer/project_thesis_code/new_data/3/train-00063-of-00803_1061.wav,/Users/tavantai/Developer/project_thesis_code/processed/E0/3/train-00063-of-00803_1061.wav,processed,16000,1,48000,16000,1,48000,3.0,3.0,
/Users/tavantai/Developer/project_thesis_code/new_data/3/train-00063-of-00803_1062.wav,/Users/tavantai/Developer/project_thesis_code/processed/E0/3/train-00063-of-00803_1062.wav,processed,16000,1,48000,16000,1,48000,3.0,3.0,
/Users/tavantai/Developer/project_thesis_code/new_data/3/train-00063-of-00803_1063.wav,/Users/tavantai/Developer/project_thesis_code/processed/E0/3/train-00063-of-00803_1063.wav,processed,16000,1,48000,16000,1,48000,3.0,3.0,
/Users/tavantai/Developer/project_thesis_code/new_data/3/train-00063-of-00803_1064.wav,/Users/tavantai/Developer/project_thesis_code/processed/E0/3/train-00063-of-00803_1064.wav,processed,16000,1,48000,16000,1,48000,3.0,3.0,
/Users/tavantai/Developer/project_thesis_code/new_data/3/train-00063-of-00803_1065.wav,/Users/tavantai/Developer/project_thesis_code/processed/E0/3/train-00063-of-00803_1065.wav,processed,16000,1,48000,16000,1,48000,3.0,3.0,
/Users/tavantai/Developer/project_thesis_code/new_data/3/train-00063-of-00803_1066.wav,/Users/tavantai/Developer/project_thesis_code/processed/E0/3/train-00063-of-00803_1066.wav,processed,16000,1,48000,16000,1,48000,3.0,3.0,
/Users/tavantai/Developer/project_thesis_code/new_data/3/train-00063-of-00803_1067.wav,/Users/tavantai/Developer/project_thesis_code/processed/E0/3/train-00063-of-00803_1067.wav,processed,16000,1,48000,16000,1,48000,3.0,3.0,
/Users/tavantai/Developer/project_thesis_code/new_data/3/train-00063-of-00803_1068.wav,/Users/tavantai/Developer/project_thesis_code/processed/E0/3/train-00063-of-00803_1068.wav,processed,16000,1,48000,16000,1,48000,3.0,3.0,
/Users/tavantai/Developer/project_thesis_code/new_data/3/train-00063-of-00803_1069.wav,/Users/tavantai/Developer/project_thesis_code/processed/E0/3/train-00063-of-00803_1069.wav,processed,16000,1,48000,16000,1,48000,3.0,3.0,
/Users/tavantai/Developer/project_thesis_code/new_data/3/train-00063-of-00803_1070.wav,/Users/tavantai/Developer/project_thesis_code/processed/E0/3/train-00063-of-00803_1070.wav,processed,16000,1,48000,16000,1,48000,3.0,3.0,
/Users/tavantai/Developer/project_thesis_code/new_data/3/train-00063-of-00803_1071.wav,/Users/tavantai/Developer/project_thesis_code/processed/E0/3/train-00063-of-00803_1071.wav,processed,16000,1,48000,16000,1,48000,3.0,3.0,
/Users/tavantai/Developer/project_thesis_code/new_data/3/train-00063-of-00803_1072.wav,/Users/tavantai/Developer/project_thesis_code/processed/E0/3/train-00063-of-00803_1072.wav,processed,16000,1,48000,16000,1,48000,3.0,3.0,
/Users/tavantai/Developer/project_thesis_code/new_data/3/train-00063-of-00803_1073.wav,/Users/tavantai/Developer/project_thesis_code/processed/E0/3/train-00063-of-00803_1073.wav,processed,16000,1,48000,16000,1,48000,3.0,3.0,
/Users/tavantai/Developer/project_thesis_code/new_data/3/train-00063-of-00803_1074.wav,/Users/tavantai/Developer/project_thesis_code/processed/E0/3/train-00063-of-00803_1074.wav,processed,16000,1,48000,16000,1,48000,3.0,3.0,
/Users/tavantai/Developer/project_thesis_code/new_data/3/train-00063-of-00803_1075.wav,/Users/tavantai/Developer/project_thesis_code/processed/E0/3/train-00063-of-00803_1075.wav,processed,16000,1,48000,16000,1,48000,3.0,3.0,
/Users/tavantai/Developer/project_thesis_code/new_data/3/train-00063-of-00803_1076.wav,/Users/tavantai/Developer/project_thesis_code/processed/E0/3/train-00063-of-00803_1076.wav,processed,16000,1,48000,16000,1,48000,3.0,3.0,
/Users/tavantai/Developer/project_thesis_code/new_data/3/train-00063-of-00803_1077.wav,/Users/tavantai/Developer/project_thesis_code/processed/E0/3/train-00063-of-00803_1077.wav,processed,16000,1,48000,16000,1,48000,3.0,3.0,
/Users/tavantai/Developer/project_thesis_code/new_data/3/train-00063-of-00803_1078.wav,/Users/tavantai/Developer/project_thesis_code/processed/E0/3/train-00063-of-00803_1078.wav,processed,16000,1,48000,16000,1,48000,3.0,3.0,
/Users/tavantai/Developer/project_thesis_code/new_data/3/train-00063-of-00803_1079.wav,/Users/tavantai/Developer/project_thesis_code/processed/E0/3/train-00063-of-00803_1079.wav,processed,16000,1,48000,16000,1,48000,3.0,3.0,
/Users/tavantai/Developer/project_thesis_code/new_data/3/train-00063-of-00803_1080.wav,/Users/tavantai/Developer/project_thesis_code/processed/E0/3/train-00063-of-00803_1080.wav,processed,16000,1,48000,16000,1,48000,3.0,3.0,
/Users/tavantai/Developer/project_thesis_code/new_data/3/train-00063-of-00803_1081.wav,/Users/tavantai/Developer/project_thesis_code/processed/E0/3/train-00063-of-00803_1081.wav,processed,16000,1,48000,16000,1,48000,3.0,3.0,
/Users/tavantai/Developer/project_thesis_code/new_data/3/train-00063-of-00803_1082.wav,/Users/tavantai/Developer/project_thesis_code/processed/E0/3/train-00063-of-00803_1082.wav,processed,16000,1,48000,16000,1,48000,3.0,3.0,
/Users/tavantai/Developer/project_thesis_code/new_data/3/train-00063-of-00803_1083.wav,/Users/tavantai/Developer/project_thesis_code/processed/E0/3/train-00063-of-00803_1083.wav,processed,16000,1,48000,16000,1,48000,3.0,3.0,
/Users/tavantai/Developer/project_thesis_code/new_data/3/train-00063-of-00803_1084.wav,/Users/tavantai/Developer/project_thesis_code/processed/E0/3/train-00063-of-00803_1084.wav,processed,16000,1,48000,16000,1,48000,3.0,3.0,
/Users/tavantai/Developer/project_thesis_code/new_data/3/train-00063-of-00803_1085.wav,/Users/tavantai/Developer/project_thesis_code/processed/E0/3/train-00063-of-00803_1085.wav,processed,16000,1,48000,16000,1,48000,3.0,3.0,
/Users/tavantai/Developer/project_thesis_code/new_data/3/train-00063-of-00803_1086.wav,/Users/tavantai/Developer/project_thesis_code/processed/E0/3/train-00063-of-00803_1086.wav,processed,16000,1,48000,16000,1,48000,3.0,3.0,
/Users/tavantai/Developer/project_thesis_code/new_data/3/train-00063-of-00803_1087.wav,/Users/tavantai/Developer/project_thesis_code/processed/E0/3/train-00063-of-00803_1087.wav,processed,16000,1,48000,16000,1,48000,3.0,3.0,
/Users/tavantai/Developer/project_thesis_code/new_data/3/train-00063-of-00803_1088.wav,/Users/tavantai/Developer/project_thesis_code/processed/E0/3/train-00063-of-00803_1088.wav,processed,16000,1,48000,16000,1,48000,3.0,3.0,
/Users/tavantai/Developer/project_thesis_code/new_data/3/train-00063-of-00803_1089.wav,/Users/tavantai/Developer/project_thesis_code/processed/E0/3/train-00063-of-00803_1089.wav,processed,16000,1,48000,16000,1,48000,3.0,3.0,
/Users/tavantai/Developer/project_thesis_code/new_data/3/train-00063-of-00803_1090.wav,/Users/tavantai/Developer/project_thesis_code/processed/E0/3/train-00063-of-00803_1090.wav,processed,16000,1,48000,16000,1,48000,3.0,3.0,
/Users/tavantai/Developer/project_thesis_code/new_data/3/train-00063-of-00803_1091.wav,/Users/tavantai/Developer/project_thesis_code/processed/E0/3/train-00063-of-00803_1091.wav,processed,16000,1,48000,16000,1,48000,3.0,3.0,
/Users/tavantai/Developer/project_thesis_code/new_data/3/train-00063-of-00803_1092.wav,/Users/tavantai/Developer/project_thesis_code/processed/E0/3/train-00063-of-00803_1092.wav,processed,16000,1,48000,16000,1,48000,3.0,3.0,
/Users/tavantai/Developer/project_thesis_code/new_data/3/train-00063-of-00803_1093.wav,/Users/tavantai/Developer/project_thesis_code/processed/E0/3/train-00063-of-00803_1093.wav,processed,16000,1,48000,16000,1,48000,3.0,3.0,
/Users/tavantai/Developer/project_thesis_code/new_data/3/train-00063-of-00803_1094.wav,/Users/tavantai/Developer/project_thesis_code/processed/E0/3/train-00063-of-00803_1094.wav,processed,16000,1,48000,16000,1,48000,3.0,3.0,
/Users/tavantai/Developer/project_thesis_code/new_data/3/train-00063-of-00803_1095.wav,/Users/tavantai/Developer/project_thesis_code/processed/E0/3/train-00063-of-00803_1095.wav,processed,16000,1,48000,16000,1,48000,3.0,3.0,
/Users/tavantai/Developer/project_thesis_code/new_data/3/train-00063-of-00803_1096.wav,/Users/tavantai/Developer/project_thesis_code/processed/E0/3/train-00063-of-00803_1096.wav,processed,16000,1,48000,16000,1,48000,3.0,3.0,
/Users/tavantai/Developer/project_thesis_code/new_data/3/train-00063-of-00803_1097.wav,/Users/tavantai/Developer/project_thesis_code/processed/E0/3/train-00063-of-00803_1097.wav,processed,16000,1,48000,16000,1,48000,3.0,3.0,
/Users/tavantai/Developer/project_thesis_code/new_data/3/train-00063-of-00803_1098.wav,/Users/tavantai/Developer/project_thesis_code/processed/E0/3/train-00063-of-00803_1098.wav,processed,16000,1,48000,16000,1,48000,3.0,3.0,
/Users/tavantai/Developer/project_thesis_code/new_data/3/train-00063-of-00803_1099.wav,/Users/tavantai/Developer/project_thesis_code/processed/E0/3/train-00063-of-00803_1099.wav,processed,16000,1,48000,16000,1,48000,3.0,3.0,
/Users/tavantai/Developer/project_thesis_code/new_data/3/train-00063-of-00803_1100.wav,/Users/tavantai/Developer/project_thesis_code/processed/E0/3/train-00063-of-00803_1100.wav,processed,16000,1,48000,16000,1,48000,3.0,3.0,
/Users/tavantai/Developer/project_thesis_code/new_data/3/train-00063-of-00803_1101.wav,/Users/tavantai/Developer/project_thesis_code/processed/E0/3/train-00063-of-00803_1101.wav,processed,16000,1,48000,16000,1,48000,3.0,3.0,
/Users/tavantai/Developer/project_thesis_code/new_data/3/train-00063-of-00803_1102.wav,/Users/tavantai/Developer/project_thesis_code/processed/E0/3/train-00063-of-00803_1102.wav,processed,16000,1,48000,16000,1,48000,3.0,3.0,
/Users/tavantai/Developer/project_thesis_code/new_data/3/train-00063-of-00803_1103.wav,/Users/tavantai/Developer/project_thesis_code/processed/E0/3/train-00063-of-00803_1103.wav,processed,16000,1,48000,16000,1,48000,3.0,3.0,
/Users/tavantai/Developer/project_thesis_code/new_data/3/train-00063-of-00803_1104.wav,/Users/tavantai/Developer/project_thesis_code/processed/E0/3/train-00063-of-00803_1104.wav,processed,16000,1,48000,16000,1,48000,3.0,3.0,
/Users/tavantai/Developer/project_thesis_code/new_data/3/train-00063-of-00803_1105.wav,/Users/tavantai/Developer/project_thesis_code/processed/E0/3/train-00063-of-00803_1105.wav,processed,16000,1,48000,16000,1,48000,3.0,3.0,
/Users/tavantai/Developer/project_thesis_code/new_data/3/train-00063-of-00803_1106.wav,/Users/tavantai/Developer/project_thesis_code/processed/E0/3/train-00063-of-00803_1106.wav,processed,16000,1,48000,16000,1,48000,3.0,3.0,
/Users/tavantai/Developer/project_thesis_code/new_data/3/train-00063-of-00803_1107.wav,/Users/tavantai/Developer/project_thesis_code/processed/E0/3/train-00063-of-00803_1107.wav,processed,16000,1,48000,16000,1,48000,3.0,3.0,
/Users/tavantai/Developer/project_thesis_code/new_data/3/train-00063-of-00803_1108.wav,/Users/tavantai/Developer/project_thesis_code/processed/E0/3/train-00063-of-00803_1108.wav,processed,16000,1,48000,16000,1,48000,3.0,3.0,
/Users/tavantai/Developer/project_thesis_code/new_data/3/train-00063-of-00803_1109.wav,/Users/tavantai/Developer/project_thesis_code/processed/E0/3/train-00063-of-00803_1109.wav,processed,16000,1,48000,16000,1,48000,3.0,3.0,
/Users/tavantai/Developer/project_thesis_code/new_data/3/train-00063-of-00803_1110.wav,/Users/tavantai/Developer/project_thesis_code/processed/E0/3/train-00063-of-00803_1110.wav,processed,16000,1,48000,16000,1,48000,3.0,3.0,
/Users/tavantai/Developer/project_thesis_code/new_data/3/train-00063-of-00803_1111.wav,/Users/tavantai/Developer/project_thesis_code/processed/E0/3/train-00063-of-00803_1111.wav,processed,16000,1,48000,16000,1,48000,3.0,3.0,
/Users/tavantai/Developer/project_thesis_code/new_data/3/train-00063-of-00803_1112.wav,/Users/tavantai/Developer/project_thesis_code/processed/E0/3/train-00063-of-00803_1112.wav,processed,16000,1,48000,16000,1,48000,3.0,3.0,
/Users/tavantai/Developer/project_thesis_code/new_data/3/train-00063-of-00803_1113.wav,/Users/tavantai/Developer/project_thesis_code/processed/E0/3/train-00063-of-00803_1113.wav,processed,16000,1,48000,16000,1,48000,3.0,3.0,
/Users/tavantai/Developer/project_thesis_code/new_data/3/train-00063-of-00803_1114.wav,/Users/tavantai/Developer/project_thesis_code/processed/E0/3/train-00063-of-00803_1114.wav,processed,16000,1,48000,16000,1,48000,3.0,3.0,
/Users/tavantai/Developer/project_thesis_code/new_data/3/train-00063-of-00803_1115.wav,/Users/tavantai/Developer/project_thesis_code/processed/E0/3/train-00063-of-00803_1115.wav,processed,16000,1,48000,16000,1,48000,3.0,3.0,
/Users/tavantai/Developer/project_thesis_code/new_data/3/train-00063-of-00803_1116.wav,/Users/tavantai/Developer/project_thesis_code/processed/E0/3/train-00063-of-00803_1116.wav,processed,16000,1,48000,16000,1,48000,3.0,3.0,
/Users/tavantai/Developer/project_thesis_code/new_data/3/train-00063-of-00803_1117.wav,/Users/tavantai/Developer/project_thesis_code/processed/E0/3/train-00063-of-00803_1117.wav,processed,16000,1,48000,16000,1,48000,3.0,3.0,
/Users/tavantai/Developer/project_thesis_code/new_data/3/train-00063-of-00803_1118.wav,/Users/tavantai/Developer/project_thesis_code/processed/E0/3/train-00063-of-00803_1118.wav,processed,16000,1,48000,16000,1,48000,3.0,3.0,
/Users/tavantai/Developer/project_thesis_code/new_data/3/train-00063-of-00803_1119.wav,/Users/tavantai/Developer/project_thesis_code/processed/E0/3/train-00063-of-00803_1119.wav,processed,16000,1,48000,16000,1,48000,3.0,3.0,
/Users/tavantai/Developer/project_thesis_code/new_data/3/train-00063-of-00803_1120.wav,/Users/tavantai/Developer/project_thesis_code/processed/E0/3/train-00063-of-00803_1120.wav,processed,16000,1,48000,16000,1,48000,3.0,3.0,
/Users/tavantai/Developer/project_thesis_code/new_data/3/train-00063-of-00803_1121.wav,/Users/tavantai/Developer/project_thesis_code/processed/E0/3/train-00063-of-00803_1121.wav,processed,16000,1,48000,16000,1,48000,3.0,3.0,
/Users/tavantai/Developer/project_thesis_code/new_data/3/train-00063-of-00803_1122.wav,/Users/tavantai/Developer/project_thesis_code/processed/E0/3/train-00063-of-00803_1122.wav,processed,16000,1,48000,16000,1,48000,3.0,3.0,
/Users/tavantai/Developer/project_thesis_code/new_data/3/train-00063-of-00803_1123.wav,/Users/tavantai/Developer/project_thesis_code/processed/E0/3/train-00063-of-00803_1123.wav,processed,16000,1,48000,16000,1,48000,3.0,3.0,
/Users/tavantai/Developer/project_thesis_code/new_data/3/train-00063-of-00803_1124.wav,/Users/tavantai/Developer/project_thesis_code/processed/E0/3/train-00063-of-00803_1124.wav,processed,16000,1,48000,16000,1,48000,3.0,3.0,
/Users/tavantai/Developer/project_thesis_code/new_data/3/train-00063-of-00803_1125.wav,/Users/tavantai/Developer/project_thesis_code/processed/E0/3/train-00063-of-00803_1125.wav,processed,16000,1,48000,16000,1,48000,3.0,3.0,
/Users/tavantai/Developer/project_thesis_code/new_data/3/train-00063-of-00803_1126.wav,/Users/tavantai/Developer/project_thesis_code/processed/E0/3/train-00063-of-00803_1126.wav,processed,16000,1,48000,16000,1,48000,3.0,3.0,
/Users/tavantai/Developer/project_thesis_code/new_data/3/train-00063-of-00803_1127.wav,/Users/tavantai/Developer/project_thesis_code/processed/E0/3/train-00063-of-00803_1127.wav,processed,16000,1,48000,16000,1,48000,3.0,3.0,
/Users/tavantai/Developer/project_thesis_code/new_data/3/train-00063-of-00803_1128.wav,/Users/tavantai/Developer/project_thesis_code/processed/E0/3/train-00063-of-00803_1128.wav,processed,16000,1,48000,16000,1,48000,3.0,3.0,
/Users/tavantai/Developer/project_thesis_code/new_data/3/train-00063-of-00803_1129.wav,/Users/tavantai/Developer/project_thesis_code/processed/E0/3/train-00063-of-00803_1129.wav,processed,16000,1,48000,16000,1,48000,3.0,3.0,
/Users/tavantai/Developer/project_thesis_code/new_data/3/train-00063-of-00803_1130.wav,/Users/tavantai/Developer/project_thesis_code/processed/E0/3/train-00063-of-00803_1130.wav,processed,16000,1,48000,16000,1,48000,3.0,3.0,
/Users/tavantai/Developer/project_thesis_code/new_data/3/train-00063-of-00803_1131.wav,/Users/tavantai/Developer/project_thesis_code/processed/E0/3/train-00063-of-00803_1131.wav,processed,16000,1,48000,16000,1,48000,3.0,3.0,
/Users/tavantai/Developer/project_thesis_code/new_data/3/train-00063-of-00803_1132.wav,/Users/tavantai/Developer/project_thesis_code/processed/E0/3/train-00063-of-00803_1132.wav,processed,16000,1,48000,16000,1,48000,3.0,3.0,
/Users/tavantai/Developer/project_thesis_code/new_data/3/train-00063-of-00803_1133.wav,/Users/tavantai/Developer/project_thesis_code/processed/E0/3/train-00063-of-00803_1133.wav,processed,16000,1,48000,16000,1,48000,3.0,3.0,
/Users/tavantai/Developer/project_thesis_code/new_data/3/train-00063-of-00803_1134.wav,/Users/tavantai/Developer/project_thesis_code/processed/E0/3/train-00063-of-00803_1134.wav,processed,16000,1,48000,16000,1,48000,3.0,3.0,
/Users/tavantai/Developer/project_thesis_code/new_data/3/train-00063-of-00803_1135.wav,/Users/tavantai/Developer/project_thesis_code/processed/E0/3/train-00063-of-00803_1135.wav,processed,16000,1,48000,16000,1,48000,3.0,3.0,
/Users/tavantai/Developer/project_thesis_code/new_data/3/train-00063-of-00803_1136.wav,/Users/tavantai/Developer/project_thesis_code/processed/E0/3/train-00063-of-00803_1136.wav,processed,16000,1,48000,16000,1,48000,3.0,3.0,
/Users/tavantai/Developer/project_thesis_code/new_data/3/train-00063-of-00803_1137.wav,/Users/tavantai/Developer/project_thesis_code/processed/E0/3/train-00063-of-00803_1137.wav,processed,16000,1,48000,16000,1,48000,3.0,3.0,
/Users/tavantai/Developer/project_thesis_code/new_data/3/train-00063-of-00803_1138.wav,/Users/tavantai/Developer/project_thesis_code/processed/E0/3/train-00063-of-00803_1138.wav,processed,16000,1,48000,16000,1,48000,3.0,3.0,
/Users/tavantai/Developer/project_thesis_code/new_data/3/train-00063-of-00803_1139.wav,/Users/tavantai/Developer/project_thesis_code/processed/E0/3/train-00063-of-00803_1139.wav,processed,16000,1,48000,16000,1,48000,3.0,3.0,
/Users/tavantai/Developer/project_thesis_code/new_data/3/train-00063-of-00803_1140.wav,/Users/tavantai/Developer/project_thesis_code/processed/E0/3/train-00063-of-00803_1140.wav,processed,16000,1,48000,16000,1,48000,3.0,3.0,
/Users/tavantai/Developer/project_thesis_code/new_data/3/train-00063-of-00803_1141.wav,/Users/tavantai/Developer/project_thesis_code/processed/E0/3/train-00063-of-00803_1141.wav,processed,16000,1,48000,16000,1,48000,3.0,3.0,
/Users/tavantai/Developer/project_thesis_code/new_data/3/train-00063-of-00803_1142.wav,/Users/tavantai/Developer/project_thesis_code/processed/E0/3/train-00063-of-00803_1142.wav,processed,16000,1,48000,16000,1,48000,3.0,3.0,
/Users/tavantai/Developer/project_thesis_code/new_data/3/train-00063-of-00803_1143.wav,/Users/tavantai/Developer/project_thesis_code/processed/E0/3/train-00063-of-00803_1143.wav,processed,16000,1,48000,16000,1,48000,3.0,3.0,
/Users/tavantai/Developer/project_thesis_code/new_data/3/train-00063-of-00803_1144.wav,/Users/tavantai/Developer/project_thesis_code/processed/E0/3/train-00063-of-00803_1144.wav,processed,16000,1,48000,16000,1,48000,3.0,3.0,
/Users/tavantai/Developer/project_thesis_code/new_data/3/train-00063-of-00803_1145.wav,/Users/tavantai/Developer/project_thesis_code/processed/E0/3/train-00063-of-00803_1145.wav,processed,16000,1,48000,16000,1,48000,3.0,3.0,
/Users/tavantai/Developer/project_thesis_code/new_data/3/train-00063-of-00803_1146.wav,/Users/tavantai/Developer/project_thesis_code/processed/E0/3/train-00063-of-00803_1146.wav,processed,16000,1,48000,16000,1,48000,3.0,3.0,
/Users/tavantai/Developer/project_thesis_code/new_data/3/train-00063-of-00803_1147.wav,/Users/tavantai/Developer/project_thesis_code/processed/E0/3/train-00063-of-00803_1147.wav,processed,16000,1,48000,16000,1,48000,3.0,3.0,
/Users/tavantai/Developer/project_thesis_code/new_data/3/train-00063-of-00803_1148.wav,/Users/tavantai/Developer/project_thesis_code/processed/E0/3/train-00063-of-00803_1148.wav,processed,16000,1,48000,16000,1,48000,3.0,3.0,
/Users/tavantai/Developer/project_thesis_code/new_data/3/train-00063-of-00803_1149.wav,/Users/tavantai/Developer/project_thesis_code/processed/E0/3/train-00063-of-00803_1149.wav,processed,16000,1,48000,16000,1,48000,3.0,3.0,
/Users/tavantai/Developer/project_thesis_code/new_data/3/train-00063-of-00803_1150.wav,/Users/tavantai/Developer/project_thesis_code/processed/E0/3/train-00063-of-00803_1150.wav,processed,16000,1,48000,16000,1,48000,3.0,3.0,
/Users/tavantai/Developer/project_thesis_code/new_data/3/train-00063-of-00803_1151.wav,/Users/tavantai/Developer/project_thesis_code/processed/E0/3/train-00063-of-00803_1151.wav,processed,16000,1,48000,16000,1,48000,3.0,3.0,
/Users/tavantai/Developer/project_thesis_code/new_data/3/train-00063-of-00803_1152.wav,/Users/tavantai/Developer/project_thesis_code/processed/E0/3/train-00063-of-00803_1152.wav,processed,16000,1,48000,16000,1,48000,3.0,3.0,
/Users/tavantai/Developer/project_thesis_code/new_data/3/train-00063-of-00803_1153.wav,/Users/tavantai/Developer/project_thesis_code/processed/E0/3/train-00063-of-00803_1153.wav,processed,16000,1,48000,16000,1,48000,3.0,3.0,
/Users/tavantai/Developer/project_thesis_code/new_data/3/train-00063-of-00803_1154.wav,/Users/tavantai/Developer/project_thesis_code/processed/E0/3/train-00063-of-00803_1154.wav,processed,16000,1,48000,16000,1,48000,3.0,3.0,
/Users/tavantai/Developer/project_thesis_code/new_data/3/train-00063-of-00803_1155.wav,/Users/tavantai/Developer/project_thesis_code/processed/E0/3/train-00063-of-00803_1155.wav,processed,16000,1,48000,16000,1,48000,3.0,3.0,
/Users/tavantai/Developer/project_thesis_code/new_data/3/train-00063-of-00803_1156.wav,/Users/tavantai/Developer/project_thesis_code/processed/E0/3/train-00063-of-00803_1156.wav,processed,16000,1,48000,16000,1,48000,3.0,3.0,
/Users/tavantai/Developer/project_thesis_code/new_data/3/train-00063-of-00803_1157.wav,/Users/tavantai/Developer/project_thesis_code/processed/E0/3/train-00063-of-00803_1157.wav,processed,16000,1,48000,16000,1,48000,3.0,3.0,
/Users/tavantai/Developer/project_thesis_code/new_data/3/train-00063-of-00803_1158.wav,/Users/tavantai/Developer/project_thesis_code/processed/E0/3/train-00063-of-00803_1158.wav,processed,16000,1,48000,16000,1,48000,3.0,3.0,
/Users/tavantai/Developer/project_thesis_code/new_data/3/train-00063-of-00803_1159.wav,/Users/tavantai/Developer/project_thesis_code/processed/E0/3/train-00063-of-00803_1159.wav,processed,16000,1,48000,16000,1,48000,3.0,3.0,
/Users/tavantai/Developer/project_thesis_code/new_data/3/train-00063-of-00803_1160.wav,/Users/tavantai/Developer/project_thesis_code/processed/E0/3/train-00063-of-00803_1160.wav,processed,16000,1,48000,16000,1,48000,3.0,3.0,
/Users/tavantai/Developer/project_thesis_code/new_data/3/train-00063-of-00803_1161.wav,/Users/tavantai/Developer/project_thesis_code/processed/E0/3/train-00063-of-00803_1161.wav,processed,16000,1,48000,16000,1,48000,3.0,3.0,
/Users/tavantai/Developer/project_thesis_code/new_data/3/train-00063-of-00803_1162.wav,/Users/tavantai/Developer/project_thesis_code/processed/E0/3/train-00063-of-00803_1162.wav,processed,16000,1,48000,16000,1,48000,3.0,3.0,
/Users/tavantai/Developer/project_thesis_code/new_data/3/train-00063-of-00803_1163.wav,/Users/tavantai/Developer/project_thesis_code/processed/E0/3/train-00063-of-00803_1163.wav,processed,16000,1,48000,16000,1,48000,3.0,3.0,
/Users/tavantai/Developer/project_thesis_code/new_data/3/train-00063-of-00803_1164.wav,/Users/tavantai/Developer/project_thesis_code/processed/E0/3/train-00063-of-00803_1164.wav,processed,16000,1,48000,16000,1,48000,3.0,3.0,
/Users/tavantai/Developer/project_thesis_code/new_data/3/train-00063-of-00803_1165.wav,/Users/tavantai/Developer/project_thesis_code/processed/E0/3/train-00063-of-00803_1165.wav,processed,16000,1,48000,16000,1,48000,3.0,3.0,
/Users/tavantai/Developer/project_thesis_code/new_data/3/train-00063-of-00803_1166.wav,/Users/tavantai/Developer/project_thesis_code/processed/E0/3/train-00063-of-00803_1166.wav,processed,16000,1,48000,16000,1,48000,3.0,3.0,
/Users/tavantai/Developer/project_thesis_code/new_data/3/train-00063-of-00803_1167.wav,/Users/tavantai/Developer/project_thesis_code/processed/E0/3/train-00063-of-00803_1167.wav,processed,16000,1,48000,16000,1,48000,3.0,3.0,
/Users/tavantai/Developer/project_thesis_code/new_data/3/train-00063-of-00803_1168.wav,/Users/tavantai/Developer/project_thesis_code/processed/E0/3/train-00063-of-00803_1168.wav,processed,16000,1,48000,16000,1,48000,3.0,3.0,
/Users/tavantai/Developer/project_thesis_code/new_data/3/train-00063-of-00803_1169.wav,/Users/tavantai/Developer/project_thesis_code/processed/E0/3/train-00063-of-00803_1169.wav,processed,16000,1,48000,16000,1,48000,3.0,3.0,
/Users/tavantai/Developer/project_thesis_code/new_data/3/train-00063-of-00803_1170.wav,/Users/tavantai/Developer/project_thesis_code/processed/E0/3/train-00063-of-00803_1170.wav,processed,16000,1,48000,16000,1,48000,3.0,3.0,
/Users/tavantai/Developer/project_thesis_code/new_data/3/train-00063-of-00803_1171.wav,/Users/tavantai/Developer/project_thesis_code/processed/E0/3/train-00063-of-00803_1171.wav,processed,16000,1,48000,16000,1,48000,3.0,3.0,
/Users/tavantai/Developer/project_thesis_code/new_data/3/train-00063-of-00803_1172.wav,/Users/tavantai/Developer/project_thesis_code/processed/E0/3/train-00063-of-00803_1172.wav,processed,16000,1,48000,16000,1,48000,3.0,3.0,
/Users/tavantai/Developer/project_thesis_code/new_data/3/train-00063-of-00803_1173.wav,/Users/tavantai/Developer/project_thesis_code/processed/E0/3/train-00063-of-00803_1173.wav,processed,16000,1,48000,16000,1,48000,3.0,3.0,
/Users/tavantai/Developer/project_thesis_code/new_data/3/train-00063-of-00803_1174.wav,/Users/tavantai/Developer/project_thesis_code/processed/E0/3/train-00063-of-00803_1174.wav,processed,16000,1,48000,16000,1,48000,3.0,3.0,
/Users/tavantai/Developer/project_thesis_code/new_data/3/train-00063-of-00803_1175.wav,/Users/tavantai/Developer/project_thesis_code/processed/E0/3/train-00063-of-00803_1175.wav,processed,16000,1,48000,16000,1,48000,3.0,3.0,
/Users/tavantai/Developer/project_thesis_code/new_data/3/train-00063-of-00803_1176.wav,/Users/tavantai/Developer/project_thesis_code/processed/E0/3/train-00063-of-00803_1176.wav,processed,16000,1,48000,16000,1,48000,3.0,3.0,
/Users/tavantai/Developer/project_thesis_code/new_data/3/train-00063-of-00803_1177.wav,/Users/tavantai/Developer/project_thesis_code/processed/E0/3/train-00063-of-00803_1177.wav,processed,16000,1,48000,16000,1,48000,3.0,3.0,
/Users/tavantai/Developer/project_thesis_code/new_data/3/train-00063-of-00803_1178.wav,/Users/tavantai/Developer/project_thesis_code/processed/E0/3/train-00063-of-00803_1178.wav,processed,16000,1,48000,16000,1,48000,3.0,3.0,
/Users/tavantai/Developer/project_thesis_code/new_data/3/train-00063-of-00803_1179.wav,/Users/tavantai/Developer/project_thesis_code/processed/E0/3/train-00063-of-00803_1179.wav,processed,16000,1,48000,16000,1,48000,3.0,3.0,
/Users/tavantai/Developer/project_thesis_code/new_data/3/train-00063-of-00803_1180.wav,/Users/tavantai/Developer/project_thesis_code/processed/E0/3/train-00063-of-00803_1180.wav,processed,16000,1,48000,16000,1,48000,3.0,3.0,
/Users/tavantai/Developer/project_thesis_code/new_data/3/train-00063-of-00803_1181.wav,/Users/tavantai/Developer/project_thesis_code/processed/E0/3/train-00063-of-00803_1181.wav,processed,16000,1,48000,16000,1,48000,3.0,3.0,
/Users/tavantai/Developer/project_thesis_code/new_data/3/train-00063-of-00803_1182.wav,/Users/tavantai/Developer/project_thesis_code/processed/E0/3/train-00063-of-00803_1182.wav,processed,16000,1,48000,16000,1,48000,3.0,3.0,
/Users/tavantai/Developer/project_thesis_code/new_data/3/train-00063-of-00803_1183.wav,/Users/tavantai/Developer/project_thesis_code/processed/E0/3/train-00063-of-00803_1183.wav,processed,16000,1,48000,16000,1,48000,3.0,3.0,
/Users/tavantai/Developer/project_thesis_code/new_data/3/train-00063-of-00803_1184.wav,/Users/tavantai/Developer/project_thesis_code/processed/E0/3/train-00063-of-00803_1184.wav,processed,16000,1,48000,16000,1,48000,3.0,3.0,
/Users/tavantai/Developer/project_thesis_code/new_data/3/train-00063-of-00803_1185.wav,/Users/tavantai/Developer/project_thesis_code/processed/E0/3/train-00063-of-00803_1185.wav,processed,16000,1,48000,16000,1,48000,3.0,3.0,
/Users/tavantai/Developer/project_thesis_code/new_data/3/train-00063-of-00803_1186.wav,/Users/tavantai/Developer/project_thesis_code/processed/E0/3/train-00063-of-00803_1186.wav,processed,16000,1,48000,16000,1,48000,3.0,3.0,
/Users/tavantai/Developer/project_thesis_code/new_data/3/train-00063-of-00803_1187.wav,/Users/tavantai/Developer/project_thesis_code/processed/E0/3/train-00063-of-00803_1187.wav,processed,16000,1,48000,16000,1,48000,3.0,3.0,
/Users/tavantai/Developer/project_thesis_code/new_data/3/train-00063-of-00803_1188.wav,/Users/tavantai/Developer/project_thesis_code/processed/E0/3/train-00063-of-00803_1188.wav,processed,16000,1,48000,16000,1,48000,3.0,3.0,
/Users/tavantai/Developer/project_thesis_code/new_data/3/train-00063-of-00803_1189.wav,/Users/tavantai/Developer/project_thesis_code/processed/E0/3/train-00063-of-00803_1189.wav,processed,16000,1,48000,16000,1,48000,3.0,3.0,
/Users/tavantai/Developer/project_thesis_code/new_data/3/train-00063-of-00803_1190.wav,/Users/tavantai/Developer/project_thesis_code/processed/E0/3/train-00063-of-00803_1190.wav,processed,16000,1,48000,16000,1,48000,3.0,3.0,
/Users/tavantai/Developer/project_thesis_code/new_data/3/train-00063-of-00803_1191.wav,/Users/tavantai/Developer/project_thesis_code/processed/E0/3/train-00063-of-00803_1191.wav,processed,16000,1,48000,16000,1,48000,3.0,3.0,
/Users/tavantai/Developer/project_thesis_code/new_data/3/train-00063-of-00803_1192.wav,/Users/tavantai/Developer/project_thesis_code/processed/E0/3/train-00063-of-00803_1192.wav,processed,16000,1,48000,16000,1,48000,3.0,3.0,
/Users/tavantai/Developer/project_thesis_code/new_data/3/train-00063-of-00803_1193.wav,/Users/tavantai/Developer/project_thesis_code/processed/E0/3/train-00063-of-00803_1193.wav,processed,16000,1,48000,16000,1,48000,3.0,3.0,
/Users/tavantai/Developer/project_thesis_code/new_data/3/train-00063-of-00803_1194.wav,/Users/tavantai/Developer/project_thesis_code/processed/E0/3/train-00063-of-00803_1194.wav,processed,16000,1,48000,16000,1,48000,3.0,3.0,
/Users/tavantai/Developer/project_thesis_code/new_data/3/train-00063-of-00803_1195.wav,/Users/tavantai/Developer/project_thesis_code/processed/E0/3/train-00063-of-00803_1195.wav,processed,16000,1,48000,16000,1,48000,3.0,3.0,
/Users/tavantai/Developer/project_thesis_code/new_data/3/train-00063-of-00803_1196.wav,/Users/tavantai/Developer/project_thesis_code/processed/E0/3/train-00063-of-00803_1196.wav,processed,16000,1,48000,16000,1,48000,3.0,3.0,
/Users/tavantai/Developer/project_thesis_code/new_data/3/train-00063-of-00803_1197.wav,/Users/tavantai/Developer/project_thesis_code/processed/E0/3/train-00063-of-00803_1197.wav,processed,16000,1,48000,16000,1,48000,3.0,3.0,
/Users/tavantai/Developer/project_thesis_code/new_data/3/train-00063-of-00803_1198.wav,/Users/tavantai/Developer/project_thesis_code/processed/E0/3/train-00063-of-00803_1198.wav,processed,16000,1,48000,16000,1,48000,3.0,3.0,
/Users/tavantai/Developer/project_thesis_code/new_data/3/train-00063-of-00803_1199.wav,/Users/tavantai/Developer/project_thesis_code/processed/E0/3/train-00063-of-00803_1199.wav,processed,16000,1,48000,16000,1,48000,3.0,3.0,
/Users/tavantai/Developer/project_thesis_code/new_data/3/train-00063-of-00803_1200.wav,/Users/tavantai/Developer/project_thesis_code/processed/E0/3/train-00063-of-00803_1200.wav,processed,16000,1,48000,16000,1,48000,3.0,3.0,
/Users/tavantai/Developer/project_thesis_code/new_data/3/train-00063-of-00803_1201.wav,/Users/tavantai/Developer/project_thesis_code/processed/E0/3/train-00063-of-00803_1201.wav,processed,16000,1,48000,16000,1,48000,3.0,3.0,
/Users/tavantai/Developer/project_thesis_code/new_data/3/train-00063-of-00803_1202.wav,/Users/tavantai/Developer/project_thesis_code/processed/E0/3/train-00063-of-00803_1202.wav,processed,16000,1,48000,16000,1,48000,3.0,3.0,
/Users/tavantai/Developer/project_thesis_code/new_data/3/train-00063-of-00803_1203.wav,/Users/tavantai/Developer/project_thesis_code/processed/E0/3/train-00063-of-00803_1203.wav,processed,16000,1,48000,16000,1,48000,3.0,3.0,
/Users/tavantai/Developer/project_thesis_code/new_data/3/train-00063-of-00803_1204.wav,/Users/tavantai/Developer/project_thesis_code/processed/E0/3/train-00063-of-00803_1204.wav,processed,16000,1,48000,16000,1,48000,3.0,3.0,
/Users/tavantai/Developer/project_thesis_code/new_data/3/train-00063-of-00803_1205.wav,/Users/tavantai/Developer/project_thesis_code/processed/E0/3/train-00063-of-00803_1205.wav,processed,16000,1,48000,16000,1,48000,3.0,3.0,
/Users/tavantai/Developer/project_thesis_code/new_data/3/train-00063-of-00803_1206.wav,/Users/tavantai/Developer/project_thesis_code/processed/E0/3/train-00063-of-00803_1206.wav,processed,16000,1,48000,16000,1,48000,3.0,3.0,
/Users/tavantai/Developer/project_thesis_code/new_data/3/train-00063-of-00803_1207.wav,/Users/tavantai/Developer/project_thesis_code/processed/E0/3/train-00063-of-00803_1207.wav,processed,16000,1,48000,16000,1,48000,3.0,3.0,
/Users/tavantai/Developer/project_thesis_code/new_data/3/train-00063-of-00803_1208.wav,/Users/tavantai/Developer/project_thesis_code/processed/E0/3/train-00063-of-00803_1208.wav,processed,16000,1,48000,16000,1,48000,3.0,3.0,
/Users/tavantai/Developer/project_thesis_code/new_data/3/train-00063-of-00803_1209.wav,/Users/tavantai/Developer/project_thesis_code/processed/E0/3/train-00063-of-00803_1209.wav,processed,16000,1,48000,16000,1,48000,3.0,3.0,
/Users/tavantai/Developer/project_thesis_code/new_data/3/train-00063-of-00803_1210.wav,/Users/tavantai/Developer/project_thesis_code/processed/E0/3/train-00063-of-00803_1210.wav,processed,16000,1,48000,16000,1,48000,3.0,3.0,
/Users/tavantai/Developer/project_thesis_code/new_data/3/train-00063-of-00803_1211.wav,/Users/tavantai/Developer/project_thesis_code/processed/E0/3/train-00063-of-00803_1211.wav,processed,16000,1,48000,16000,1,48000,3.0,3.0,
/Users/tavantai/Developer/project_thesis_code/new_data/3/train-00063-of-00803_1212.wav,/Users/tavantai/Developer/project_thesis_code/processed/E0/3/train-00063-of-00803_1212.wav,processed,16000,1,48000,16000,1,48000,3.0,3.0,
/Users/tavantai/Developer/project_thesis_code/new_data/3/train-00063-of-00803_1213.wav,/Users/tavantai/Developer/project_thesis_code/processed/E0/3/train-00063-of-00803_1213.wav,processed,16000,1,48000,16000,1,48000,3.0,3.0,
/Users/tavantai/Developer/project_thesis_code/new_data/3/train-00063-of-00803_1214.wav,/Users/tavantai/Developer/project_thesis_code/processed/E0/3/train-00063-of-00803_1214.wav,processed,16000,1,48000,16000,1,48000,3.0,3.0,
/Users/tavantai/Developer/project_thesis_code/new_data/3/train-00063-of-00803_1215.wav,/Users/tavantai/Developer/project_thesis_code/processed/E0/3/train-00063-of-00803_1215.wav,processed,16000,1,48000,16000,1,48000,3.0,3.0,
/Users/tavantai/Developer/project_thesis_code/new_data/3/train-00063-of-00803_1216.wav,/Users/tavantai/Developer/project_thesis_code/processed/E0/3/train-00063-of-00803_1216.wav,processed,16000,1,48000,16000,1,48000,3.0,3.0,
/Users/tavantai/Developer/project_thesis_code/new_data/3/train-00063-of-00803_1217.wav,/Users/tavantai/Developer/project_thesis_code/processed/E0/3/train-00063-of-00803_1217.wav,processed,16000,1,48000,16000,1,48000,3.0,3.0,
/Users/tavantai/Developer/project_thesis_code/new_data/3/train-00063-of-00803_1218.wav,/Users/tavantai/Developer/project_thesis_code/processed/E0/3/train-00063-of-00803_1218.wav,processed,16000,1,48000,16000,1,48000,3.0,3.0,
/Users/tavantai/Developer/project_thesis_code/new_data/3/train-00063-of-00803_1219.wav,/Users/tavantai/Developer/project_thesis_code/processed/E0/3/train-00063-of-00803_1219.wav,processed,16000,1,48000,16000,1,48000,3.0,3.0,
/Users/tavantai/Developer/project_thesis_code/new_data/3/train-00063-of-00803_1220.wav,/Users/tavantai/Developer/project_thesis_code/processed/E0/3/train-00063-of-00803_1220.wav,processed,16000,1,48000,16000,1,48000,3.0,3.0,
/Users/tavantai/Developer/project_thesis_code/new_data/3/train-00063-of-00803_1221.wav,/Users/tavantai/Developer/project_thesis_code/processed/E0/3/train-00063-of-00803_1221.wav,processed,16000,1,48000,16000,1,48000,3.0,3.0,
/Users/tavantai/Developer/project_thesis_code/new_data/3/train-00063-of-00803_1222.wav,/Users/tavantai/Developer/project_thesis_code/processed/E0/3/train-00063-of-00803_1222.wav,processed,16000,1,48000,16000,1,48000,3.0,3.0,
/Users/tavantai/Developer/project_thesis_code/new_data/3/train-00063-of-00803_1223.wav,/Users/tavantai/Developer/project_thesis_code/processed/E0/3/train-00063-of-00803_1223.wav,processed,16000,1,48000,16000,1,48000,3.0,3.0,
/Users/tavantai/Developer/project_thesis_code/new_data/3/train-00063-of-00803_1224.wav,/Users/tavantai/Developer/project_thesis_code/processed/E0/3/train-00063-of-00803_1224.wav,processed,16000,1,48000,16000,1,48000,3.0,3.0,
/Users/tavantai/Developer/project_thesis_code/new_data/3/train-00063-of-00803_1225.wav,/Users/tavantai/Developer/project_thesis_code/processed/E0/3/train-00063-of-00803_1225.wav,processed,16000,1,48000,16000,1,48000,3.0,3.0,
/Users/tavantai/Developer/project_thesis_code/new_data/3/train-00063-of-00803_1226.wav,/Users/tavantai/Developer/project_thesis_code/processed/E0/3/train-00063-of-00803_1226.wav,processed,16000,1,48000,16000,1,48000,3.0,3.0,
/Users/tavantai/Developer/project_thesis_code/new_data/3/train-00063-of-00803_1227.wav,/Users/tavantai/Developer/project_thesis_code/processed/E0/3/train-00063-of-00803_1227.wav,processed,16000,1,48000,16000,1,48000,3.0,3.0,
/Users/tavantai/Developer/project_thesis_code/new_data/3/train-00063-of-00803_1228.wav,/Users/tavantai/Developer/project_thesis_code/processed/E0/3/train-00063-of-00803_1228.wav,processed,16000,1,48000,16000,1,48000,3.0,3.0,
/Users/tavantai/Developer/project_thesis_code/new_data/3/train-00063-of-00803_1229.wav,/Users/tavantai/Developer/project_thesis_code/processed/E0/3/train-00063-of-00803_1229.wav,processed,16000,1,48000,16000,1,48000,3.0,3.0,
/Users/tavantai/Developer/project_thesis_code/new_data/3/train-00063-of-00803_1230.wav,/Users/tavantai/Developer/project_thesis_code/processed/E0/3/train-00063-of-00803_1230.wav,processed,16000,1,48000,16000,1,48000,3.0,3.0,
/Users/tavantai/Developer/project_thesis_code/new_data/3/train-00063-of-00803_1231.wav,/Users/tavantai/Developer/project_thesis_code/processed/E0/3/train-00063-of-00803_1231.wav,processed,16000,1,48000,16000,1,48000,3.0,3.0,
/Users/tavantai/Developer/project_thesis_code/new_data/3/train-00063-of-00803_1232.wav,/Users/tavantai/Developer/project_thesis_code/processed/E0/3/train-00063-of-00803_1232.wav,processed,16000,1,48000,16000,1,48000,3.0,3.0,
/Users/tavantai/Developer/project_thesis_code/new_data/3/train-00063-of-00803_1233.wav,/Users/tavantai/Developer/project_thesis_code/processed/E0/3/train-00063-of-00803_1233.wav,processed,16000,1,48000,16000,1,48000,3.0,3.0,
/Users/tavantai/Developer/project_thesis_code/new_data/3/train-00063-of-00803_1234.wav,/Users/tavantai/Developer/project_thesis_code/processed/E0/3/train-00063-of-00803_1234.wav,processed,16000,1,48000,16000,1,48000,3.0,3.0,
/Users/tavantai/Developer/project_thesis_code/new_data/3/train-00063-of-00803_1235.wav,/Users/tavantai/Developer/project_thesis_code/processed/E0/3/train-00063-of-00803_1235.wav,processed,16000,1,48000,16000,1,48000,3.0,3.0,
/Users/tavantai/Developer/project_thesis_code/new_data/3/train-00063-of-00803_1236.wav,/Users/tavantai/Developer/project_thesis_code/processed/E0/3/train-00063-of-00803_1236.wav,processed,16000,1,48000,16000,1,48000,3.0,3.0,
/Users/tavantai/Developer/project_thesis_code/new_data/3/train-00063-of-00803_1237.wav,/Users/tavantai/Developer/project_thesis_code/processed/E0/3/train-00063-of-00803_1237.wav,processed,16000,1,48000,16000,1,48000,3.0,3.0,
/Users/tavantai/Developer/project_thesis_code/new_data/3/train-00063-of-00803_1238.wav,/Users/tavantai/Developer/project_thesis_code/processed/E0/3/train-00063-of-00803_1238.wav,processed,16000,1,48000,16000,1,48000,3.0,3.0,
/Users/tavantai/Developer/project_thesis_code/new_data/3/train-00063-of-00803_1239.wav,/Users/tavantai/Developer/project_thesis_code/processed/E0/3/train-00063-of-00803_1239.wav,processed,16000,1,48000,16000,1,48000,3.0,3.0,
/Users/tavantai/Developer/project_thesis_code/new_data/3/train-00063-of-00803_1240.wav,/Users/tavantai/Developer/project_thesis_code/processed/E0/3/train-00063-of-00803_1240.wav,processed,16000,1,48000,16000,1,48000,3.0,3.0,
/Users/tavantai/Developer/project_thesis_code/new_data/3/train-00063-of-00803_1241.wav,/Users/tavantai/Developer/project_thesis_code/processed/E0/3/train-00063-of-00803_1241.wav,processed,16000,1,48000,16000,1,48000,3.0,3.0,
/Users/tavantai/Developer/project_thesis_code/new_data/3/train-00063-of-00803_1242.wav,/Users/tavantai/Developer/project_thesis_code/processed/E0/3/train-00063-of-00803_1242.wav,processed,16000,1,48000,16000,1,48000,3.0,3.0,
/Users/tavantai/Developer/project_thesis_code/new_data/3/train-00063-of-00803_1243.wav,/Users/tavantai/Developer/project_thesis_code/processed/E0/3/train-00063-of-00803_1243.wav,processed,16000,1,48000,16000,1,48000,3.0,3.0,
/Users/tavantai/Developer/project_thesis_code/new_data/3/train-00063-of-00803_1244.wav,/Users/tavantai/Developer/project_thesis_code/processed/E0/3/train-00063-of-00803_1244.wav,processed,16000,1,48000,16000,1,48000,3.0,3.0,
/Users/tavantai/Developer/project_thesis_code/new_data/3/train-00063-of-00803_1245.wav,/Users/tavantai/Developer/project_thesis_code/processed/E0/3/train-00063-of-00803_1245.wav,processed,16000,1,48000,16000,1,48000,3.0,3.0,
/Users/tavantai/Developer/project_thesis_code/new_data/3/train-00063-of-00803_1246.wav,/Users/tavantai/Developer/project_thesis_code/processed/E0/3/train-00063-of-00803_1246.wav,processed,16000,1,48000,16000,1,48000,3.0,3.0,
/Users/tavantai/Developer/project_thesis_code/new_data/3/train-00063-of-00803_1247.wav,/Users/tavantai/Developer/project_thesis_code/processed/E0/3/train-00063-of-00803_1247.wav,processed,16000,1,48000,16000,1,48000,3.0,3.0,
/Users/tavantai/Developer/project_thesis_code/new_data/3/train-00063-of-00803_1248.wav,/Users/tavantai/Developer/project_thesis_code/processed/E0/3/train-00063-of-00803_1248.wav,processed,16000,1,48000,16000,1,48000,3.0,3.0,
/Users/tavantai/Developer/project_thesis_code/new_data/3/train-00063-of-00803_1249.wav,/Users/tavantai/Developer/project_thesis_code/processed/E0/3/train-00063-of-00803_1249.wav,processed,16000,1,48000,16000,1,48000,3.0,3.0,
/Users/tavantai/Developer/project_thesis_code/new_data/3/train-00063-of-00803_1250.wav,/Users/tavantai/Developer/project_thesis_code/processed/E0/3/train-00063-of-00803_1250.wav,processed,16000,1,48000,16000,1,48000,3.0,3.0,
/Users/tavantai/Developer/project_thesis_code/new_data/3/train-00063-of-00803_1251.wav,/Users/tavantai/Developer/project_thesis_code/processed/E0/3/train-00063-of-00803_1251.wav,processed,16000,1,48000,16000,1,48000,3.0,3.0,
/Users/tavantai/Developer/project_thesis_code/new_data/3/train-00063-of-00803_1252.wav,/Users/tavantai/Developer/project_thesis_code/processed/E0/3/train-00063-of-00803_1252.wav,processed,16000,1,48000,16000,1,48000,3.0,3.0,
/Users/tavantai/Developer/project_thesis_code/new_data/3/train-00063-of-00803_1253.wav,/Users/tavantai/Developer/project_thesis_code/processed/E0/3/train-00063-of-00803_1253.wav,processed,16000,1,48000,16000,1,48000,3.0,3.0,
/Users/tavantai/Developer/project_thesis_code/new_data/3/train-00063-of-00803_1254.wav,/Users/tavantai/Developer/project_thesis_code/processed/E0/3/train-00063-of-00803_1254.wav,processed,16000,1,48000,16000,1,48000,3.0,3.0,
/Users/tavantai/Developer/project_thesis_code/new_data/3/train-00063-of-00803_1255.wav,/Users/tavantai/Developer/project_thesis_code/processed/E0/3/train-00063-of-00803_1255.wav,processed,16000,1,48000,16000,1,48000,3.0,3.0,
/Users/tavantai/Developer/project_thesis_code/new_data/3/train-00063-of-00803_1256.wav,/Users/tavantai/Developer/project_thesis_code/processed/E0/3/train-00063-of-00803_1256.wav,processed,16000,1,48000,16000,1,48000,3.0,3.0,
/Users/tavantai/Developer/project_thesis_code/new_data/3/train-00063-of-00803_1257.wav,/Users/tavantai/Developer/project_thesis_code/processed/E0/3/train-00063-of-00803_1257.wav,processed,16000,1,48000,16000,1,48000,3.0,3.0,
/Users/tavantai/Developer/project_thesis_code/new_data/3/train-00063-of-00803_1258.wav,/Users/tavantai/Developer/project_thesis_code/processed/E0/3/train-00063-of-00803_1258.wav,processed,16000,1,48000,16000,1,48000,3.0,3.0,
/Users/tavantai/Developer/project_thesis_code/new_data/3/train-00063-of-00803_1259.wav,/Users/tavantai/Developer/project_thesis_code/processed/E0/3/train-00063-of-00803_1259.wav,processed,16000,1,48000,16000,1,48000,3.0,3.0,
/Users/tavantai/Developer/project_thesis_code/new_data/3/train-00063-of-00803_1260.wav,/Users/tavantai/Developer/project_thesis_code/processed/E0/3/train-00063-of-00803_1260.wav,processed,16000,1,48000,16000,1,48000,3.0,3.0,
/Users/tavantai/Developer/project_thesis_code/new_data/3/train-00063-of-00803_1261.wav,/Users/tavantai/Developer/project_thesis_code/processed/E0/3/train-00063-of-00803_1261.wav,processed,16000,1,48000,16000,1,48000,3.0,3.0,
/Users/tavantai/Developer/project_thesis_code/new_data/3/train-00063-of-00803_1262.wav,/Users/tavantai/Developer/project_thesis_code/processed/E0/3/train-00063-of-00803_1262.wav,processed,16000,1,48000,16000,1,48000,3.0,3.0,
/Users/tavantai/Developer/project_thesis_code/new_data/3/train-00063-of-00803_1263.wav,/Users/tavantai/Developer/project_thesis_code/processed/E0/3/train-00063-of-00803_1263.wav,processed,16000,1,48000,16000,1,48000,3.0,3.0,
/Users/tavantai/Developer/project_thesis_code/new_data/3/train-00063-of-00803_1264.wav,/Users/tavantai/Developer/project_thesis_code/processed/E0/3/train-00063-of-00803_1264.wav,processed,16000,1,48000,16000,1,48000,3.0,3.0,
/Users/tavantai/Developer/project_thesis_code/new_data/3/train-00063-of-00803_1265.wav,/Users/tavantai/Developer/project_thesis_code/processed/E0/3/train-00063-of-00803_1265.wav,processed,16000,1,48000,16000,1,48000,3.0,3.0,
/Users/tavantai/Developer/project_thesis_code/new_data/3/train-00063-of-00803_1266.wav,/Users/tavantai/Developer/project_thesis_code/processed/E0/3/train-00063-of-00803_1266.wav,processed,16000,1,48000,16000,1,48000,3.0,3.0,
/Users/tavantai/Developer/project_thesis_code/new_data/3/train-00063-of-00803_1267.wav,/Users/tavantai/Developer/project_thesis_code/processed/E0/3/train-00063-of-00803_1267.wav,processed,16000,1,48000,16000,1,48000,3.0,3.0,
/Users/tavantai/Developer/project_thesis_code/new_data/3/train-00063-of-00803_1268.wav,/Users/tavantai/Developer/project_thesis_code/processed/E0/3/train-00063-of-00803_1268.wav,processed,16000,1,48000,16000,1,48000,3.0,3.0,
/Users/tavantai/Developer/project_thesis_code/new_data/3/train-00063-of-00803_1269.wav,/Users/tavantai/Developer/project_thesis_code/processed/E0/3/train-00063-of-00803_1269.wav,processed,16000,1,48000,16000,1,48000,3.0,3.0,
/Users/tavantai/Developer/project_thesis_code/new_data/3/train-00063-of-00803_1270.wav,/Users/tavantai/Developer/project_thesis_code/processed/E0/3/train-00063-of-00803_1270.wav,processed,16000,1,48000,16000,1,48000,3.0,3.0,
/Users/tavantai/Developer/project_thesis_code/new_data/3/train-00063-of-00803_1271.wav,/Users/tavantai/Developer/project_thesis_code/processed/E0/3/train-00063-of-00803_1271.wav,processed,16000,1,48000,16000,1,48000,3.0,3.0,
/Users/tavantai/Developer/project_thesis_code/new_data/3/train-00063-of-00803_1272.wav,/Users/tavantai/Developer/project_thesis_code/processed/E0/3/train-00063-of-00803_1272.wav,processed,16000,1,48000,16000,1,48000,3.0,3.0,
/Users/tavantai/Developer/project_thesis_code/new_data/3/train-00063-of-00803_1273.wav,/Users/tavantai/Developer/project_thesis_code/processed/E0/3/train-00063-of-00803_1273.wav,processed,16000,1,48000,16000,1,48000,3.0,3.0,
/Users/tavantai/Developer/project_thesis_code/new_data/3/train-00063-of-00803_1274.wav,/Users/tavantai/Developer/project_thesis_code/processed/E0/3/train-00063-of-00803_1274.wav,processed,16000,1,48000,16000,1,48000,3.0,3.0,
/Users/tavantai/Developer/project_thesis_code/new_data/3/train-00063-of-00803_1275.wav,/Users/tavantai/Developer/project_thesis_code/processed/E0/3/train-00063-of-00803_1275.wav,processed,16000,1,48000,16000,1,48000,3.0,3.0,
/Users/tavantai/Developer/project_thesis_code/new_data/3/train-00063-of-00803_1276.wav,/Users/tavantai/Developer/project_thesis_code/processed/E0/3/train-00063-of-00803_1276.wav,processed,16000,1,48000,16000,1,48000,3.0,3.0,
/Users/tavantai/Developer/project_thesis_code/new_data/3/train-00063-of-00803_1277.wav,/Users/tavantai/Developer/project_thesis_code/processed/E0/3/train-00063-of-00803_1277.wav,processed,16000,1,48000,16000,1,48000,3.0,3.0,
/Users/tavantai/Developer/project_thesis_code/new_data/3/train-00063-of-00803_1278.wav,/Users/tavantai/Developer/project_thesis_code/processed/E0/3/train-00063-of-00803_1278.wav,processed,16000,1,48000,16000,1,48000,3.0,3.0,
/Users/tavantai/Developer/project_thesis_code/new_data/3/train-00063-of-00803_1279.wav,/Users/tavantai/Developer/project_thesis_code/processed/E0/3/train-00063-of-00803_1279.wav,processed,16000,1,48000,16000,1,48000,3.0,3.0,
/Users/tavantai/Developer/project_thesis_code/new_data/3/train-00063-of-00803_1280.wav,/Users/tavantai/Developer/project_thesis_code/processed/E0/3/train-00063-of-00803_1280.wav,processed,16000,1,48000,16000,1,48000,3.0,3.0,
/Users/tavantai/Developer/project_thesis_code/new_data/3/train-00063-of-00803_1281.wav,/Users/tavantai/Developer/project_thesis_code/processed/E0/3/train-00063-of-00803_1281.wav,processed,16000,1,48000,16000,1,48000,3.0,3.0,
/Users/tavantai/Developer/project_thesis_code/new_data/3/train-00063-of-00803_1282.wav,/Users/tavantai/Developer/project_thesis_code/processed/E0/3/train-00063-of-00803_1282.wav,processed,16000,1,48000,16000,1,48000,3.0,3.0,
/Users/tavantai/Developer/project_thesis_code/new_data/3/train-00063-of-00803_1283.wav,/Users/tavantai/Developer/project_thesis_code/processed/E0/3/train-00063-of-00803_1283.wav,processed,16000,1,48000,16000,1,48000,3.0,3.0,
/Users/tavantai/Developer/project_thesis_code/new_data/3/train-00063-of-00803_1284.wav,/Users/tavantai/Developer/project_thesis_code/processed/E0/3/train-00063-of-00803_1284.wav,processed,16000,1,48000,16000,1,48000,3.0,3.0,
/Users/tavantai/Developer/project_thesis_code/new_data/3/train-00063-of-00803_1285.wav,/Users/tavantai/Developer/project_thesis_code/processed/E0/3/train-00063-of-00803_1285.wav,processed,16000,1,48000,16000,1,48000,3.0,3.0,
/Users/tavantai/Developer/project_thesis_code/new_data/3/train-00063-of-00803_1286.wav,/Users/tavantai/Developer/project_thesis_code/processed/E0/3/train-00063-of-00803_1286.wav,processed,16000,1,48000,16000,1,48000,3.0,3.0,
/Users/tavantai/Developer/project_thesis_code/new_data/3/train-00063-of-00803_1287.wav,/Users/tavantai/Developer/project_thesis_code/processed/E0/3/train-00063-of-00803_1287.wav,processed,16000,1,48000,16000,1,48000,3.0,3.0,
/Users/tavantai/Developer/project_thesis_code/new_data/3/train-00063-of-00803_1288.wav,/Users/tavantai/Developer/project_thesis_code/processed/E0/3/train-00063-of-00803_1288.wav,processed,16000,1,48000,16000,1,48000,3.0,3.0,
/Users/tavantai/Developer/project_thesis_code/new_data/3/train-00063-of-00803_1289.wav,/Users/tavantai/Developer/project_thesis_code/processed/E0/3/train-00063-of-00803_1289.wav,processed,16000,1,48000,16000,1,48000,3.0,3.0,
/Users/tavantai/Developer/project_thesis_code/new_data/3/train-00063-of-00803_1290.wav,/Users/tavantai/Developer/project_thesis_code/processed/E0/3/train-00063-of-00803_1290.wav,processed,16000,1,48000,16000,1,48000,3.0,3.0,
/Users/tavantai/Developer/project_thesis_code/new_data/3/train-00063-of-00803_1291.wav,/Users/tavantai/Developer/project_thesis_code/processed/E0/3/train-00063-of-00803_1291.wav,processed,16000,1,48000,16000,1,48000,3.0,3.0,
/Users/tavantai/Developer/project_thesis_code/new_data/3/train-00063-of-00803_1292.wav,/Users/tavantai/Developer/project_thesis_code/processed/E0/3/train-00063-of-00803_1292.wav,processed,16000,1,48000,16000,1,48000,3.0,3.0,
/Users/tavantai/Developer/project_thesis_code/new_data/3/train-00063-of-00803_1293.wav,/Users/tavantai/Developer/project_thesis_code/processed/E0/3/train-00063-of-00803_1293.wav,processed,16000,1,48000,16000,1,48000,3.0,3.0,
/Users/tavantai/Developer/project_thesis_code/new_data/3/train-00063-of-00803_1294.wav,/Users/tavantai/Developer/project_thesis_code/processed/E0/3/train-00063-of-00803_1294.wav,processed,16000,1,48000,16000,1,48000,3.0,3.0,
/Users/tavantai/Developer/project_thesis_code/new_data/3/train-00063-of-00803_1295.wav,/Users/tavantai/Developer/project_thesis_code/processed/E0/3/train-00063-of-00803_1295.wav,processed,16000,1,48000,16000,1,48000,3.0,3.0,
/Users/tavantai/Developer/project_thesis_code/new_data/3/train-00063-of-00803_1296.wav,/Users/tavantai/Developer/project_thesis_code/processed/E0/3/train-00063-of-00803_1296.wav,processed,16000,1,48000,16000,1,48000,3.0,3.0,
/Users/tavantai/Developer/project_thesis_code/new_data/3/train-00063-of-00803_1297.wav,/Users/tavantai/Developer/project_thesis_code/processed/E0/3/train-00063-of-00803_1297.wav,processed,16000,1,48000,16000,1,48000,3.0,3.0,
/Users/tavantai/Developer/project_thesis_code/new_data/3/train-00063-of-00803_1298.wav,/Users/tavantai/Developer/project_thesis_code/processed/E0/3/train-00063-of-00803_1298.wav,processed,16000,1,48000,16000,1,48000,3.0,3.0,
/Users/tavantai/Developer/project_thesis_code/new_data/3/train-00063-of-00803_997.wav,/Users/tavantai/Developer/project_thesis_code/processed/E0/3/train-00063-of-00803_997.wav,processed,16000,1,48000,16000,1,48000,3.0,3.0,
/Users/tavantai/Developer/project_thesis_code/new_data/3/train-00063-of-00803_998.wav,/Users/tavantai/Developer/project_thesis_code/processed/E0/3/train-00063-of-00803_998.wav,processed,16000,1,48000,16000,1,48000,3.0,3.0,
/Users/tavantai/Developer/project_thesis_code/new_data/3/train-00063-of-00803_999.wav,/Users/tavantai/Developer/project_thesis_code/processed/E0/3/train-00063-of-00803_999.wav,processed,16000,1,48000,16000,1,48000,3.0,3.0,
/Users/tavantai/Developer/project_thesis_code/new_data/3/train-00064-of-00803_0.wav,/Users/tavantai/Developer/project_thesis_code/processed/E0/3/train-00064-of-00803_0.wav,processed,16000,1,48000,16000,1,48000,3.0,3.0,
/Users/tavantai/Developer/project_thesis_code/new_data/3/train-00064-of-00803_1.wav,/Users/tavantai/Developer/project_thesis_code/processed/E0/3/train-00064-of-00803_1.wav,processed,16000,1,48000,16000,1,48000,3.0,3.0,
/Users/tavantai/Developer/project_thesis_code/new_data/3/train-00064-of-00803_10.wav,/Users/tavantai/Developer/project_thesis_code/processed/E0/3/train-00064-of-00803_10.wav,processed,16000,1,48000,16000,1,48000,3.0,3.0,
/Users/tavantai/Developer/project_thesis_code/new_data/3/train-00064-of-00803_11.wav,/Users/tavantai/Developer/project_thesis_code/processed/E0/3/train-00064-of-00803_11.wav,processed,16000,1,48000,16000,1,48000,3.0,3.0,
/Users/tavantai/Developer/project_thesis_code/new_data/3/train-00064-of-00803_12.wav,/Users/tavantai/Developer/project_thesis_code/processed/E0/3/train-00064-of-00803_12.wav,processed,16000,1,48000,16000,1,48000,3.0,3.0,
/Users/tavantai/Developer/project_thesis_code/new_data/3/train-00064-of-00803_13.wav,/Users/tavantai/Developer/project_thesis_code/processed/E0/3/train-00064-of-00803_13.wav,processed,16000,1,48000,16000,1,48000,3.0,3.0,
/Users/tavantai/Developer/project_thesis_code/new_data/3/train-00064-of-00803_14.wav,/Users/tavantai/Developer/project_thesis_code/processed/E0/3/train-00064-of-00803_14.wav,processed,16000,1,48000,16000,1,48000,3.0,3.0,
/Users/tavantai/Developer/project_thesis_code/new_data/3/train-00064-of-00803_15.wav,/Users/tavantai/Developer/project_thesis_code/processed/E0/3/train-00064-of-00803_15.wav,processed,16000,1,48000,16000,1,48000,3.0,3.0,
/Users/tavantai/Developer/project_thesis_code/new_data/3/train-00064-of-00803_16.wav,/Users/tavantai/Developer/project_thesis_code/processed/E0/3/train-00064-of-00803_16.wav,processed,16000,1,48000,16000,1,48000,3.0,3.0,
/Users/tavantai/Developer/project_thesis_code/new_data/3/train-00064-of-00803_17.wav,/Users/tavantai/Developer/project_thesis_code/processed/E0/3/train-00064-of-00803_17.wav,processed,16000,1,48000,16000,1,48000,3.0,3.0,
/Users/tavantai/Developer/project_thesis_code/new_data/3/train-00064-of-00803_18.wav,/Users/tavantai/Developer/project_thesis_code/processed/E0/3/train-00064-of-00803_18.wav,processed,16000,1,48000,16000,1,48000,3.0,3.0,
/Users/tavantai/Developer/project_thesis_code/new_data/3/train-00064-of-00803_19.wav,/Users/tavantai/Developer/project_thesis_code/processed/E0/3/train-00064-of-00803_19.wav,processed,16000,1,48000,16000,1,48000,3.0,3.0,
/Users/tavantai/Developer/project_thesis_code/new_data/3/train-00064-of-00803_2.wav,/Users/tavantai/Developer/project_thesis_code/processed/E0/3/train-00064-of-00803_2.wav,processed,16000,1,48000,16000,1,48000,3.0,3.0,
/Users/tavantai/Developer/project_thesis_code/new_data/3/train-00064-of-00803_20.wav,/Users/tavantai/Developer/project_thesis_code/processed/E0/3/train-00064-of-00803_20.wav,processed,16000,1,48000,16000,1,48000,3.0,3.0,
/Users/tavantai/Developer/project_thesis_code/new_data/3/train-00064-of-00803_21.wav,/Users/tavantai/Developer/project_thesis_code/processed/E0/3/train-00064-of-00803_21.wav,processed,16000,1,48000,16000,1,48000,3.0,3.0,
/Users/tavantai/Developer/project_thesis_code/new_data/3/train-00064-of-00803_22.wav,/Users/tavantai/Developer/project_thesis_code/processed/E0/3/train-00064-of-00803_22.wav,processed,16000,1,48000,16000,1,48000,3.0,3.0,
/Users/tavantai/Developer/project_thesis_code/new_data/3/train-00064-of-00803_23.wav,/Users/tavantai/Developer/project_thesis_code/processed/E0/3/train-00064-of-00803_23.wav,processed,16000,1,48000,16000,1,48000,3.0,3.0,
/Users/tavantai/Developer/project_thesis_code/new_data/3/train-00064-of-00803_24.wav,/Users/tavantai/Developer/project_thesis_code/processed/E0/3/train-00064-of-00803_24.wav,processed,16000,1,48000,16000,1,48000,3.0,3.0,
/Users/tavantai/Developer/project_thesis_code/new_data/3/train-00064-of-00803_25.wav,/Users/tavantai/Developer/project_thesis_code/processed/E0/3/train-00064-of-00803_25.wav,processed,16000,1,48000,16000,1,48000,3.0,3.0,
/Users/tavantai/Developer/project_thesis_code/new_data/3/train-00064-of-00803_26.wav,/Users/tavantai/Developer/project_thesis_code/processed/E0/3/train-00064-of-00803_26.wav,processed,16000,1,48000,16000,1,48000,3.0,3.0,
/Users/tavantai/Developer/project_thesis_code/new_data/3/train-00064-of-00803_27.wav,/Users/tavantai/Developer/project_thesis_code/processed/E0/3/train-00064-of-00803_27.wav,processed,16000,1,48000,16000,1,48000,3.0,3.0,
/Users/tavantai/Developer/project_thesis_code/new_data/3/train-00064-of-00803_28.wav,/Users/tavantai/Developer/project_thesis_code/processed/E0/3/train-00064-of-00803_28.wav,processed,16000,1,48000,16000,1,48000,3.0,3.0,
/Users/tavantai/Developer/project_thesis_code/new_data/3/train-00064-of-00803_29.wav,/Users/tavantai/Developer/project_thesis_code/processed/E0/3/train-00064-of-00803_29.wav,processed,16000,1,48000,16000,1,48000,3.0,3.0,
/Users/tavantai/Developer/project_thesis_code/new_data/3/train-00064-of-00803_3.wav,/Users/tavantai/Developer/project_thesis_code/processed/E0/3/train-00064-of-00803_3.wav,processed,16000,1,48000,16000,1,48000,3.0,3.0,
/Users/tavantai/Developer/project_thesis_code/new_data/3/train-00064-of-00803_30.wav,/Users/tavantai/Developer/project_thesis_code/processed/E0/3/train-00064-of-00803_30.wav,processed,16000,1,48000,16000,1,48000,3.0,3.0,
/Users/tavantai/Developer/project_thesis_code/new_data/3/train-00064-of-00803_31.wav,/Users/tavantai/Developer/project_thesis_code/processed/E0/3/train-00064-of-00803_31.wav,processed,16000,1,48000,16000,1,48000,3.0,3.0,
/Users/tavantai/Developer/project_thesis_code/new_data/3/train-00064-of-00803_32.wav,/Users/tavantai/Developer/project_thesis_code/processed/E0/3/train-00064-of-00803_32.wav,processed,16000,1,48000,16000,1,48000,3.0,3.0,
/Users/tavantai/Developer/project_thesis_code/new_data/3/train-00064-of-00803_33.wav,/Users/tavantai/Developer/project_thesis_code/processed/E0/3/train-00064-of-00803_33.wav,processed,16000,1,48000,16000,1,48000,3.0,3.0,
/Users/tavantai/Developer/project_thesis_code/new_data/3/train-00064-of-00803_34.wav,/Users/tavantai/Developer/project_thesis_code/processed/E0/3/train-00064-of-00803_34.wav,processed,16000,1,48000,16000,1,48000,3.0,3.0,
/Users/tavantai/Developer/project_thesis_code/new_data/3/train-00064-of-00803_35.wav,/Users/tavantai/Developer/project_thesis_code/processed/E0/3/train-00064-of-00803_35.wav,processed,16000,1,48000,16000,1,48000,3.0,3.0,
/Users/tavantai/Developer/project_thesis_code/new_data/3/train-00064-of-00803_36.wav,/Users/tavantai/Developer/project_thesis_code/processed/E0/3/train-00064-of-00803_36.wav,processed,16000,1,48000,16000,1,48000,3.0,3.0,
/Users/tavantai/Developer/project_thesis_code/new_data/3/train-00064-of-00803_37.wav,/Users/tavantai/Developer/project_thesis_code/processed/E0/3/train-00064-of-00803_37.wav,processed,16000,1,48000,16000,1,48000,3.0,3.0,
/Users/tavantai/Developer/project_thesis_code/new_data/3/train-00064-of-00803_38.wav,/Users/tavantai/Developer/project_thesis_code/processed/E0/3/train-00064-of-00803_38.wav,processed,16000,1,48000,16000,1,48000,3.0,3.0,
/Users/tavantai/Developer/project_thesis_code/new_data/3/train-00064-of-00803_39.wav,/Users/tavantai/Developer/project_thesis_code/processed/E0/3/train-00064-of-00803_39.wav,processed,16000,1,48000,16000,1,48000,3.0,3.0,
/Users/tavantai/Developer/project_thesis_code/new_data/3/train-00064-of-00803_4.wav,/Users/tavantai/Developer/project_thesis_code/processed/E0/3/train-00064-of-00803_4.wav,processed,16000,1,48000,16000,1,48000,3.0,3.0,
/Users/tavantai/Developer/project_thesis_code/new_data/3/train-00064-of-00803_40.wav,/Users/tavantai/Developer/project_thesis_code/processed/E0/3/train-00064-of-00803_40.wav,processed,16000,1,48000,16000,1,48000,3.0,3.0,
/Users/tavantai/Developer/project_thesis_code/new_data/3/train-00064-of-00803_41.wav,/Users/tavantai/Developer/project_thesis_code/processed/E0/3/train-00064-of-00803_41.wav,processed,16000,1,48000,16000,1,48000,3.0,3.0,
/Users/tavantai/Developer/project_thesis_code/new_data/3/train-00064-of-00803_42.wav,/Users/tavantai/Developer/project_thesis_code/processed/E0/3/train-00064-of-00803_42.wav,processed,16000,1,48000,16000,1,48000,3.0,3.0,
/Users/tavantai/Developer/project_thesis_code/new_data/3/train-00064-of-00803_43.wav,/Users/tavantai/Developer/project_thesis_code/processed/E0/3/train-00064-of-00803_43.wav,processed,16000,1,48000,16000,1,48000,3.0,3.0,
/Users/tavantai/Developer/project_thesis_code/new_data/3/train-00064-of-00803_44.wav,/Users/tavantai/Developer/project_thesis_code/processed/E0/3/train-00064-of-00803_44.wav,processed,16000,1,48000,16000,1,48000,3.0,3.0,
/Users/tavantai/Developer/project_thesis_code/new_data/3/train-00064-of-00803_45.wav,/Users/tavantai/Developer/project_thesis_code/processed/E0/3/train-00064-of-00803_45.wav,processed,16000,1,48000,16000,1,48000,3.0,3.0,
/Users/tavantai/Developer/project_thesis_code/new_data/3/train-00064-of-00803_46.wav,/Users/tavantai/Developer/project_thesis_code/processed/E0/3/train-00064-of-00803_46.wav,processed,16000,1,48000,16000,1,48000,3.0,3.0,
/Users/tavantai/Developer/project_thesis_code/new_data/3/train-00064-of-00803_47.wav,/Users/tavantai/Developer/project_thesis_code/processed/E0/3/train-00064-of-00803_47.wav,processed,16000,1,48000,16000,1,48000,3.0,3.0,
/Users/tavantai/Developer/project_thesis_code/new_data/3/train-00064-of-00803_48.wav,/Users/tavantai/Developer/project_thesis_code/processed/E0/3/train-00064-of-00803_48.wav,processed,16000,1,48000,16000,1,48000,3.0,3.0,
/Users/tavantai/Developer/project_thesis_code/new_data/3/train-00064-of-00803_49.wav,/Users/tavantai/Developer/project_thesis_code/processed/E0/3/train-00064-of-00803_49.wav,processed,16000,1,48000,16000,1,48000,3.0,3.0,
/Users/tavantai/Developer/project_thesis_code/new_data/3/train-00064-of-00803_5.wav,/Users/tavantai/Developer/project_thesis_code/processed/E0/3/train-00064-of-00803_5.wav,processed,16000,1,48000,16000,1,48000,3.0,3.0,
/Users/tavantai/Developer/project_thesis_code/new_data/3/train-00064-of-00803_50.wav,/Users/tavantai/Developer/project_thesis_code/processed/E0/3/train-00064-of-00803_50.wav,processed,16000,1,48000,16000,1,48000,3.0,3.0,
/Users/tavantai/Developer/project_thesis_code/new_data/3/train-00064-of-00803_51.wav,/Users/tavantai/Developer/project_thesis_code/processed/E0/3/train-00064-of-00803_51.wav,processed,16000,1,48000,16000,1,48000,3.0,3.0,
/Users/tavantai/Developer/project_thesis_code/new_data/3/train-00064-of-00803_52.wav,/Users/tavantai/Developer/project_thesis_code/processed/E0/3/train-00064-of-00803_52.wav,processed,16000,1,48000,16000,1,48000,3.0,3.0,
/Users/tavantai/Developer/project_thesis_code/new_data/3/train-00064-of-00803_53.wav,/Users/tavantai/Developer/project_thesis_code/processed/E0/3/train-00064-of-00803_53.wav,processed,16000,1,48000,16000,1,48000,3.0,3.0,
/Users/tavantai/Developer/project_thesis_code/new_data/3/train-00064-of-00803_54.wav,/Users/tavantai/Developer/project_thesis_code/processed/E0/3/train-00064-of-00803_54.wav,processed,16000,1,48000,16000,1,48000,3.0,3.0,
/Users/tavantai/Developer/project_thesis_code/new_data/3/train-00064-of-00803_55.wav,/Users/tavantai/Developer/project_thesis_code/processed/E0/3/train-00064-of-00803_55.wav,processed,16000,1,48000,16000,1,48000,3.0,3.0,
/Users/tavantai/Developer/project_thesis_code/new_data/3/train-00064-of-00803_56.wav,/Users/tavantai/Developer/project_thesis_code/processed/E0/3/train-00064-of-00803_56.wav,processed,16000,1,48000,16000,1,48000,3.0,3.0,
/Users/tavantai/Developer/project_thesis_code/new_data/3/train-00064-of-00803_57.wav,/Users/tavantai/Developer/project_thesis_code/processed/E0/3/train-00064-of-00803_57.wav,processed,16000,1,48000,16000,1,48000,3.0,3.0,
/Users/tavantai/Developer/project_thesis_code/new_data/3/train-00064-of-00803_58.wav,/Users/tavantai/Developer/project_thesis_code/processed/E0/3/train-00064-of-00803_58.wav,processed,16000,1,48000,16000,1,48000,3.0,3.0,
/Users/tavantai/Developer/project_thesis_code/new_data/3/train-00064-of-00803_59.wav,/Users/tavantai/Developer/project_thesis_code/processed/E0/3/train-00064-of-00803_59.wav,processed,16000,1,48000,16000,1,48000,3.0,3.0,
/Users/tavantai/Developer/project_thesis_code/new_data/3/train-00064-of-00803_6.wav,/Users/tavantai/Developer/project_thesis_code/processed/E0/3/train-00064-of-00803_6.wav,processed,16000,1,48000,16000,1,48000,3.0,3.0,
/Users/tavantai/Developer/project_thesis_code/new_data/3/train-00064-of-00803_60.wav,/Users/tavantai/Developer/project_thesis_code/processed/E0/3/train-00064-of-00803_60.wav,processed,16000,1,48000,16000,1,48000,3.0,3.0,
/Users/tavantai/Developer/project_thesis_code/new_data/3/train-00064-of-00803_61.wav,/Users/tavantai/Developer/project_thesis_code/processed/E0/3/train-00064-of-00803_61.wav,processed,16000,1,48000,16000,1,48000,3.0,3.0,
/Users/tavantai/Developer/project_thesis_code/new_data/3/train-00064-of-00803_62.wav,/Users/tavantai/Developer/project_thesis_code/processed/E0/3/train-00064-of-00803_62.wav,processed,16000,1,48000,16000,1,48000,3.0,3.0,
/Users/tavantai/Developer/project_thesis_code/new_data/3/train-00064-of-00803_63.wav,/Users/tavantai/Developer/project_thesis_code/processed/E0/3/train-00064-of-00803_63.wav,processed,16000,1,48000,16000,1,48000,3.0,3.0,
/Users/tavantai/Developer/project_thesis_code/new_data/3/train-00064-of-00803_64.wav,/Users/tavantai/Developer/project_thesis_code/processed/E0/3/train-00064-of-00803_64.wav,processed,16000,1,48000,16000,1,48000,3.0,3.0,
/Users/tavantai/Developer/project_thesis_code/new_data/3/train-00064-of-00803_7.wav,/Users/tavantai/Developer/project_thesis_code/processed/E0/3/train-00064-of-00803_7.wav,processed,16000,1,48000,16000,1,48000,3.0,3.0,
/Users/tavantai/Developer/project_thesis_code/new_data/3/train-00064-of-00803_8.wav,/Users/tavantai/Developer/project_thesis_code/processed/E0/3/train-00064-of-00803_8.wav,processed,16000,1,48000,16000,1,48000,3.0,3.0,
/Users/tavantai/Developer/project_thesis_code/new_data/3/train-00064-of-00803_9.wav,/Users/tavantai/Developer/project_thesis_code/processed/E0/3/train-00064-of-00803_9.wav,processed,16000,1,48000,16000,1,48000,3.0,3.0,
/Users/tavantai/Developer/project_thesis_code/new_data/4/train-00098-of-00803_1153.wav,/Users/tavantai/Developer/project_thesis_code/processed/E0/4/train-00098-of-00803_1153.wav,processed,16000,1,172465,16000,1,172465,10.779063,10.779063,
/Users/tavantai/Developer/project_thesis_code/new_data/4/train-00098-of-00803_1154.wav,/Users/tavantai/Developer/project_thesis_code/processed/E0/4/train-00098-of-00803_1154.wav,processed,16000,1,161901,16000,1,161901,10.118813,10.118813,
/Users/tavantai/Developer/project_thesis_code/new_data/4/train-00098-of-00803_1155.wav,/Users/tavantai/Developer/project_thesis_code/processed/E0/4/train-00098-of-00803_1155.wav,processed,16000,1,210892,16000,1,210892,13.18075,13.18075,
/Users/tavantai/Developer/project_thesis_code/new_data/4/train-00098-of-00803_1156.wav,/Users/tavantai/Developer/project_thesis_code/processed/E0/4/train-00098-of-00803_1156.wav,processed,16000,1,201912,16000,1,201912,12.6195,12.6195,
/Users/tavantai/Developer/project_thesis_code/new_data/4/train-00098-of-00803_1157.wav,/Users/tavantai/Developer/project_thesis_code/processed/E0/4/train-00098-of-00803_1157.wav,processed,16000,1,186213,16000,1,186213,11.638312,11.638312,
/Users/tavantai/Developer/project_thesis_code/new_data/4/train-00098-of-00803_1158.wav,/Users/tavantai/Developer/project_thesis_code/processed/E0/4/train-00098-of-00803_1158.wav,processed,16000,1,172919,16000,1,172919,10.807438,10.807438,
/Users/tavantai/Developer/project_thesis_code/new_data/4/train-00098-of-00803_1159.wav,/Users/tavantai/Developer/project_thesis_code/processed/E0/4/train-00098-of-00803_1159.wav,processed,16000,1,165438,16000,1,165438,10.339875,10.339875,
/Users/tavantai/Developer/project_thesis_code/new_data/4/train-00098-of-00803_1160.wav,/Users/tavantai/Developer/project_thesis_code/processed/E0/4/train-00098-of-00803_1160.wav,processed,16000,1,266811,16000,1,266811,16.675687,16.675687,
/Users/tavantai/Developer/project_thesis_code/new_data/4/train-00098-of-00803_1161.wav,/Users/tavantai/Developer/project_thesis_code/processed/E0/4/train-00098-of-00803_1161.wav,processed,16000,1,197965,16000,1,197965,12.372813,12.372813,
/Users/tavantai/Developer/project_thesis_code/new_data/4/train-00098-of-00803_1162.wav,/Users/tavantai/Developer/project_thesis_code/processed/E0/4/train-00098-of-00803_1162.wav,processed,16000,1,173171,16000,1,173171,10.823187,10.823187,
/Users/tavantai/Developer/project_thesis_code/new_data/4/train-00098-of-00803_1163.wav,/Users/tavantai/Developer/project_thesis_code/processed/E0/4/train-00098-of-00803_1163.wav,processed,16000,1,171724,16000,1,171724,10.73275,10.73275,
/Users/tavantai/Developer/project_thesis_code/new_data/4/train-00098-of-00803_1164.wav,/Users/tavantai/Developer/project_thesis_code/processed/E0/4/train-00098-of-00803_1164.wav,processed,16000,1,174180,16000,1,174180,10.88625,10.88625,
/Users/tavantai/Developer/project_thesis_code/new_data/4/train-00098-of-00803_1165.wav,/Users/tavantai/Developer/project_thesis_code/processed/E0/4/train-00098-of-00803_1165.wav,processed,16000,1,163524,16000,1,163524,10.22025,10.22025,
/Users/tavantai/Developer/project_thesis_code/new_data/4/train-00098-of-00803_1166.wav,/Users/tavantai/Developer/project_thesis_code/processed/E0/4/train-00098-of-00803_1166.wav,processed,16000,1,180799,16000,1,180799,11.299938,11.299938,
/Users/tavantai/Developer/project_thesis_code/new_data/4/train-00098-of-00803_1167.wav,/Users/tavantai/Developer/project_thesis_code/processed/E0/4/train-00098-of-00803_1167.wav,processed,16000,1,194917,16000,1,194917,12.182313,12.182313,
/Users/tavantai/Developer/project_thesis_code/new_data/4/train-00098-of-00803_1168.wav,/Users/tavantai/Developer/project_thesis_code/processed/E0/4/train-00098-of-00803_1168.wav,processed,16000,1,182391,16000,1,182391,11.399437,11.399437,
/Users/tavantai/Developer/project_thesis_code/new_data/4/train-00098-of-00803_1169.wav,/Users/tavantai/Developer/project_thesis_code/processed/E0/4/train-00098-of-00803_1169.wav,processed,16000,1,189112,16000,1,189112,11.8195,11.8195,
/Users/tavantai/Developer/project_thesis_code/new_data/4/train-00098-of-00803_1170.wav,/Users/tavantai/Developer/project_thesis_code/processed/E0/4/train-00098-of-00803_1170.wav,processed,16000,1,161382,16000,1,161382,10.086375,10.086375,
/Users/tavantai/Developer/project_thesis_code/new_data/4/train-00098-of-00803_1171.wav,/Users/tavantai/Developer/project_thesis_code/processed/E0/4/train-00098-of-00803_1171.wav,processed,16000,1,195753,16000,1,195753,12.234562,12.234562,
/Users/tavantai/Developer/project_thesis_code/new_data/4/train-00098-of-00803_1172.wav,/Users/tavantai/Developer/project_thesis_code/processed/E0/4/train-00098-of-00803_1172.wav,processed,16000,1,186015,16000,1,186015,11.625937,11.625937,
/Users/tavantai/Developer/project_thesis_code/new_data/4/train-00098-of-00803_1173.wav,/Users/tavantai/Developer/project_thesis_code/processed/E0/4/train-00098-of-00803_1173.wav,processed,16000,1,202614,16000,1,202614,12.663375,12.663375,
/Users/tavantai/Developer/project_thesis_code/new_data/4/train-00098-of-00803_1174.wav,/Users/tavantai/Developer/project_thesis_code/processed/E0/4/train-00098-of-00803_1174.wav,processed,16000,1,191102,16000,1,191102,11.943875,11.943875,
/Users/tavantai/Developer/project_thesis_code/new_data/5/train-00025-of-00803_259.wav,/Users/tavantai/Developer/project_thesis_code/processed/E0/5/train-00025-of-00803_259.wav,processed,16000,1,48000,16000,1,48000,3.0,3.0,
/Users/tavantai/Developer/project_thesis_code/new_data/5/train-00025-of-00803_260.wav,/Users/tavantai/Developer/project_thesis_code/processed/E0/5/train-00025-of-00803_260.wav,processed,16000,1,48000,16000,1,48000,3.0,3.0,
/Users/tavantai/Developer/project_thesis_code/new_data/5/train-00025-of-00803_261.wav,/Users/tavantai/Developer/project_thesis_code/processed/E0/5/train-00025-of-00803_261.wav,processed,16000,1,48000,16000,1,48000,3.0,3.0,
/Users/tavantai/Developer/project_thesis_code/new_data/5/train-00025-of-00803_262.wav,/Users/tavantai/Developer/project_thesis_code/processed/E0/5/train-00025-of-00803_262.wav,processed,16000,1,48000,16000,1,48000,3.0,3.0,
/Users/tavantai/Developer/project_thesis_code/new_data/5/train-00025-of-00803_263.wav,/Users/tavantai/Developer/project_thesis_code/processed/E0/5/train-00025-of-00803_263.wav,processed,16000,1,48000,16000,1,48000,3.0,3.0,
/Users/tavantai/Developer/project_thesis_code/new_data/5/train-00025-of-00803_264.wav,/Users/tavantai/Developer/project_thesis_code/processed/E0/5/train-00025-of-00803_264.wav,processed,16000,1,48000,16000,1,48000,3.0,3.0,
/Users/tavantai/Developer/project_thesis_code/new_data/5/train-00025-of-00803_265.wav,/Users/tavantai/Developer/project_thesis_code/processed/E0/5/train-00025-of-00803_265.wav,processed,16000,1,48000,16000,1,48000,3.0,3.0,
/Users/tavantai/Developer/project_thesis_code/new_data/5/train-00025-of-00803_266.wav,/Users/tavantai/Developer/project_thesis_code/processed/E0/5/train-00025-of-00803_266.wav,processed,16000,1,48000,16000,1,48000,3.0,3.0,
/Users/tavantai/Developer/project_thesis_code/new_data/5/train-00025-of-00803_267.wav,/Users/tavantai/Developer/project_thesis_code/processed/E0/5/train-00025-of-00803_267.wav,processed,16000,1,48000,16000,1,48000,3.0,3.0,
/Users/tavantai/Developer/project_thesis_code/new_data/5/train-00025-of-00803_268.wav,/Users/tavantai/Developer/project_thesis_code/processed/E0/5/train-00025-of-00803_268.wav,processed,16000,1,48000,16000,1,48000,3.0,3.0,
/Users/tavantai/Developer/project_thesis_code/new_data/5/train-00025-of-00803_269.wav,/Users/tavantai/Developer/project_thesis_code/processed/E0/5/train-00025-of-00803_269.wav,processed,16000,1,48000,16000,1,48000,3.0,3.0,
/Users/tavantai/Developer/project_thesis_code/new_data/5/train-00025-of-00803_270.wav,/Users/tavantai/Developer/project_thesis_code/processed/E0/5/train-00025-of-00803_270.wav,processed,16000,1,48000,16000,1,48000,3.0,3.0,
/Users/tavantai/Developer/project_thesis_code/new_data/5/train-00025-of-00803_271.wav,/Users/tavantai/Developer/project_thesis_code/processed/E0/5/train-00025-of-00803_271.wav,processed,16000,1,48000,16000,1,48000,3.0,3.0,
/Users/tavantai/Developer/project_thesis_code/new_data/5/train-00025-of-00803_272.wav,/Users/tavantai/Developer/project_thesis_code/processed/E0/5/train-00025-of-00803_272.wav,processed,16000,1,48000,16000,1,48000,3.0,3.0,
/Users/tavantai/Developer/project_thesis_code/new_data/5/train-00025-of-00803_273.wav,/Users/tavantai/Developer/project_thesis_code/processed/E0/5/train-00025-of-00803_273.wav,processed,16000,1,48000,16000,1,48000,3.0,3.0,
/Users/tavantai/Developer/project_thesis_code/new_data/5/train-00025-of-00803_274.wav,/Users/tavantai/Developer/project_thesis_code/processed/E0/5/train-00025-of-00803_274.wav,processed,16000,1,48000,16000,1,48000,3.0,3.0,
/Users/tavantai/Developer/project_thesis_code/new_data/5/train-00025-of-00803_275.wav,/Users/tavantai/Developer/project_thesis_code/processed/E0/5/train-00025-of-00803_275.wav,processed,16000,1,48000,16000,1,48000,3.0,3.0,
/Users/tavantai/Developer/project_thesis_code/new_data/5/train-00025-of-00803_276.wav,/Users/tavantai/Developer/project_thesis_code/processed/E0/5/train-00025-of-00803_276.wav,processed,16000,1,48000,16000,1,48000,3.0,3.0,
/Users/tavantai/Developer/project_thesis_code/new_data/5/train-00025-of-00803_277.wav,/Users/tavantai/Developer/project_thesis_code/processed/E0/5/train-00025-of-00803_277.wav,processed,16000,1,48000,16000,1,48000,3.0,3.0,
/Users/tavantai/Developer/project_thesis_code/new_data/5/train-00025-of-00803_278.wav,/Users/tavantai/Developer/project_thesis_code/processed/E0/5/train-00025-of-00803_278.wav,processed,16000,1,48000,16000,1,48000,3.0,3.0,
/Users/tavantai/Developer/project_thesis_code/new_data/5/train-00025-of-00803_279.wav,/Users/tavantai/Developer/project_thesis_code/processed/E0/5/train-00025-of-00803_279.wav,processed,16000,1,48000,16000,1,48000,3.0,3.0,
/Users/tavantai/Developer/project_thesis_code/new_data/5/train-00025-of-00803_280.wav,/Users/tavantai/Developer/project_thesis_code/processed/E0/5/train-00025-of-00803_280.wav,processed,16000,1,48000,16000,1,48000,3.0,3.0,
/Users/tavantai/Developer/project_thesis_code/new_data/5/train-00025-of-00803_281.wav,/Users/tavantai/Developer/project_thesis_code/processed/E0/5/train-00025-of-00803_281.wav,processed,16000,1,48000,16000,1,48000,3.0,3.0,
/Users/tavantai/Developer/project_thesis_code/new_data/5/train-00025-of-00803_282.wav,/Users/tavantai/Developer/project_thesis_code/processed/E0/5/train-00025-of-00803_282.wav,processed,16000,1,48000,16000,1,48000,3.0,3.0,
/Users/tavantai/Developer/project_thesis_code/new_data/5/train-00025-of-00803_283.wav,/Users/tavantai/Developer/project_thesis_code/processed/E0/5/train-00025-of-00803_283.wav,processed,16000,1,48000,16000,1,48000,3.0,3.0,
/Users/tavantai/Developer/project_thesis_code/new_data/5/train-00025-of-00803_284.wav,/Users/tavantai/Developer/project_thesis_code/processed/E0/5/train-00025-of-00803_284.wav,processed,16000,1,48000,16000,1,48000,3.0,3.0,
/Users/tavantai/Developer/project_thesis_code/new_data/5/train-00025-of-00803_285.wav,/Users/tavantai/Developer/project_thesis_code/processed/E0/5/train-00025-of-00803_285.wav,processed,16000,1,48000,16000,1,48000,3.0,3.0,
/Users/tavantai/Developer/project_thesis_code/new_data/5/train-00025-of-00803_286.wav,/Users/tavantai/Developer/project_thesis_code/processed/E0/5/train-00025-of-00803_286.wav,processed,16000,1,48000,16000,1,48000,3.0,3.0,
/Users/tavantai/Developer/project_thesis_code/new_data/5/train-00025-of-00803_287.wav,/Users/tavantai/Developer/project_thesis_code/processed/E0/5/train-00025-of-00803_287.wav,processed,16000,1,48000,16000,1,48000,3.0,3.0,
/Users/tavantai/Developer/project_thesis_code/new_data/5/train-00025-of-00803_288.wav,/Users/tavantai/Developer/project_thesis_code/processed/E0/5/train-00025-of-00803_288.wav,processed,16000,1,48000,16000,1,48000,3.0,3.0,
/Users/tavantai/Developer/project_thesis_code/new_data/5/train-00025-of-00803_289.wav,/Users/tavantai/Developer/project_thesis_code/processed/E0/5/train-00025-of-00803_289.wav,processed,16000,1,48000,16000,1,48000,3.0,3.0,
/Users/tavantai/Developer/project_thesis_code/new_data/6/train-00053-of-00803_100.wav,/Users/tavantai/Developer/project_thesis_code/processed/E0/6/train-00053-of-00803_100.wav,processed,16000,1,48000,16000,1,48000,3.0,3.0,
/Users/tavantai/Developer/project_thesis_code/new_data/6/train-00053-of-00803_101.wav,/Users/tavantai/Developer/project_thesis_code/processed/E0/6/train-00053-of-00803_101.wav,processed,16000,1,48000,16000,1,48000,3.0,3.0,
/Users/tavantai/Developer/project_thesis_code/new_data/6/train-00053-of-00803_102.wav,/Users/tavantai/Developer/project_thesis_code/processed/E0/6/train-00053-of-00803_102.wav,processed,16000,1,48000,16000,1,48000,3.0,3.0,
/Users/tavantai/Developer/project_thesis_code/new_data/6/train-00053-of-00803_103.wav,/Users/tavantai/Developer/project_thesis_code/processed/E0/6/train-00053-of-00803_103.wav,processed,16000,1,48000,16000,1,48000,3.0,3.0,
/Users/tavantai/Developer/project_thesis_code/new_data/6/train-00053-of-00803_104.wav,/Users/tavantai/Developer/project_thesis_code/processed/E0/6/train-00053-of-00803_104.wav,processed,16000,1,48000,16000,1,48000,3.0,3.0,
/Users/tavantai/Developer/project_thesis_code/new_data/6/train-00053-of-00803_105.wav,/Users/tavantai/Developer/project_thesis_code/processed/E0/6/train-00053-of-00803_105.wav,processed,16000,1,48000,16000,1,48000,3.0,3.0,
/Users/tavantai/Developer/project_thesis_code/new_data/6/train-00053-of-00803_106.wav,/Users/tavantai/Developer/project_thesis_code/processed/E0/6/train-00053-of-00803_106.wav,processed,16000,1,48000,16000,1,48000,3.0,3.0,
/Users/tavantai/Developer/project_thesis_code/new_data/6/train-00053-of-00803_107.wav,/Users/tavantai/Developer/project_thesis_code/processed/E0/6/train-00053-of-00803_107.wav,processed,16000,1,48000,16000,1,48000,3.0,3.0,
/Users/tavantai/Developer/project_thesis_code/new_data/6/train-00053-of-00803_108.wav,/Users/tavantai/Developer/project_thesis_code/processed/E0/6/train-00053-of-00803_108.wav,processed,16000,1,48000,16000,1,48000,3.0,3.0,
/Users/tavantai/Developer/project_thesis_code/new_data/6/train-00053-of-00803_109.wav,/Users/tavantai/Developer/project_thesis_code/processed/E0/6/train-00053-of-00803_109.wav,processed,16000,1,48000,16000,1,48000,3.0,3.0,
/Users/tavantai/Developer/project_thesis_code/new_data/6/train-00053-of-00803_110.wav,/Users/tavantai/Developer/project_thesis_code/processed/E0/6/train-00053-of-00803_110.wav,processed,16000,1,48000,16000,1,48000,3.0,3.0,
/Users/tavantai/Developer/project_thesis_code/new_data/6/train-00053-of-00803_111.wav,/Users/tavantai/Developer/project_thesis_code/processed/E0/6/train-00053-of-00803_111.wav,processed,16000,1,48000,16000,1,48000,3.0,3.0,
/Users/tavantai/Developer/project_thesis_code/new_data/6/train-00053-of-00803_112.wav,/Users/tavantai/Developer/project_thesis_code/processed/E0/6/train-00053-of-00803_112.wav,processed,16000,1,48000,16000,1,48000,3.0,3.0,
/Users/tavantai/Developer/project_thesis_code/new_data/6/train-00053-of-00803_113.wav,/Users/tavantai/Developer/project_thesis_code/processed/E0/6/train-00053-of-00803_113.wav,processed,16000,1,48000,16000,1,48000,3.0,3.0,
/Users/tavantai/Developer/project_thesis_code/new_data/6/train-00053-of-00803_114.wav,/Users/tavantai/Developer/project_thesis_code/processed/E0/6/train-00053-of-00803_114.wav,processed,16000,1,48000,16000,1,48000,3.0,3.0,
/Users/tavantai/Developer/project_thesis_code/new_data/6/train-00053-of-00803_115.wav,/Users/tavantai/Developer/project_thesis_code/processed/E0/6/train-00053-of-00803_115.wav,processed,16000,1,48000,16000,1,48000,3.0,3.0,
/Users/tavantai/Developer/project_thesis_code/new_data/6/train-00053-of-00803_116.wav,/Users/tavantai/Developer/project_thesis_code/processed/E0/6/train-00053-of-00803_116.wav,processed,16000,1,48000,16000,1,48000,3.0,3.0,
/Users/tavantai/Developer/project_thesis_code/new_data/6/train-00053-of-00803_117.wav,/Users/tavantai/Developer/project_thesis_code/processed/E0/6/train-00053-of-00803_117.wav,processed,16000,1,48000,16000,1,48000,3.0,3.0,
/Users/tavantai/Developer/project_thesis_code/new_data/6/train-00053-of-00803_118.wav,/Users/tavantai/Developer/project_thesis_code/processed/E0/6/train-00053-of-00803_118.wav,processed,16000,1,48000,16000,1,48000,3.0,3.0,
/Users/tavantai/Developer/project_thesis_code/new_data/6/train-00053-of-00803_119.wav,/Users/tavantai/Developer/project_thesis_code/processed/E0/6/train-00053-of-00803_119.wav,processed,16000,1,48000,16000,1,48000,3.0,3.0,
/Users/tavantai/Developer/project_thesis_code/new_data/6/train-00053-of-00803_120.wav,/Users/tavantai/Developer/project_thesis_code/processed/E0/6/train-00053-of-00803_120.wav,processed,16000,1,48000,16000,1,48000,3.0,3.0,
/Users/tavantai/Developer/project_thesis_code/new_data/6/train-00053-of-00803_121.wav,/Users/tavantai/Developer/project_thesis_code/processed/E0/6/train-00053-of-00803_121.wav,processed,16000,1,48000,16000,1,48000,3.0,3.0,
/Users/tavantai/Developer/project_thesis_code/new_data/6/train-00053-of-00803_122.wav,/Users/tavantai/Developer/project_thesis_code/processed/E0/6/train-00053-of-00803_122.wav,processed,16000,1,48000,16000,1,48000,3.0,3.0,
/Users/tavantai/Developer/project_thesis_code/new_data/6/train-00053-of-00803_123.wav,/Users/tavantai/Developer/project_thesis_code/processed/E0/6/train-00053-of-00803_123.wav,processed,16000,1,48000,16000,1,48000,3.0,3.0,
/Users/tavantai/Developer/project_thesis_code/new_data/6/train-00053-of-00803_124.wav,/Users/tavantai/Developer/project_thesis_code/processed/E0/6/train-00053-of-00803_124.wav,processed,16000,1,48000,16000,1,48000,3.0,3.0,
/Users/tavantai/Developer/project_thesis_code/new_data/6/train-00053-of-00803_125.wav,/Users/tavantai/Developer/project_thesis_code/processed/E0/6/train-00053-of-00803_125.wav,processed,16000,1,48000,16000,1,48000,3.0,3.0,
/Users/tavantai/Developer/project_thesis_code/new_data/6/train-00053-of-00803_126.wav,/Users/tavantai/Developer/project_thesis_code/processed/E0/6/train-00053-of-00803_126.wav,processed,16000,1,48000,16000,1,48000,3.0,3.0,
/Users/tavantai/Developer/project_thesis_code/new_data/6/train-00053-of-00803_127.wav,/Users/tavantai/Developer/project_thesis_code/processed/E0/6/train-00053-of-00803_127.wav,processed,16000,1,48000,16000,1,48000,3.0,3.0,
/Users/tavantai/Developer/project_thesis_code/new_data/6/train-00053-of-00803_128.wav,/Users/tavantai/Developer/project_thesis_code/processed/E0/6/train-00053-of-00803_128.wav,processed,16000,1,48000,16000,1,48000,3.0,3.0,
/Users/tavantai/Developer/project_thesis_code/new_data/6/train-00053-of-00803_129.wav,/Users/tavantai/Developer/project_thesis_code/processed/E0/6/train-00053-of-00803_129.wav,processed,16000,1,48000,16000,1,48000,3.0,3.0,
/Users/tavantai/Developer/project_thesis_code/new_data/6/train-00053-of-00803_130.wav,/Users/tavantai/Developer/project_thesis_code/processed/E0/6/train-00053-of-00803_130.wav,processed,16000,1,48000,16000,1,48000,3.0,3.0,
/Users/tavantai/Developer/project_thesis_code/new_data/6/train-00053-of-00803_131.wav,/Users/tavantai/Developer/project_thesis_code/processed/E0/6/train-00053-of-00803_131.wav,processed,16000,1,48000,16000,1,48000,3.0,3.0,
/Users/tavantai/Developer/project_thesis_code/new_data/6/train-00053-of-00803_132.wav,/Users/tavantai/Developer/project_thesis_code/processed/E0/6/train-00053-of-00803_132.wav,processed,16000,1,48000,16000,1,48000,3.0,3.0,
/Users/tavantai/Developer/project_thesis_code/new_data/6/train-00053-of-00803_133.wav,/Users/tavantai/Developer/project_thesis_code/processed/E0/6/train-00053-of-00803_133.wav,processed,16000,1,48000,16000,1,48000,3.0,3.0,
/Users/tavantai/Developer/project_thesis_code/new_data/6/train-00053-of-00803_134.wav,/Users/tavantai/Developer/project_thesis_code/processed/E0/6/train-00053-of-00803_134.wav,processed,16000,1,48000,16000,1,48000,3.0,3.0,
/Users/tavantai/Developer/project_thesis_code/new_data/6/train-00053-of-00803_135.wav,/Users/tavantai/Developer/project_thesis_code/processed/E0/6/train-00053-of-00803_135.wav,processed,16000,1,48000,16000,1,48000,3.0,3.0,
/Users/tavantai/Developer/project_thesis_code/new_data/6/train-00053-of-00803_136.wav,/Users/tavantai/Developer/project_thesis_code/processed/E0/6/train-00053-of-00803_136.wav,processed,16000,1,48000,16000,1,48000,3.0,3.0,
/Users/tavantai/Developer/project_thesis_code/new_data/6/train-00053-of-00803_137.wav,/Users/tavantai/Developer/project_thesis_code/processed/E0/6/train-00053-of-00803_137.wav,processed,16000,1,48000,16000,1,48000,3.0,3.0,
/Users/tavantai/Developer/project_thesis_code/new_data/6/train-00053-of-00803_138.wav,/Users/tavantai/Developer/project_thesis_code/processed/E0/6/train-00053-of-00803_138.wav,processed,16000,1,48000,16000,1,48000,3.0,3.0,
/Users/tavantai/Developer/project_thesis_code/new_data/6/train-00053-of-00803_139.wav,/Users/tavantai/Developer/project_thesis_code/processed/E0/6/train-00053-of-00803_139.wav,processed,16000,1,48000,16000,1,48000,3.0,3.0,
/Users/tavantai/Developer/project_thesis_code/new_data/6/train-00053-of-00803_140.wav,/Users/tavantai/Developer/project_thesis_code/processed/E0/6/train-00053-of-00803_140.wav,processed,16000,1,48000,16000,1,48000,3.0,3.0,
/Users/tavantai/Developer/project_thesis_code/new_data/6/train-00053-of-00803_141.wav,/Users/tavantai/Developer/project_thesis_code/processed/E0/6/train-00053-of-00803_141.wav,processed,16000,1,48000,16000,1,48000,3.0,3.0,
/Users/tavantai/Developer/project_thesis_code/new_data/6/train-00053-of-00803_142.wav,/Users/tavantai/Developer/project_thesis_code/processed/E0/6/train-00053-of-00803_142.wav,processed,16000,1,48000,16000,1,48000,3.0,3.0,
/Users/tavantai/Developer/project_thesis_code/new_data/6/train-00053-of-00803_143.wav,/Users/tavantai/Developer/project_thesis_code/processed/E0/6/train-00053-of-00803_143.wav,processed,16000,1,48000,16000,1,48000,3.0,3.0,
/Users/tavantai/Developer/project_thesis_code/new_data/6/train-00053-of-00803_144.wav,/Users/tavantai/Developer/project_thesis_code/processed/E0/6/train-00053-of-00803_144.wav,processed,16000,1,48000,16000,1,48000,3.0,3.0,
/Users/tavantai/Developer/project_thesis_code/new_data/6/train-00053-of-00803_145.wav,/Users/tavantai/Developer/project_thesis_code/processed/E0/6/train-00053-of-00803_145.wav,processed,16000,1,48000,16000,1,48000,3.0,3.0,
/Users/tavantai/Developer/project_thesis_code/new_data/6/train-00053-of-00803_146.wav,/Users/tavantai/Developer/project_thesis_code/processed/E0/6/train-00053-of-00803_146.wav,processed,16000,1,48000,16000,1,48000,3.0,3.0,
/Users/tavantai/Developer/project_thesis_code/new_data/6/train-00053-of-00803_147.wav,/Users/tavantai/Developer/project_thesis_code/processed/E0/6/train-00053-of-00803_147.wav,processed,16000,1,48000,16000,1,48000,3.0,3.0,
/Users/tavantai/Developer/project_thesis_code/new_data/6/train-00053-of-00803_148.wav,/Users/tavantai/Developer/project_thesis_code/processed/E0/6/train-00053-of-00803_148.wav,processed,16000,1,48000,16000,1,48000,3.0,3.0,
/Users/tavantai/Developer/project_thesis_code/new_data/6/train-00053-of-00803_149.wav,/Users/tavantai/Developer/project_thesis_code/processed/E0/6/train-00053-of-00803_149.wav,processed,16000,1,48000,16000,1,48000,3.0,3.0,
/Users/tavantai/Developer/project_thesis_code/new_data/6/train-00053-of-00803_150.wav,/Users/tavantai/Developer/project_thesis_code/processed/E0/6/train-00053-of-00803_150.wav,processed,16000,1,48000,16000,1,48000,3.0,3.0,
/Users/tavantai/Developer/project_thesis_code/new_data/6/train-00053-of-00803_151.wav,/Users/tavantai/Developer/project_thesis_code/processed/E0/6/train-00053-of-00803_151.wav,processed,16000,1,48000,16000,1,48000,3.0,3.0,
/Users/tavantai/Developer/project_thesis_code/new_data/6/train-00053-of-00803_152.wav,/Users/tavantai/Developer/project_thesis_code/processed/E0/6/train-00053-of-00803_152.wav,processed,16000,1,48000,16000,1,48000,3.0,3.0,
/Users/tavantai/Developer/project_thesis_code/new_data/6/train-00053-of-00803_153.wav,/Users/tavantai/Developer/project_thesis_code/processed/E0/6/train-00053-of-00803_153.wav,processed,16000,1,48000,16000,1,48000,3.0,3.0,
/Users/tavantai/Developer/project_thesis_code/new_data/6/train-00053-of-00803_154.wav,/Users/tavantai/Developer/project_thesis_code/processed/E0/6/train-00053-of-00803_154.wav,processed,16000,1,48000,16000,1,48000,3.0,3.0,
/Users/tavantai/Developer/project_thesis_code/new_data/6/train-00053-of-00803_155.wav,/Users/tavantai/Developer/project_thesis_code/processed/E0/6/train-00053-of-00803_155.wav,processed,16000,1,48000,16000,1,48000,3.0,3.0,
/Users/tavantai/Developer/project_thesis_code/new_data/6/train-00053-of-00803_156.wav,/Users/tavantai/Developer/project_thesis_code/processed/E0/6/train-00053-of-00803_156.wav,processed,16000,1,48000,16000,1,48000,3.0,3.0,
/Users/tavantai/Developer/project_thesis_code/new_data/6/train-00053-of-00803_157.wav,/Users/tavantai/Developer/project_thesis_code/processed/E0/6/train-00053-of-00803_157.wav,processed,16000,1,48000,16000,1,48000,3.0,3.0,
/Users/tavantai/Developer/project_thesis_code/new_data/6/train-00053-of-00803_158.wav,/Users/tavantai/Developer/project_thesis_code/processed/E0/6/train-00053-of-00803_158.wav,processed,16000,1,48000,16000,1,48000,3.0,3.0,
/Users/tavantai/Developer/project_thesis_code/new_data/6/train-00053-of-00803_159.wav,/Users/tavantai/Developer/project_thesis_code/processed/E0/6/train-00053-of-00803_159.wav,processed,16000,1,48000,16000,1,48000,3.0,3.0,
/Users/tavantai/Developer/project_thesis_code/new_data/6/train-00053-of-00803_160.wav,/Users/tavantai/Developer/project_thesis_code/processed/E0/6/train-00053-of-00803_160.wav,processed,16000,1,48000,16000,1,48000,3.0,3.0,
/Users/tavantai/Developer/project_thesis_code/new_data/6/train-00053-of-00803_161.wav,/Users/tavantai/Developer/project_thesis_code/processed/E0/6/train-00053-of-00803_161.wav,processed,16000,1,48000,16000,1,48000,3.0,3.0,
/Users/tavantai/Developer/project_thesis_code/new_data/6/train-00053-of-00803_162.wav,/Users/tavantai/Developer/project_thesis_code/processed/E0/6/train-00053-of-00803_162.wav,processed,16000,1,48000,16000,1,48000,3.0,3.0,
/Users/tavantai/Developer/project_thesis_code/new_data/6/train-00053-of-00803_163.wav,/Users/tavantai/Developer/project_thesis_code/processed/E0/6/train-00053-of-00803_163.wav,processed,16000,1,48000,16000,1,48000,3.0,3.0,
/Users/tavantai/Developer/project_thesis_code/new_data/6/train-00053-of-00803_164.wav,/Users/tavantai/Developer/project_thesis_code/processed/E0/6/train-00053-of-00803_164.wav,processed,16000,1,48000,16000,1,48000,3.0,3.0,
/Users/tavantai/Developer/project_thesis_code/new_data/6/train-00053-of-00803_165.wav,/Users/tavantai/Developer/project_thesis_code/processed/E0/6/train-00053-of-00803_165.wav,processed,16000,1,48000,16000,1,48000,3.0,3.0,
/Users/tavantai/Developer/project_thesis_code/new_data/6/train-00053-of-00803_166.wav,/Users/tavantai/Developer/project_thesis_code/processed/E0/6/train-00053-of-00803_166.wav,processed,16000,1,48000,16000,1,48000,3.0,3.0,
/Users/tavantai/Developer/project_thesis_code/new_data/6/train-00053-of-00803_167.wav,/Users/tavantai/Developer/project_thesis_code/processed/E0/6/train-00053-of-00803_167.wav,processed,16000,1,48000,16000,1,48000,3.0,3.0,
/Users/tavantai/Developer/project_thesis_code/new_data/6/train-00053-of-00803_168.wav,/Users/tavantai/Developer/project_thesis_code/processed/E0/6/train-00053-of-00803_168.wav,processed,16000,1,48000,16000,1,48000,3.0,3.0,
/Users/tavantai/Developer/project_thesis_code/new_data/6/train-00053-of-00803_169.wav,/Users/tavantai/Developer/project_thesis_code/processed/E0/6/train-00053-of-00803_169.wav,processed,16000,1,48000,16000,1,48000,3.0,3.0,
/Users/tavantai/Developer/project_thesis_code/new_data/6/train-00053-of-00803_170.wav,/Users/tavantai/Developer/project_thesis_code/processed/E0/6/train-00053-of-00803_170.wav,processed,16000,1,48000,16000,1,48000,3.0,3.0,
/Users/tavantai/Developer/project_thesis_code/new_data/6/train-00053-of-00803_171.wav,/Users/tavantai/Developer/project_thesis_code/processed/E0/6/train-00053-of-00803_171.wav,processed,16000,1,48000,16000,1,48000,3.0,3.0,
/Users/tavantai/Developer/project_thesis_code/new_data/6/train-00053-of-00803_172.wav,/Users/tavantai/Developer/project_thesis_code/processed/E0/6/train-00053-of-00803_172.wav,processed,16000,1,48000,16000,1,48000,3.0,3.0,
/Users/tavantai/Developer/project_thesis_code/new_data/6/train-00053-of-00803_173.wav,/Users/tavantai/Developer/project_thesis_code/processed/E0/6/train-00053-of-00803_173.wav,processed,16000,1,48000,16000,1,48000,3.0,3.0,
/Users/tavantai/Developer/project_thesis_code/new_data/6/train-00053-of-00803_174.wav,/Users/tavantai/Developer/project_thesis_code/processed/E0/6/train-00053-of-00803_174.wav,processed,16000,1,48000,16000,1,48000,3.0,3.0,
/Users/tavantai/Developer/project_thesis_code/new_data/6/train-00053-of-00803_175.wav,/Users/tavantai/Developer/project_thesis_code/processed/E0/6/train-00053-of-00803_175.wav,processed,16000,1,48000,16000,1,48000,3.0,3.0,
/Users/tavantai/Developer/project_thesis_code/new_data/6/train-00053-of-00803_176.wav,/Users/tavantai/Developer/project_thesis_code/processed/E0/6/train-00053-of-00803_176.wav,processed,16000,1,48000,16000,1,48000,3.0,3.0,
/Users/tavantai/Developer/project_thesis_code/new_data/6/train-00053-of-00803_177.wav,/Users/tavantai/Developer/project_thesis_code/processed/E0/6/train-00053-of-00803_177.wav,processed,16000,1,48000,16000,1,48000,3.0,3.0,
/Users/tavantai/Developer/project_thesis_code/new_data/6/train-00053-of-00803_178.wav,/Users/tavantai/Developer/project_thesis_code/processed/E0/6/train-00053-of-00803_178.wav,processed,16000,1,48000,16000,1,48000,3.0,3.0,
/Users/tavantai/Developer/project_thesis_code/new_data/6/train-00053-of-00803_179.wav,/Users/tavantai/Developer/project_thesis_code/processed/E0/6/train-00053-of-00803_179.wav,processed,16000,1,48000,16000,1,48000,3.0,3.0,
/Users/tavantai/Developer/project_thesis_code/new_data/6/train-00053-of-00803_180.wav,/Users/tavantai/Developer/project_thesis_code/processed/E0/6/train-00053-of-00803_180.wav,processed,16000,1,48000,16000,1,48000,3.0,3.0,
/Users/tavantai/Developer/project_thesis_code/new_data/6/train-00053-of-00803_181.wav,/Users/tavantai/Developer/project_thesis_code/processed/E0/6/train-00053-of-00803_181.wav,processed,16000,1,48000,16000,1,48000,3.0,3.0,
/Users/tavantai/Developer/project_thesis_code/new_data/6/train-00053-of-00803_182.wav,/Users/tavantai/Developer/project_thesis_code/processed/E0/6/train-00053-of-00803_182.wav,processed,16000,1,48000,16000,1,48000,3.0,3.0,
/Users/tavantai/Developer/project_thesis_code/new_data/6/train-00053-of-00803_183.wav,/Users/tavantai/Developer/project_thesis_code/processed/E0/6/train-00053-of-00803_183.wav,processed,16000,1,48000,16000,1,48000,3.0,3.0,
/Users/tavantai/Developer/project_thesis_code/new_data/6/train-00053-of-00803_184.wav,/Users/tavantai/Developer/project_thesis_code/processed/E0/6/train-00053-of-00803_184.wav,processed,16000,1,48000,16000,1,48000,3.0,3.0,
/Users/tavantai/Developer/project_thesis_code/new_data/6/train-00053-of-00803_185.wav,/Users/tavantai/Developer/project_thesis_code/processed/E0/6/train-00053-of-00803_185.wav,processed,16000,1,48000,16000,1,48000,3.0,3.0,
/Users/tavantai/Developer/project_thesis_code/new_data/6/train-00053-of-00803_186.wav,/Users/tavantai/Developer/project_thesis_code/processed/E0/6/train-00053-of-00803_186.wav,processed,16000,1,48000,16000,1,48000,3.0,3.0,
/Users/tavantai/Developer/project_thesis_code/new_data/6/train-00053-of-00803_187.wav,/Users/tavantai/Developer/project_thesis_code/processed/E0/6/train-00053-of-00803_187.wav,processed,16000,1,48000,16000,1,48000,3.0,3.0,
/Users/tavantai/Developer/project_thesis_code/new_data/6/train-00053-of-00803_188.wav,/Users/tavantai/Developer/project_thesis_code/processed/E0/6/train-00053-of-00803_188.wav,processed,16000,1,48000,16000,1,48000,3.0,3.0,
/Users/tavantai/Developer/project_thesis_code/new_data/6/train-00053-of-00803_189.wav,/Users/tavantai/Developer/project_thesis_code/processed/E0/6/train-00053-of-00803_189.wav,processed,16000,1,48000,16000,1,48000,3.0,3.0,
/Users/tavantai/Developer/project_thesis_code/new_data/6/train-00053-of-00803_190.wav,/Users/tavantai/Developer/project_thesis_code/processed/E0/6/train-00053-of-00803_190.wav,processed,16000,1,48000,16000,1,48000,3.0,3.0,
/Users/tavantai/Developer/project_thesis_code/new_data/6/train-00053-of-00803_191.wav,/Users/tavantai/Developer/project_thesis_code/processed/E0/6/train-00053-of-00803_191.wav,processed,16000,1,48000,16000,1,48000,3.0,3.0,
/Users/tavantai/Developer/project_thesis_code/new_data/6/train-00053-of-00803_192.wav,/Users/tavantai/Developer/project_thesis_code/processed/E0/6/train-00053-of-00803_192.wav,processed,16000,1,48000,16000,1,48000,3.0,3.0,
/Users/tavantai/Developer/project_thesis_code/new_data/6/train-00053-of-00803_193.wav,/Users/tavantai/Developer/project_thesis_code/processed/E0/6/train-00053-of-00803_193.wav,processed,16000,1,48000,16000,1,48000,3.0,3.0,
/Users/tavantai/Developer/project_thesis_code/new_data/6/train-00053-of-00803_194.wav,/Users/tavantai/Developer/project_thesis_code/processed/E0/6/train-00053-of-00803_194.wav,processed,16000,1,48000,16000,1,48000,3.0,3.0,
/Users/tavantai/Developer/project_thesis_code/new_data/6/train-00053-of-00803_195.wav,/Users/tavantai/Developer/project_thesis_code/processed/E0/6/train-00053-of-00803_195.wav,processed,16000,1,48000,16000,1,48000,3.0,3.0,
/Users/tavantai/Developer/project_thesis_code/new_data/6/train-00053-of-00803_196.wav,/Users/tavantai/Developer/project_thesis_code/processed/E0/6/train-00053-of-00803_196.wav,processed,16000,1,48000,16000,1,48000,3.0,3.0,
/Users/tavantai/Developer/project_thesis_code/new_data/6/train-00053-of-00803_197.wav,/Users/tavantai/Developer/project_thesis_code/processed/E0/6/train-00053-of-00803_197.wav,processed,16000,1,48000,16000,1,48000,3.0,3.0,
/Users/tavantai/Developer/project_thesis_code/new_data/6/train-00053-of-00803_198.wav,/Users/tavantai/Developer/project_thesis_code/processed/E0/6/train-00053-of-00803_198.wav,processed,16000,1,48000,16000,1,48000,3.0,3.0,
/Users/tavantai/Developer/project_thesis_code/new_data/6/train-00053-of-00803_199.wav,/Users/tavantai/Developer/project_thesis_code/processed/E0/6/train-00053-of-00803_199.wav,processed,16000,1,48000,16000,1,48000,3.0,3.0,
/Users/tavantai/Developer/project_thesis_code/new_data/6/train-00053-of-00803_200.wav,/Users/tavantai/Developer/project_thesis_code/processed/E0/6/train-00053-of-00803_200.wav,processed,16000,1,48000,16000,1,48000,3.0,3.0,
/Users/tavantai/Developer/project_thesis_code/new_data/6/train-00053-of-00803_201.wav,/Users/tavantai/Developer/project_thesis_code/processed/E0/6/train-00053-of-00803_201.wav,processed,16000,1,48000,16000,1,48000,3.0,3.0,
/Users/tavantai/Developer/project_thesis_code/new_data/6/train-00053-of-00803_202.wav,/Users/tavantai/Developer/project_thesis_code/processed/E0/6/train-00053-of-00803_202.wav,processed,16000,1,48000,16000,1,48000,3.0,3.0,
/Users/tavantai/Developer/project_thesis_code/new_data/6/train-00053-of-00803_203.wav,/Users/tavantai/Developer/project_thesis_code/processed/E0/6/train-00053-of-00803_203.wav,processed,16000,1,48000,16000,1,48000,3.0,3.0,
/Users/tavantai/Developer/project_thesis_code/new_data/6/train-00053-of-00803_204.wav,/Users/tavantai/Developer/project_thesis_code/processed/E0/6/train-00053-of-00803_204.wav,processed,16000,1,48000,16000,1,48000,3.0,3.0,
/Users/tavantai/Developer/project_thesis_code/new_data/6/train-00053-of-00803_205.wav,/Users/tavantai/Developer/project_thesis_code/processed/E0/6/train-00053-of-00803_205.wav,processed,16000,1,48000,16000,1,48000,3.0,3.0,
/Users/tavantai/Developer/project_thesis_code/new_data/6/train-00053-of-00803_206.wav,/Users/tavantai/Developer/project_thesis_code/processed/E0/6/train-00053-of-00803_206.wav,processed,16000,1,48000,16000,1,48000,3.0,3.0,
/Users/tavantai/Developer/project_thesis_code/new_data/6/train-00053-of-00803_207.wav,/Users/tavantai/Developer/project_thesis_code/processed/E0/6/train-00053-of-00803_207.wav,processed,16000,1,48000,16000,1,48000,3.0,3.0,
/Users/tavantai/Developer/project_thesis_code/new_data/6/train-00053-of-00803_208.wav,/Users/tavantai/Developer/project_thesis_code/processed/E0/6/train-00053-of-00803_208.wav,processed,16000,1,48000,16000,1,48000,3.0,3.0,
/Users/tavantai/Developer/project_thesis_code/new_data/6/train-00053-of-00803_209.wav,/Users/tavantai/Developer/project_thesis_code/processed/E0/6/train-00053-of-00803_209.wav,processed,16000,1,48000,16000,1,48000,3.0,3.0,
/Users/tavantai/Developer/project_thesis_code/new_data/6/train-00053-of-00803_210.wav,/Users/tavantai/Developer/project_thesis_code/processed/E0/6/train-00053-of-00803_210.wav,processed,16000,1,48000,16000,1,48000,3.0,3.0,
/Users/tavantai/Developer/project_thesis_code/new_data/6/train-00053-of-00803_211.wav,/Users/tavantai/Developer/project_thesis_code/processed/E0/6/train-00053-of-00803_211.wav,processed,16000,1,48000,16000,1,48000,3.0,3.0,
/Users/tavantai/Developer/project_thesis_code/new_data/6/train-00053-of-00803_212.wav,/Users/tavantai/Developer/project_thesis_code/processed/E0/6/train-00053-of-00803_212.wav,processed,16000,1,48000,16000,1,48000,3.0,3.0,
/Users/tavantai/Developer/project_thesis_code/new_data/6/train-00053-of-00803_213.wav,/Users/tavantai/Developer/project_thesis_code/processed/E0/6/train-00053-of-00803_213.wav,processed,16000,1,48000,16000,1,48000,3.0,3.0,
/Users/tavantai/Developer/project_thesis_code/new_data/6/train-00053-of-00803_214.wav,/Users/tavantai/Developer/project_thesis_code/processed/E0/6/train-00053-of-00803_214.wav,processed,16000,1,48000,16000,1,48000,3.0,3.0,
/Users/tavantai/Developer/project_thesis_code/new_data/6/train-00053-of-00803_215.wav,/Users/tavantai/Developer/project_thesis_code/processed/E0/6/train-00053-of-00803_215.wav,processed,16000,1,48000,16000,1,48000,3.0,3.0,
/Users/tavantai/Developer/project_thesis_code/new_data/6/train-00053-of-00803_216.wav,/Users/tavantai/Developer/project_thesis_code/processed/E0/6/train-00053-of-00803_216.wav,processed,16000,1,48000,16000,1,48000,3.0,3.0,
/Users/tavantai/Developer/project_thesis_code/new_data/6/train-00053-of-00803_217.wav,/Users/tavantai/Developer/project_thesis_code/processed/E0/6/train-00053-of-00803_217.wav,processed,16000,1,48000,16000,1,48000,3.0,3.0,
/Users/tavantai/Developer/project_thesis_code/new_data/6/train-00053-of-00803_218.wav,/Users/tavantai/Developer/project_thesis_code/processed/E0/6/train-00053-of-00803_218.wav,processed,16000,1,48000,16000,1,48000,3.0,3.0,
/Users/tavantai/Developer/project_thesis_code/new_data/6/train-00053-of-00803_219.wav,/Users/tavantai/Developer/project_thesis_code/processed/E0/6/train-00053-of-00803_219.wav,processed,16000,1,48000,16000,1,48000,3.0,3.0,
/Users/tavantai/Developer/project_thesis_code/new_data/6/train-00053-of-00803_220.wav,/Users/tavantai/Developer/project_thesis_code/processed/E0/6/train-00053-of-00803_220.wav,processed,16000,1,48000,16000,1,48000,3.0,3.0,
/Users/tavantai/Developer/project_thesis_code/new_data/6/train-00053-of-00803_221.wav,/Users/tavantai/Developer/project_thesis_code/processed/E0/6/train-00053-of-00803_221.wav,processed,16000,1,48000,16000,1,48000,3.0,3.0,
/Users/tavantai/Developer/project_thesis_code/new_data/6/train-00053-of-00803_222.wav,/Users/tavantai/Developer/project_thesis_code/processed/E0/6/train-00053-of-00803_222.wav,processed,16000,1,48000,16000,1,48000,3.0,3.0,
/Users/tavantai/Developer/project_thesis_code/new_data/6/train-00053-of-00803_223.wav,/Users/tavantai/Developer/project_thesis_code/processed/E0/6/train-00053-of-00803_223.wav,processed,16000,1,48000,16000,1,48000,3.0,3.0,
/Users/tavantai/Developer/project_thesis_code/new_data/6/train-00053-of-00803_224.wav,/Users/tavantai/Developer/project_thesis_code/processed/E0/6/train-00053-of-00803_224.wav,processed,16000,1,48000,16000,1,48000,3.0,3.0,
/Users/tavantai/Developer/project_thesis_code/new_data/6/train-00053-of-00803_225.wav,/Users/tavantai/Developer/project_thesis_code/processed/E0/6/train-00053-of-00803_225.wav,processed,16000,1,48000,16000,1,48000,3.0,3.0,
/Users/tavantai/Developer/project_thesis_code/new_data/6/train-00053-of-00803_226.wav,/Users/tavantai/Developer/project_thesis_code/processed/E0/6/train-00053-of-00803_226.wav,processed,16000,1,48000,16000,1,48000,3.0,3.0,
/Users/tavantai/Developer/project_thesis_code/new_data/6/train-00053-of-00803_227.wav,/Users/tavantai/Developer/project_thesis_code/processed/E0/6/train-00053-of-00803_227.wav,processed,16000,1,48000,16000,1,48000,3.0,3.0,
/Users/tavantai/Developer/project_thesis_code/new_data/6/train-00053-of-00803_228.wav,/Users/tavantai/Developer/project_thesis_code/processed/E0/6/train-00053-of-00803_228.wav,processed,16000,1,48000,16000,1,48000,3.0,3.0,
/Users/tavantai/Developer/project_thesis_code/new_data/6/train-00053-of-00803_229.wav,/Users/tavantai/Developer/project_thesis_code/processed/E0/6/train-00053-of-00803_229.wav,processed,16000,1,48000,16000,1,48000,3.0,3.0,
/Users/tavantai/Developer/project_thesis_code/new_data/6/train-00053-of-00803_230.wav,/Users/tavantai/Developer/project_thesis_code/processed/E0/6/train-00053-of-00803_230.wav,processed,16000,1,48000,16000,1,48000,3.0,3.0,
/Users/tavantai/Developer/project_thesis_code/new_data/6/train-00053-of-00803_231.wav,/Users/tavantai/Developer/project_thesis_code/processed/E0/6/train-00053-of-00803_231.wav,processed,16000,1,48000,16000,1,48000,3.0,3.0,
/Users/tavantai/Developer/project_thesis_code/new_data/6/train-00053-of-00803_232.wav,/Users/tavantai/Developer/project_thesis_code/processed/E0/6/train-00053-of-00803_232.wav,processed,16000,1,48000,16000,1,48000,3.0,3.0,
/Users/tavantai/Developer/project_thesis_code/new_data/6/train-00053-of-00803_233.wav,/Users/tavantai/Developer/project_thesis_code/processed/E0/6/train-00053-of-00803_233.wav,processed,16000,1,48000,16000,1,48000,3.0,3.0,
/Users/tavantai/Developer/project_thesis_code/new_data/6/train-00053-of-00803_234.wav,/Users/tavantai/Developer/project_thesis_code/processed/E0/6/train-00053-of-00803_234.wav,processed,16000,1,48000,16000,1,48000,3.0,3.0,
/Users/tavantai/Developer/project_thesis_code/new_data/6/train-00053-of-00803_235.wav,/Users/tavantai/Developer/project_thesis_code/processed/E0/6/train-00053-of-00803_235.wav,processed,16000,1,48000,16000,1,48000,3.0,3.0,
/Users/tavantai/Developer/project_thesis_code/new_data/6/train-00053-of-00803_236.wav,/Users/tavantai/Developer/project_thesis_code/processed/E0/6/train-00053-of-00803_236.wav,processed,16000,1,48000,16000,1,48000,3.0,3.0,
/Users/tavantai/Developer/project_thesis_code/new_data/6/train-00053-of-00803_237.wav,/Users/tavantai/Developer/project_thesis_code/processed/E0/6/train-00053-of-00803_237.wav,processed,16000,1,48000,16000,1,48000,3.0,3.0,
/Users/tavantai/Developer/project_thesis_code/new_data/6/train-00053-of-00803_238.wav,/Users/tavantai/Developer/project_thesis_code/processed/E0/6/train-00053-of-00803_238.wav,processed,16000,1,48000,16000,1,48000,3.0,3.0,
/Users/tavantai/Developer/project_thesis_code/new_data/6/train-00053-of-00803_239.wav,/Users/tavantai/Developer/project_thesis_code/processed/E0/6/train-00053-of-00803_239.wav,processed,16000,1,48000,16000,1,48000,3.0,3.0,
/Users/tavantai/Developer/project_thesis_code/new_data/6/train-00053-of-00803_240.wav,/Users/tavantai/Developer/project_thesis_code/processed/E0/6/train-00053-of-00803_240.wav,processed,16000,1,48000,16000,1,48000,3.0,3.0,
/Users/tavantai/Developer/project_thesis_code/new_data/6/train-00053-of-00803_241.wav,/Users/tavantai/Developer/project_thesis_code/processed/E0/6/train-00053-of-00803_241.wav,processed,16000,1,48000,16000,1,48000,3.0,3.0,
/Users/tavantai/Developer/project_thesis_code/new_data/6/train-00053-of-00803_242.wav,/Users/tavantai/Developer/project_thesis_code/processed/E0/6/train-00053-of-00803_242.wav,processed,16000,1,48000,16000,1,48000,3.0,3.0,
/Users/tavantai/Developer/project_thesis_code/new_data/6/train-00053-of-00803_243.wav,/Users/tavantai/Developer/project_thesis_code/processed/E0/6/train-00053-of-00803_243.wav,processed,16000,1,48000,16000,1,48000,3.0,3.0,
/Users/tavantai/Developer/project_thesis_code/new_data/6/train-00053-of-00803_244.wav,/Users/tavantai/Developer/project_thesis_code/processed/E0/6/train-00053-of-00803_244.wav,processed,16000,1,48000,16000,1,48000,3.0,3.0,
/Users/tavantai/Developer/project_thesis_code/new_data/6/train-00053-of-00803_245.wav,/Users/tavantai/Developer/project_thesis_code/processed/E0/6/train-00053-of-00803_245.wav,processed,16000,1,48000,16000,1,48000,3.0,3.0,
/Users/tavantai/Developer/project_thesis_code/new_data/6/train-00053-of-00803_246.wav,/Users/tavantai/Developer/project_thesis_code/processed/E0/6/train-00053-of-00803_246.wav,processed,16000,1,48000,16000,1,48000,3.0,3.0,
/Users/tavantai/Developer/project_thesis_code/new_data/6/train-00053-of-00803_247.wav,/Users/tavantai/Developer/project_thesis_code/processed/E0/6/train-00053-of-00803_247.wav,processed,16000,1,48000,16000,1,48000,3.0,3.0,
/Users/tavantai/Developer/project_thesis_code/new_data/6/train-00053-of-00803_248.wav,/Users/tavantai/Developer/project_thesis_code/processed/E0/6/train-00053-of-00803_248.wav,processed,16000,1,48000,16000,1,48000,3.0,3.0,
/Users/tavantai/Developer/project_thesis_code/new_data/6/train-00053-of-00803_249.wav,/Users/tavantai/Developer/project_thesis_code/processed/E0/6/train-00053-of-00803_249.wav,processed,16000,1,48000,16000,1,48000,3.0,3.0,
/Users/tavantai/Developer/project_thesis_code/new_data/6/train-00053-of-00803_250.wav,/Users/tavantai/Developer/project_thesis_code/processed/E0/6/train-00053-of-00803_250.wav,processed,16000,1,48000,16000,1,48000,3.0,3.0,
/Users/tavantai/Developer/project_thesis_code/new_data/6/train-00053-of-00803_251.wav,/Users/tavantai/Developer/project_thesis_code/processed/E0/6/train-00053-of-00803_251.wav,processed,16000,1,48000,16000,1,48000,3.0,3.0,
/Users/tavantai/Developer/project_thesis_code/new_data/6/train-00053-of-00803_252.wav,/Users/tavantai/Developer/project_thesis_code/processed/E0/6/train-00053-of-00803_252.wav,processed,16000,1,48000,16000,1,48000,3.0,3.0,
/Users/tavantai/Developer/project_thesis_code/new_data/6/train-00053-of-00803_253.wav,/Users/tavantai/Developer/project_thesis_code/processed/E0/6/train-00053-of-00803_253.wav,processed,16000,1,48000,16000,1,48000,3.0,3.0,
/Users/tavantai/Developer/project_thesis_code/new_data/6/train-00053-of-00803_254.wav,/Users/tavantai/Developer/project_thesis_code/processed/E0/6/train-00053-of-00803_254.wav,processed,16000,1,48000,16000,1,48000,3.0,3.0,
/Users/tavantai/Developer/project_thesis_code/new_data/6/train-00053-of-00803_255.wav,/Users/tavantai/Developer/project_thesis_code/processed/E0/6/train-00053-of-00803_255.wav,processed,16000,1,48000,16000,1,48000,3.0,3.0,
/Users/tavantai/Developer/project_thesis_code/new_data/6/train-00053-of-00803_256.wav,/Users/tavantai/Developer/project_thesis_code/processed/E0/6/train-00053-of-00803_256.wav,processed,16000,1,48000,16000,1,48000,3.0,3.0,
/Users/tavantai/Developer/project_thesis_code/new_data/6/train-00053-of-00803_257.wav,/Users/tavantai/Developer/project_thesis_code/processed/E0/6/train-00053-of-00803_257.wav,processed,16000,1,48000,16000,1,48000,3.0,3.0,
/Users/tavantai/Developer/project_thesis_code/new_data/6/train-00053-of-00803_258.wav,/Users/tavantai/Developer/project_thesis_code/processed/E0/6/train-00053-of-00803_258.wav,processed,16000,1,48000,16000,1,48000,3.0,3.0,
/Users/tavantai/Developer/project_thesis_code/new_data/6/train-00053-of-00803_259.wav,/Users/tavantai/Developer/project_thesis_code/processed/E0/6/train-00053-of-00803_259.wav,processed,16000,1,48000,16000,1,48000,3.0,3.0,
/Users/tavantai/Developer/project_thesis_code/new_data/6/train-00053-of-00803_260.wav,/Users/tavantai/Developer/project_thesis_code/processed/E0/6/train-00053-of-00803_260.wav,processed,16000,1,48000,16000,1,48000,3.0,3.0,
/Users/tavantai/Developer/project_thesis_code/new_data/6/train-00053-of-00803_261.wav,/Users/tavantai/Developer/project_thesis_code/processed/E0/6/train-00053-of-00803_261.wav,processed,16000,1,48000,16000,1,48000,3.0,3.0,
/Users/tavantai/Developer/project_thesis_code/new_data/6/train-00053-of-00803_262.wav,/Users/tavantai/Developer/project_thesis_code/processed/E0/6/train-00053-of-00803_262.wav,processed,16000,1,48000,16000,1,48000,3.0,3.0,
/Users/tavantai/Developer/project_thesis_code/new_data/6/train-00053-of-00803_263.wav,/Users/tavantai/Developer/project_thesis_code/processed/E0/6/train-00053-of-00803_263.wav,processed,16000,1,48000,16000,1,48000,3.0,3.0,
/Users/tavantai/Developer/project_thesis_code/new_data/6/train-00053-of-00803_264.wav,/Users/tavantai/Developer/project_thesis_code/processed/E0/6/train-00053-of-00803_264.wav,processed,16000,1,48000,16000,1,48000,3.0,3.0,
/Users/tavantai/Developer/project_thesis_code/new_data/6/train-00053-of-00803_265.wav,/Users/tavantai/Developer/project_thesis_code/processed/E0/6/train-00053-of-00803_265.wav,processed,16000,1,48000,16000,1,48000,3.0,3.0,
/Users/tavantai/Developer/project_thesis_code/new_data/6/train-00053-of-00803_266.wav,/Users/tavantai/Developer/project_thesis_code/processed/E0/6/train-00053-of-00803_266.wav,processed,16000,1,48000,16000,1,48000,3.0,3.0,
/Users/tavantai/Developer/project_thesis_code/new_data/6/train-00053-of-00803_267.wav,/Users/tavantai/Developer/project_thesis_code/processed/E0/6/train-00053-of-00803_267.wav,processed,16000,1,48000,16000,1,48000,3.0,3.0,
/Users/tavantai/Developer/project_thesis_code/new_data/6/train-00053-of-00803_268.wav,/Users/tavantai/Developer/project_thesis_code/processed/E0/6/train-00053-of-00803_268.wav,processed,16000,1,48000,16000,1,48000,3.0,3.0,
/Users/tavantai/Developer/project_thesis_code/new_data/6/train-00053-of-00803_269.wav,/Users/tavantai/Developer/project_thesis_code/processed/E0/6/train-00053-of-00803_269.wav,processed,16000,1,48000,16000,1,48000,3.0,3.0,
/Users/tavantai/Developer/project_thesis_code/new_data/6/train-00053-of-00803_270.wav,/Users/tavantai/Developer/project_thesis_code/processed/E0/6/train-00053-of-00803_270.wav,processed,16000,1,48000,16000,1,48000,3.0,3.0,
/Users/tavantai/Developer/project_thesis_code/new_data/6/train-00053-of-00803_271.wav,/Users/tavantai/Developer/project_thesis_code/processed/E0/6/train-00053-of-00803_271.wav,processed,16000,1,48000,16000,1,48000,3.0,3.0,
/Users/tavantai/Developer/project_thesis_code/new_data/6/train-00053-of-00803_272.wav,/Users/tavantai/Developer/project_thesis_code/processed/E0/6/train-00053-of-00803_272.wav,processed,16000,1,48000,16000,1,48000,3.0,3.0,
/Users/tavantai/Developer/project_thesis_code/new_data/6/train-00053-of-00803_273.wav,/Users/tavantai/Developer/project_thesis_code/processed/E0/6/train-00053-of-00803_273.wav,processed,16000,1,48000,16000,1,48000,3.0,3.0,
/Users/tavantai/Developer/project_thesis_code/new_data/6/train-00053-of-00803_274.wav,/Users/tavantai/Developer/project_thesis_code/processed/E0/6/train-00053-of-00803_274.wav,processed,16000,1,48000,16000,1,48000,3.0,3.0,
/Users/tavantai/Developer/project_thesis_code/new_data/6/train-00053-of-00803_275.wav,/Users/tavantai/Developer/project_thesis_code/processed/E0/6/train-00053-of-00803_275.wav,processed,16000,1,48000,16000,1,48000,3.0,3.0,
/Users/tavantai/Developer/project_thesis_code/new_data/6/train-00053-of-00803_276.wav,/Users/tavantai/Developer/project_thesis_code/processed/E0/6/train-00053-of-00803_276.wav,processed,16000,1,48000,16000,1,48000,3.0,3.0,
/Users/tavantai/Developer/project_thesis_code/new_data/6/train-00053-of-00803_277.wav,/Users/tavantai/Developer/project_thesis_code/processed/E0/6/train-00053-of-00803_277.wav,processed,16000,1,48000,16000,1,48000,3.0,3.0,
/Users/tavantai/Developer/project_thesis_code/new_data/6/train-00053-of-00803_278.wav,/Users/tavantai/Developer/project_thesis_code/processed/E0/6/train-00053-of-00803_278.wav,processed,16000,1,48000,16000,1,48000,3.0,3.0,
/Users/tavantai/Developer/project_thesis_code/new_data/6/train-00053-of-00803_279.wav,/Users/tavantai/Developer/project_thesis_code/processed/E0/6/train-00053-of-00803_279.wav,processed,16000,1,48000,16000,1,48000,3.0,3.0,
/Users/tavantai/Developer/project_thesis_code/new_data/6/train-00053-of-00803_280.wav,/Users/tavantai/Developer/project_thesis_code/processed/E0/6/train-00053-of-00803_280.wav,processed,16000,1,48000,16000,1,48000,3.0,3.0,
/Users/tavantai/Developer/project_thesis_code/new_data/6/train-00053-of-00803_281.wav,/Users/tavantai/Developer/project_thesis_code/processed/E0/6/train-00053-of-00803_281.wav,processed,16000,1,48000,16000,1,48000,3.0,3.0,
/Users/tavantai/Developer/project_thesis_code/new_data/6/train-00053-of-00803_282.wav,/Users/tavantai/Developer/project_thesis_code/processed/E0/6/train-00053-of-00803_282.wav,processed,16000,1,48000,16000,1,48000,3.0,3.0,
/Users/tavantai/Developer/project_thesis_code/new_data/6/train-00053-of-00803_283.wav,/Users/tavantai/Developer/project_thesis_code/processed/E0/6/train-00053-of-00803_283.wav,processed,16000,1,48000,16000,1,48000,3.0,3.0,
/Users/tavantai/Developer/project_thesis_code/new_data/6/train-00053-of-00803_284.wav,/Users/tavantai/Developer/project_thesis_code/processed/E0/6/train-00053-of-00803_284.wav,processed,16000,1,48000,16000,1,48000,3.0,3.0,
/Users/tavantai/Developer/project_thesis_code/new_data/6/train-00053-of-00803_285.wav,/Users/tavantai/Developer/project_thesis_code/processed/E0/6/train-00053-of-00803_285.wav,processed,16000,1,48000,16000,1,48000,3.0,3.0,
/Users/tavantai/Developer/project_thesis_code/new_data/6/train-00053-of-00803_286.wav,/Users/tavantai/Developer/project_thesis_code/processed/E0/6/train-00053-of-00803_286.wav,processed,16000,1,48000,16000,1,48000,3.0,3.0,
/Users/tavantai/Developer/project_thesis_code/new_data/6/train-00053-of-00803_287.wav,/Users/tavantai/Developer/project_thesis_code/processed/E0/6/train-00053-of-00803_287.wav,processed,16000,1,48000,16000,1,48000,3.0,3.0,
/Users/tavantai/Developer/project_thesis_code/new_data/6/train-00053-of-00803_288.wav,/Users/tavantai/Developer/project_thesis_code/processed/E0/6/train-00053-of-00803_288.wav,processed,16000,1,48000,16000,1,48000,3.0,3.0,
/Users/tavantai/Developer/project_thesis_code/new_data/6/train-00053-of-00803_289.wav,/Users/tavantai/Developer/project_thesis_code/processed/E0/6/train-00053-of-00803_289.wav,processed,16000,1,48000,16000,1,48000,3.0,3.0,
/Users/tavantai/Developer/project_thesis_code/new_data/6/train-00053-of-00803_290.wav,/Users/tavantai/Developer/project_thesis_code/processed/E0/6/train-00053-of-00803_290.wav,processed,16000,1,48000,16000,1,48000,3.0,3.0,
/Users/tavantai/Developer/project_thesis_code/new_data/6/train-00053-of-00803_291.wav,/Users/tavantai/Developer/project_thesis_code/processed/E0/6/train-00053-of-00803_291.wav,processed,16000,1,48000,16000,1,48000,3.0,3.0,
/Users/tavantai/Developer/project_thesis_code/new_data/6/train-00053-of-00803_292.wav,/Users/tavantai/Developer/project_thesis_code/processed/E0/6/train-00053-of-00803_292.wav,processed,16000,1,48000,16000,1,48000,3.0,3.0,
/Users/tavantai/Developer/project_thesis_code/new_data/6/train-00053-of-00803_293.wav,/Users/tavantai/Developer/project_thesis_code/processed/E0/6/train-00053-of-00803_293.wav,processed,16000,1,48000,16000,1,48000,3.0,3.0,
/Users/tavantai/Developer/project_thesis_code/new_data/6/train-00053-of-00803_294.wav,/Users/tavantai/Developer/project_thesis_code/processed/E0/6/train-00053-of-00803_294.wav,processed,16000,1,48000,16000,1,48000,3.0,3.0,
/Users/tavantai/Developer/project_thesis_code/new_data/6/train-00053-of-00803_295.wav,/Users/tavantai/Developer/project_thesis_code/processed/E0/6/train-00053-of-00803_295.wav,processed,16000,1,48000,16000,1,48000,3.0,3.0,
/Users/tavantai/Developer/project_thesis_code/new_data/6/train-00053-of-00803_296.wav,/Users/tavantai/Developer/project_thesis_code/processed/E0/6/train-00053-of-00803_296.wav,processed,16000,1,48000,16000,1,48000,3.0,3.0,
/Users/tavantai/Developer/project_thesis_code/new_data/6/train-00053-of-00803_297.wav,/Users/tavantai/Developer/project_thesis_code/processed/E0/6/train-00053-of-00803_297.wav,processed,16000,1,48000,16000,1,48000,3.0,3.0,
/Users/tavantai/Developer/project_thesis_code/new_data/6/train-00053-of-00803_298.wav,/Users/tavantai/Developer/project_thesis_code/processed/E0/6/train-00053-of-00803_298.wav,processed,16000,1,48000,16000,1,48000,3.0,3.0,
/Users/tavantai/Developer/project_thesis_code/new_data/6/train-00053-of-00803_299.wav,/Users/tavantai/Developer/project_thesis_code/processed/E0/6/train-00053-of-00803_299.wav,processed,16000,1,48000,16000,1,48000,3.0,3.0,
/Users/tavantai/Developer/project_thesis_code/new_data/6/train-00053-of-00803_300.wav,/Users/tavantai/Developer/project_thesis_code/processed/E0/6/train-00053-of-00803_300.wav,processed,16000,1,48000,16000,1,48000,3.0,3.0,
/Users/tavantai/Developer/project_thesis_code/new_data/6/train-00053-of-00803_301.wav,/Users/tavantai/Developer/project_thesis_code/processed/E0/6/train-00053-of-00803_301.wav,processed,16000,1,48000,16000,1,48000,3.0,3.0,
/Users/tavantai/Developer/project_thesis_code/new_data/6/train-00053-of-00803_302.wav,/Users/tavantai/Developer/project_thesis_code/processed/E0/6/train-00053-of-00803_302.wav,processed,16000,1,48000,16000,1,48000,3.0,3.0,
/Users/tavantai/Developer/project_thesis_code/new_data/6/train-00053-of-00803_303.wav,/Users/tavantai/Developer/project_thesis_code/processed/E0/6/train-00053-of-00803_303.wav,processed,16000,1,48000,16000,1,48000,3.0,3.0,
/Users/tavantai/Developer/project_thesis_code/new_data/6/train-00053-of-00803_304.wav,/Users/tavantai/Developer/project_thesis_code/processed/E0/6/train-00053-of-00803_304.wav,processed,16000,1,48000,16000,1,48000,3.0,3.0,
/Users/tavantai/Developer/project_thesis_code/new_data/6/train-00053-of-00803_305.wav,/Users/tavantai/Developer/project_thesis_code/processed/E0/6/train-00053-of-00803_305.wav,processed,16000,1,48000,16000,1,48000,3.0,3.0,
/Users/tavantai/Developer/project_thesis_code/new_data/6/train-00053-of-00803_306.wav,/Users/tavantai/Developer/project_thesis_code/processed/E0/6/train-00053-of-00803_306.wav,processed,16000,1,48000,16000,1,48000,3.0,3.0,
/Users/tavantai/Developer/project_thesis_code/new_data/6/train-00053-of-00803_307.wav,/Users/tavantai/Developer/project_thesis_code/processed/E0/6/train-00053-of-00803_307.wav,processed,16000,1,48000,16000,1,48000,3.0,3.0,
/Users/tavantai/Developer/project_thesis_code/new_data/6/train-00053-of-00803_308.wav,/Users/tavantai/Developer/project_thesis_code/processed/E0/6/train-00053-of-00803_308.wav,processed,16000,1,48000,16000,1,48000,3.0,3.0,
/Users/tavantai/Developer/project_thesis_code/new_data/6/train-00053-of-00803_309.wav,/Users/tavantai/Developer/project_thesis_code/processed/E0/6/train-00053-of-00803_309.wav,processed,16000,1,48000,16000,1,48000,3.0,3.0,
/Users/tavantai/Developer/project_thesis_code/new_data/6/train-00053-of-00803_310.wav,/Users/tavantai/Developer/project_thesis_code/processed/E0/6/train-00053-of-00803_310.wav,processed,16000,1,48000,16000,1,48000,3.0,3.0,
/Users/tavantai/Developer/project_thesis_code/new_data/6/train-00053-of-00803_311.wav,/Users/tavantai/Developer/project_thesis_code/processed/E0/6/train-00053-of-00803_311.wav,processed,16000,1,48000,16000,1,48000,3.0,3.0,
/Users/tavantai/Developer/project_thesis_code/new_data/6/train-00053-of-00803_312.wav,/Users/tavantai/Developer/project_thesis_code/processed/E0/6/train-00053-of-00803_312.wav,processed,16000,1,48000,16000,1,48000,3.0,3.0,
/Users/tavantai/Developer/project_thesis_code/new_data/6/train-00053-of-00803_313.wav,/Users/tavantai/Developer/project_thesis_code/processed/E0/6/train-00053-of-00803_313.wav,processed,16000,1,48000,16000,1,48000,3.0,3.0,
/Users/tavantai/Developer/project_thesis_code/new_data/6/train-00053-of-00803_314.wav,/Users/tavantai/Developer/project_thesis_code/processed/E0/6/train-00053-of-00803_314.wav,processed,16000,1,48000,16000,1,48000,3.0,3.0,
/Users/tavantai/Developer/project_thesis_code/new_data/6/train-00053-of-00803_315.wav,/Users/tavantai/Developer/project_thesis_code/processed/E0/6/train-00053-of-00803_315.wav,processed,16000,1,48000,16000,1,48000,3.0,3.0,
/Users/tavantai/Developer/project_thesis_code/new_data/6/train-00053-of-00803_316.wav,/Users/tavantai/Developer/project_thesis_code/processed/E0/6/train-00053-of-00803_316.wav,processed,16000,1,48000,16000,1,48000,3.0,3.0,
/Users/tavantai/Developer/project_thesis_code/new_data/6/train-00053-of-00803_317.wav,/Users/tavantai/Developer/project_thesis_code/processed/E0/6/train-00053-of-00803_317.wav,processed,16000,1,48000,16000,1,48000,3.0,3.0,
/Users/tavantai/Developer/project_thesis_code/new_data/6/train-00053-of-00803_318.wav,/Users/tavantai/Developer/project_thesis_code/processed/E0/6/train-00053-of-00803_318.wav,processed,16000,1,48000,16000,1,48000,3.0,3.0,
/Users/tavantai/Developer/project_thesis_code/new_data/6/train-00053-of-00803_319.wav,/Users/tavantai/Developer/project_thesis_code/processed/E0/6/train-00053-of-00803_319.wav,processed,16000,1,48000,16000,1,48000,3.0,3.0,
/Users/tavantai/Developer/project_thesis_code/new_data/6/train-00053-of-00803_320.wav,/Users/tavantai/Developer/project_thesis_code/processed/E0/6/train-00053-of-00803_320.wav,processed,16000,1,48000,16000,1,48000,3.0,3.0,
/Users/tavantai/Developer/project_thesis_code/new_data/6/train-00053-of-00803_321.wav,/Users/tavantai/Developer/project_thesis_code/processed/E0/6/train-00053-of-00803_321.wav,processed,16000,1,48000,16000,1,48000,3.0,3.0,
/Users/tavantai/Developer/project_thesis_code/new_data/6/train-00053-of-00803_322.wav,/Users/tavantai/Developer/project_thesis_code/processed/E0/6/train-00053-of-00803_322.wav,processed,16000,1,48000,16000,1,48000,3.0,3.0,
/Users/tavantai/Developer/project_thesis_code/new_data/6/train-00053-of-00803_323.wav,/Users/tavantai/Developer/project_thesis_code/processed/E0/6/train-00053-of-00803_323.wav,processed,16000,1,48000,16000,1,48000,3.0,3.0,
/Users/tavantai/Developer/project_thesis_code/new_data/6/train-00053-of-00803_324.wav,/Users/tavantai/Developer/project_thesis_code/processed/E0/6/train-00053-of-00803_324.wav,processed,16000,1,48000,16000,1,48000,3.0,3.0,
/Users/tavantai/Developer/project_thesis_code/new_data/6/train-00053-of-00803_325.wav,/Users/tavantai/Developer/project_thesis_code/processed/E0/6/train-00053-of-00803_325.wav,processed,16000,1,48000,16000,1,48000,3.0,3.0,
/Users/tavantai/Developer/project_thesis_code/new_data/6/train-00053-of-00803_326.wav,/Users/tavantai/Developer/project_thesis_code/processed/E0/6/train-00053-of-00803_326.wav,processed,16000,1,48000,16000,1,48000,3.0,3.0,
/Users/tavantai/Developer/project_thesis_code/new_data/6/train-00053-of-00803_327.wav,/Users/tavantai/Developer/project_thesis_code/processed/E0/6/train-00053-of-00803_327.wav,processed,16000,1,48000,16000,1,48000,3.0,3.0,
/Users/tavantai/Developer/project_thesis_code/new_data/6/train-00053-of-00803_328.wav,/Users/tavantai/Developer/project_thesis_code/processed/E0/6/train-00053-of-00803_328.wav,processed,16000,1,48000,16000,1,48000,3.0,3.0,
/Users/tavantai/Developer/project_thesis_code/new_data/6/train-00053-of-00803_329.wav,/Users/tavantai/Developer/project_thesis_code/processed/E0/6/train-00053-of-00803_329.wav,processed,16000,1,48000,16000,1,48000,3.0,3.0,
/Users/tavantai/Developer/project_thesis_code/new_data/6/train-00053-of-00803_330.wav,/Users/tavantai/Developer/project_thesis_code/processed/E0/6/train-00053-of-00803_330.wav,processed,16000,1,48000,16000,1,48000,3.0,3.0,
/Users/tavantai/Developer/project_thesis_code/new_data/6/train-00053-of-00803_331.wav,/Users/tavantai/Developer/project_thesis_code/processed/E0/6/train-00053-of-00803_331.wav,processed,16000,1,48000,16000,1,48000,3.0,3.0,
/Users/tavantai/Developer/project_thesis_code/new_data/6/train-00053-of-00803_332.wav,/Users/tavantai/Developer/project_thesis_code/processed/E0/6/train-00053-of-00803_332.wav,processed,16000,1,48000,16000,1,48000,3.0,3.0,
/Users/tavantai/Developer/project_thesis_code/new_data/6/train-00053-of-00803_333.wav,/Users/tavantai/Developer/project_thesis_code/processed/E0/6/train-00053-of-00803_333.wav,processed,16000,1,48000,16000,1,48000,3.0,3.0,
/Users/tavantai/Developer/project_thesis_code/new_data/6/train-00053-of-00803_334.wav,/Users/tavantai/Developer/project_thesis_code/processed/E0/6/train-00053-of-00803_334.wav,processed,16000,1,48000,16000,1,48000,3.0,3.0,
/Users/tavantai/Developer/project_thesis_code/new_data/6/train-00053-of-00803_335.wav,/Users/tavantai/Developer/project_thesis_code/processed/E0/6/train-00053-of-00803_335.wav,processed,16000,1,48000,16000,1,48000,3.0,3.0,
/Users/tavantai/Developer/project_thesis_code/new_data/6/train-00053-of-00803_336.wav,/Users/tavantai/Developer/project_thesis_code/processed/E0/6/train-00053-of-00803_336.wav,processed,16000,1,48000,16000,1,48000,3.0,3.0,
/Users/tavantai/Developer/project_thesis_code/new_data/6/train-00053-of-00803_337.wav,/Users/tavantai/Developer/project_thesis_code/processed/E0/6/train-00053-of-00803_337.wav,processed,16000,1,48000,16000,1,48000,3.0,3.0,
/Users/tavantai/Developer/project_thesis_code/new_data/6/train-00053-of-00803_338.wav,/Users/tavantai/Developer/project_thesis_code/processed/E0/6/train-00053-of-00803_338.wav,processed,16000,1,48000,16000,1,48000,3.0,3.0,
/Users/tavantai/Developer/project_thesis_code/new_data/6/train-00053-of-00803_339.wav,/Users/tavantai/Developer/project_thesis_code/processed/E0/6/train-00053-of-00803_339.wav,processed,16000,1,48000,16000,1,48000,3.0,3.0,
/Users/tavantai/Developer/project_thesis_code/new_data/6/train-00053-of-00803_340.wav,/Users/tavantai/Developer/project_thesis_code/processed/E0/6/train-00053-of-00803_340.wav,processed,16000,1,48000,16000,1,48000,3.0,3.0,
/Users/tavantai/Developer/project_thesis_code/new_data/6/train-00053-of-00803_341.wav,/Users/tavantai/Developer/project_thesis_code/processed/E0/6/train-00053-of-00803_341.wav,processed,16000,1,48000,16000,1,48000,3.0,3.0,
/Users/tavantai/Developer/project_thesis_code/new_data/6/train-00053-of-00803_342.wav,/Users/tavantai/Developer/project_thesis_code/processed/E0/6/train-00053-of-00803_342.wav,processed,16000,1,48000,16000,1,48000,3.0,3.0,
/Users/tavantai/Developer/project_thesis_code/new_data/6/train-00053-of-00803_343.wav,/Users/tavantai/Developer/project_thesis_code/processed/E0/6/train-00053-of-00803_343.wav,processed,16000,1,48000,16000,1,48000,3.0,3.0,
/Users/tavantai/Developer/project_thesis_code/new_data/6/train-00053-of-00803_344.wav,/Users/tavantai/Developer/project_thesis_code/processed/E0/6/train-00053-of-00803_344.wav,processed,16000,1,48000,16000,1,48000,3.0,3.0,
/Users/tavantai/Developer/project_thesis_code/new_data/6/train-00053-of-00803_345.wav,/Users/tavantai/Developer/project_thesis_code/processed/E0/6/train-00053-of-00803_345.wav,processed,16000,1,48000,16000,1,48000,3.0,3.0,
/Users/tavantai/Developer/project_thesis_code/new_data/6/train-00053-of-00803_346.wav,/Users/tavantai/Developer/project_thesis_code/processed/E0/6/train-00053-of-00803_346.wav,processed,16000,1,48000,16000,1,48000,3.0,3.0,
/Users/tavantai/Developer/project_thesis_code/new_data/6/train-00053-of-00803_347.wav,/Users/tavantai/Developer/project_thesis_code/processed/E0/6/train-00053-of-00803_347.wav,processed,16000,1,48000,16000,1,48000,3.0,3.0,
/Users/tavantai/Developer/project_thesis_code/new_data/6/train-00053-of-00803_348.wav,/Users/tavantai/Developer/project_thesis_code/processed/E0/6/train-00053-of-00803_348.wav,processed,16000,1,48000,16000,1,48000,3.0,3.0,
/Users/tavantai/Developer/project_thesis_code/new_data/6/train-00053-of-00803_349.wav,/Users/tavantai/Developer/project_thesis_code/processed/E0/6/train-00053-of-00803_349.wav,processed,16000,1,48000,16000,1,48000,3.0,3.0,
/Users/tavantai/Developer/project_thesis_code/new_data/6/train-00053-of-00803_350.wav,/Users/tavantai/Developer/project_thesis_code/processed/E0/6/train-00053-of-00803_350.wav,processed,16000,1,48000,16000,1,48000,3.0,3.0,
/Users/tavantai/Developer/project_thesis_code/new_data/6/train-00053-of-00803_351.wav,/Users/tavantai/Developer/project_thesis_code/processed/E0/6/train-00053-of-00803_351.wav,processed,16000,1,48000,16000,1,48000,3.0,3.0,
/Users/tavantai/Developer/project_thesis_code/new_data/6/train-00053-of-00803_352.wav,/Users/tavantai/Developer/project_thesis_code/processed/E0/6/train-00053-of-00803_352.wav,processed,16000,1,48000,16000,1,48000,3.0,3.0,
/Users/tavantai/Developer/project_thesis_code/new_data/6/train-00053-of-00803_353.wav,/Users/tavantai/Developer/project_thesis_code/processed/E0/6/train-00053-of-00803_353.wav,processed,16000,1,48000,16000,1,48000,3.0,3.0,
/Users/tavantai/Developer/project_thesis_code/new_data/6/train-00053-of-00803_354.wav,/Users/tavantai/Developer/project_thesis_code/processed/E0/6/train-00053-of-00803_354.wav,processed,16000,1,48000,16000,1,48000,3.0,3.0,
/Users/tavantai/Developer/project_thesis_code/new_data/6/train-00053-of-00803_355.wav,/Users/tavantai/Developer/project_thesis_code/processed/E0/6/train-00053-of-00803_355.wav,processed,16000,1,48000,16000,1,48000,3.0,3.0,
/Users/tavantai/Developer/project_thesis_code/new_data/6/train-00053-of-00803_356.wav,/Users/tavantai/Developer/project_thesis_code/processed/E0/6/train-00053-of-00803_356.wav,processed,16000,1,48000,16000,1,48000,3.0,3.0,
/Users/tavantai/Developer/project_thesis_code/new_data/6/train-00053-of-00803_357.wav,/Users/tavantai/Developer/project_thesis_code/processed/E0/6/train-00053-of-00803_357.wav,processed,16000,1,48000,16000,1,48000,3.0,3.0,
/Users/tavantai/Developer/project_thesis_code/new_data/6/train-00053-of-00803_358.wav,/Users/tavantai/Developer/project_thesis_code/processed/E0/6/train-00053-of-00803_358.wav,processed,16000,1,48000,16000,1,48000,3.0,3.0,
/Users/tavantai/Developer/project_thesis_code/new_data/6/train-00053-of-00803_359.wav,/Users/tavantai/Developer/project_thesis_code/processed/E0/6/train-00053-of-00803_359.wav,processed,16000,1,48000,16000,1,48000,3.0,3.0,
/Users/tavantai/Developer/project_thesis_code/new_data/6/train-00053-of-00803_360.wav,/Users/tavantai/Developer/project_thesis_code/processed/E0/6/train-00053-of-00803_360.wav,processed,16000,1,48000,16000,1,48000,3.0,3.0,
/Users/tavantai/Developer/project_thesis_code/new_data/6/train-00053-of-00803_361.wav,/Users/tavantai/Developer/project_thesis_code/processed/E0/6/train-00053-of-00803_361.wav,processed,16000,1,48000,16000,1,48000,3.0,3.0,
/Users/tavantai/Developer/project_thesis_code/new_data/6/train-00053-of-00803_362.wav,/Users/tavantai/Developer/project_thesis_code/processed/E0/6/train-00053-of-00803_362.wav,processed,16000,1,48000,16000,1,48000,3.0,3.0,
/Users/tavantai/Developer/project_thesis_code/new_data/6/train-00053-of-00803_363.wav,/Users/tavantai/Developer/project_thesis_code/processed/E0/6/train-00053-of-00803_363.wav,processed,16000,1,48000,16000,1,48000,3.0,3.0,
/Users/tavantai/Developer/project_thesis_code/new_data/6/train-00053-of-00803_364.wav,/Users/tavantai/Developer/project_thesis_code/processed/E0/6/train-00053-of-00803_364.wav,processed,16000,1,48000,16000,1,48000,3.0,3.0,
/Users/tavantai/Developer/project_thesis_code/new_data/6/train-00053-of-00803_365.wav,/Users/tavantai/Developer/project_thesis_code/processed/E0/6/train-00053-of-00803_365.wav,processed,16000,1,48000,16000,1,48000,3.0,3.0,
/Users/tavantai/Developer/project_thesis_code/new_data/6/train-00053-of-00803_366.wav,/Users/tavantai/Developer/project_thesis_code/processed/E0/6/train-00053-of-00803_366.wav,processed,16000,1,48000,16000,1,48000,3.0,3.0,
/Users/tavantai/Developer/project_thesis_code/new_data/6/train-00053-of-00803_367.wav,/Users/tavantai/Developer/project_thesis_code/processed/E0/6/train-00053-of-00803_367.wav,processed,16000,1,48000,16000,1,48000,3.0,3.0,
/Users/tavantai/Developer/project_thesis_code/new_data/6/train-00053-of-00803_65.wav,/Users/tavantai/Developer/project_thesis_code/processed/E0/6/train-00053-of-00803_65.wav,processed,16000,1,48000,16000,1,48000,3.0,3.0,
/Users/tavantai/Developer/project_thesis_code/new_data/6/train-00053-of-00803_66.wav,/Users/tavantai/Developer/project_thesis_code/processed/E0/6/train-00053-of-00803_66.wav,processed,16000,1,48000,16000,1,48000,3.0,3.0,
/Users/tavantai/Developer/project_thesis_code/new_data/6/train-00053-of-00803_67.wav,/Users/tavantai/Developer/project_thesis_code/processed/E0/6/train-00053-of-00803_67.wav,processed,16000,1,48000,16000,1,48000,3.0,3.0,
/Users/tavantai/Developer/project_thesis_code/new_data/6/train-00053-of-00803_68.wav,/Users/tavantai/Developer/project_thesis_code/processed/E0/6/train-00053-of-00803_68.wav,processed,16000,1,48000,16000,1,48000,3.0,3.0,
/Users/tavantai/Developer/project_thesis_code/new_data/6/train-00053-of-00803_69.wav,/Users/tavantai/Developer/project_thesis_code/processed/E0/6/train-00053-of-00803_69.wav,processed,16000,1,48000,16000,1,48000,3.0,3.0,
/Users/tavantai/Developer/project_thesis_code/new_data/6/train-00053-of-00803_70.wav,/Users/tavantai/Developer/project_thesis_code/processed/E0/6/train-00053-of-00803_70.wav,processed,16000,1,48000,16000,1,48000,3.0,3.0,
/Users/tavantai/Developer/project_thesis_code/new_data/6/train-00053-of-00803_71.wav,/Users/tavantai/Developer/project_thesis_code/processed/E0/6/train-00053-of-00803_71.wav,processed,16000,1,48000,16000,1,48000,3.0,3.0,
/Users/tavantai/Developer/project_thesis_code/new_data/6/train-00053-of-00803_72.wav,/Users/tavantai/Developer/project_thesis_code/processed/E0/6/train-00053-of-00803_72.wav,processed,16000,1,48000,16000,1,48000,3.0,3.0,
/Users/tavantai/Developer/project_thesis_code/new_data/6/train-00053-of-00803_73.wav,/Users/tavantai/Developer/project_thesis_code/processed/E0/6/train-00053-of-00803_73.wav,processed,16000,1,48000,16000,1,48000,3.0,3.0,
/Users/tavantai/Developer/project_thesis_code/new_data/6/train-00053-of-00803_74.wav,/Users/tavantai/Developer/project_thesis_code/processed/E0/6/train-00053-of-00803_74.wav,processed,16000,1,48000,16000,1,48000,3.0,3.0,
/Users/tavantai/Developer/project_thesis_code/new_data/6/train-00053-of-00803_75.wav,/Users/tavantai/Developer/project_thesis_code/processed/E0/6/train-00053-of-00803_75.wav,processed,16000,1,48000,16000,1,48000,3.0,3.0,
/Users/tavantai/Developer/project_thesis_code/new_data/6/train-00053-of-00803_76.wav,/Users/tavantai/Developer/project_thesis_code/processed/E0/6/train-00053-of-00803_76.wav,processed,16000,1,48000,16000,1,48000,3.0,3.0,
/Users/tavantai/Developer/project_thesis_code/new_data/6/train-00053-of-00803_77.wav,/Users/tavantai/Developer/project_thesis_code/processed/E0/6/train-00053-of-00803_77.wav,processed,16000,1,48000,16000,1,48000,3.0,3.0,
/Users/tavantai/Developer/project_thesis_code/new_data/6/train-00053-of-00803_78.wav,/Users/tavantai/Developer/project_thesis_code/processed/E0/6/train-00053-of-00803_78.wav,processed,16000,1,48000,16000,1,48000,3.0,3.0,
/Users/tavantai/Developer/project_thesis_code/new_data/6/train-00053-of-00803_79.wav,/Users/tavantai/Developer/project_thesis_code/processed/E0/6/train-00053-of-00803_79.wav,processed,16000,1,48000,16000,1,48000,3.0,3.0,
/Users/tavantai/Developer/project_thesis_code/new_data/6/train-00053-of-00803_80.wav,/Users/tavantai/Developer/project_thesis_code/processed/E0/6/train-00053-of-00803_80.wav,processed,16000,1,48000,16000,1,48000,3.0,3.0,
/Users/tavantai/Developer/project_thesis_code/new_data/6/train-00053-of-00803_81.wav,/Users/tavantai/Developer/project_thesis_code/processed/E0/6/train-00053-of-00803_81.wav,processed,16000,1,48000,16000,1,48000,3.0,3.0,
/Users/tavantai/Developer/project_thesis_code/new_data/6/train-00053-of-00803_82.wav,/Users/tavantai/Developer/project_thesis_code/processed/E0/6/train-00053-of-00803_82.wav,processed,16000,1,48000,16000,1,48000,3.0,3.0,
/Users/tavantai/Developer/project_thesis_code/new_data/6/train-00053-of-00803_83.wav,/Users/tavantai/Developer/project_thesis_code/processed/E0/6/train-00053-of-00803_83.wav,processed,16000,1,48000,16000,1,48000,3.0,3.0,
/Users/tavantai/Developer/project_thesis_code/new_data/6/train-00053-of-00803_84.wav,/Users/tavantai/Developer/project_thesis_code/processed/E0/6/train-00053-of-00803_84.wav,processed,16000,1,48000,16000,1,48000,3.0,3.0,
/Users/tavantai/Developer/project_thesis_code/new_data/6/train-00053-of-00803_85.wav,/Users/tavantai/Developer/project_thesis_code/processed/E0/6/train-00053-of-00803_85.wav,processed,16000,1,48000,16000,1,48000,3.0,3.0,
/Users/tavantai/Developer/project_thesis_code/new_data/6/train-00053-of-00803_86.wav,/Users/tavantai/Developer/project_thesis_code/processed/E0/6/train-00053-of-00803_86.wav,processed,16000,1,48000,16000,1,48000,3.0,3.0,
/Users/tavantai/Developer/project_thesis_code/new_data/6/train-00053-of-00803_87.wav,/Users/tavantai/Developer/project_thesis_code/processed/E0/6/train-00053-of-00803_87.wav,processed,16000,1,48000,16000,1,48000,3.0,3.0,
/Users/tavantai/Developer/project_thesis_code/new_data/6/train-00053-of-00803_88.wav,/Users/tavantai/Developer/project_thesis_code/processed/E0/6/train-00053-of-00803_88.wav,processed,16000,1,48000,16000,1,48000,3.0,3.0,
/Users/tavantai/Developer/project_thesis_code/new_data/6/train-00053-of-00803_89.wav,/Users/tavantai/Developer/project_thesis_code/processed/E0/6/train-00053-of-00803_89.wav,processed,16000,1,48000,16000,1,48000,3.0,3.0,
/Users/tavantai/Developer/project_thesis_code/new_data/6/train-00053-of-00803_90.wav,/Users/tavantai/Developer/project_thesis_code/processed/E0/6/train-00053-of-00803_90.wav,processed,16000,1,48000,16000,1,48000,3.0,3.0,
/Users/tavantai/Developer/project_thesis_code/new_data/6/train-00053-of-00803_91.wav,/Users/tavantai/Developer/project_thesis_code/processed/E0/6/train-00053-of-00803_91.wav,processed,16000,1,48000,16000,1,48000,3.0,3.0,
/Users/tavantai/Developer/project_thesis_code/new_data/6/train-00053-of-00803_92.wav,/Users/tavantai/Developer/project_thesis_code/processed/E0/6/train-00053-of-00803_92.wav,processed,16000,1,48000,16000,1,48000,3.0,3.0,
/Users/tavantai/Developer/project_thesis_code/new_data/6/train-00053-of-00803_93.wav,/Users/tavantai/Developer/project_thesis_code/processed/E0/6/train-00053-of-00803_93.wav,processed,16000,1,48000,16000,1,48000,3.0,3.0,
/Users/tavantai/Developer/project_thesis_code/new_data/6/train-00053-of-00803_94.wav,/Users/tavantai/Developer/project_thesis_code/processed/E0/6/train-00053-of-00803_94.wav,processed,16000,1,48000,16000,1,48000,3.0,3.0,
/Users/tavantai/Developer/project_thesis_code/new_data/6/train-00053-of-00803_95.wav,/Users/tavantai/Developer/project_thesis_code/processed/E0/6/train-00053-of-00803_95.wav,processed,16000,1,48000,16000,1,48000,3.0,3.0,
/Users/tavantai/Developer/project_thesis_code/new_data/6/train-00053-of-00803_96.wav,/Users/tavantai/Developer/project_thesis_code/processed/E0/6/train-00053-of-00803_96.wav,processed,16000,1,48000,16000,1,48000,3.0,3.0,
/Users/tavantai/Developer/project_thesis_code/new_data/6/train-00053-of-00803_97.wav,/Users/tavantai/Developer/project_thesis_code/processed/E0/6/train-00053-of-00803_97.wav,processed,16000,1,48000,16000,1,48000,3.0,3.0,
/Users/tavantai/Developer/project_thesis_code/new_data/6/train-00053-of-00803_98.wav,/Users/tavantai/Developer/project_thesis_code/processed/E0/6/train-00053-of-00803_98.wav,processed,16000,1,48000,16000,1,48000,3.0,3.0,
/Users/tavantai/Developer/project_thesis_code/new_data/6/train-00053-of-00803_99.wav,/Users/tavantai/Developer/project_thesis_code/processed/E0/6/train-00053-of-00803_99.wav,processed,16000,1,48000,16000,1,48000,3.0,3.0,
/Users/tavantai/Developer/project_thesis_code/new_data/7/train-00006-of-00803_1254.wav,/Users/tavantai/Developer/project_thesis_code/processed/E0/7/train-00006-of-00803_1254.wav,processed,16000,1,48000,16000,1,48000,3.0,3.0,
/Users/tavantai/Developer/project_thesis_code/new_data/7/train-00006-of-00803_1255.wav,/Users/tavantai/Developer/project_thesis_code/processed/E0/7/train-00006-of-00803_1255.wav,processed,16000,1,48000,16000,1,48000,3.0,3.0,
/Users/tavantai/Developer/project_thesis_code/new_data/7/train-00006-of-00803_1256.wav,/Users/tavantai/Developer/project_thesis_code/processed/E0/7/train-00006-of-00803_1256.wav,processed,16000,1,48000,16000,1,48000,3.0,3.0,
/Users/tavantai/Developer/project_thesis_code/new_data/7/train-00006-of-00803_1257.wav,/Users/tavantai/Developer/project_thesis_code/processed/E0/7/train-00006-of-00803_1257.wav,processed,16000,1,48000,16000,1,48000,3.0,3.0,
/Users/tavantai/Developer/project_thesis_code/new_data/7/train-00006-of-00803_1258.wav,/Users/tavantai/Developer/project_thesis_code/processed/E0/7/train-00006-of-00803_1258.wav,processed,16000,1,48000,16000,1,48000,3.0,3.0,
/Users/tavantai/Developer/project_thesis_code/new_data/7/train-00006-of-00803_1259.wav,/Users/tavantai/Developer/project_thesis_code/processed/E0/7/train-00006-of-00803_1259.wav,processed,16000,1,48000,16000,1,48000,3.0,3.0,
/Users/tavantai/Developer/project_thesis_code/new_data/7/train-00006-of-00803_1260.wav,/Users/tavantai/Developer/project_thesis_code/processed/E0/7/train-00006-of-00803_1260.wav,processed,16000,1,48000,16000,1,48000,3.0,3.0,
/Users/tavantai/Developer/project_thesis_code/new_data/7/train-00006-of-00803_1261.wav,/Users/tavantai/Developer/project_thesis_code/processed/E0/7/train-00006-of-00803_1261.wav,processed,16000,1,48000,16000,1,48000,3.0,3.0,
/Users/tavantai/Developer/project_thesis_code/new_data/7/train-00006-of-00803_1262.wav,/Users/tavantai/Developer/project_thesis_code/processed/E0/7/train-00006-of-00803_1262.wav,processed,16000,1,48000,16000,1,48000,3.0,3.0,
/Users/tavantai/Developer/project_thesis_code/new_data/7/train-00006-of-00803_1263.wav,/Users/tavantai/Developer/project_thesis_code/processed/E0/7/train-00006-of-00803_1263.wav,processed,16000,1,48000,16000,1,48000,3.0,3.0,
/Users/tavantai/Developer/project_thesis_code/new_data/7/train-00006-of-00803_1264.wav,/Users/tavantai/Developer/project_thesis_code/processed/E0/7/train-00006-of-00803_1264.wav,processed,16000,1,48000,16000,1,48000,3.0,3.0,
/Users/tavantai/Developer/project_thesis_code/new_data/7/train-00006-of-00803_1265.wav,/Users/tavantai/Developer/project_thesis_code/processed/E0/7/train-00006-of-00803_1265.wav,processed,16000,1,48000,16000,1,48000,3.0,3.0,
/Users/tavantai/Developer/project_thesis_code/new_data/7/train-00006-of-00803_1266.wav,/Users/tavantai/Developer/project_thesis_code/processed/E0/7/train-00006-of-00803_1266.wav,processed,16000,1,48000,16000,1,48000,3.0,3.0,
/Users/tavantai/Developer/project_thesis_code/new_data/7/train-00006-of-00803_1267.wav,/Users/tavantai/Developer/project_thesis_code/processed/E0/7/train-00006-of-00803_1267.wav,processed,16000,1,48000,16000,1,48000,3.0,3.0,
/Users/tavantai/Developer/project_thesis_code/new_data/7/train-00006-of-00803_1268.wav,/Users/tavantai/Developer/project_thesis_code/processed/E0/7/train-00006-of-00803_1268.wav,processed,16000,1,48000,16000,1,48000,3.0,3.0,
/Users/tavantai/Developer/project_thesis_code/new_data/7/train-00006-of-00803_1269.wav,/Users/tavantai/Developer/project_thesis_code/processed/E0/7/train-00006-of-00803_1269.wav,processed,16000,1,48000,16000,1,48000,3.0,3.0,
/Users/tavantai/Developer/project_thesis_code/new_data/7/train-00006-of-00803_1270.wav,/Users/tavantai/Developer/project_thesis_code/processed/E0/7/train-00006-of-00803_1270.wav,processed,16000,1,48000,16000,1,48000,3.0,3.0,
/Users/tavantai/Developer/project_thesis_code/new_data/7/train-00006-of-00803_1271.wav,/Users/tavantai/Developer/project_thesis_code/processed/E0/7/train-00006-of-00803_1271.wav,processed,16000,1,48000,16000,1,48000,3.0,3.0,
/Users/tavantai/Developer/project_thesis_code/new_data/7/train-00006-of-00803_1272.wav,/Users/tavantai/Developer/project_thesis_code/processed/E0/7/train-00006-of-00803_1272.wav,processed,16000,1,48000,16000,1,48000,3.0,3.0,
/Users/tavantai/Developer/project_thesis_code/new_data/7/train-00006-of-00803_1273.wav,/Users/tavantai/Developer/project_thesis_code/processed/E0/7/train-00006-of-00803_1273.wav,processed,16000,1,48000,16000,1,48000,3.0,3.0,
/Users/tavantai/Developer/project_thesis_code/new_data/7/train-00006-of-00803_1274.wav,/Users/tavantai/Developer/project_thesis_code/processed/E0/7/train-00006-of-00803_1274.wav,processed,16000,1,48000,16000,1,48000,3.0,3.0,
/Users/tavantai/Developer/project_thesis_code/new_data/7/train-00006-of-00803_1275.wav,/Users/tavantai/Developer/project_thesis_code/processed/E0/7/train-00006-of-00803_1275.wav,processed,16000,1,48000,16000,1,48000,3.0,3.0,
/Users/tavantai/Developer/project_thesis_code/new_data/7/train-00006-of-00803_1276.wav,/Users/tavantai/Developer/project_thesis_code/processed/E0/7/train-00006-of-00803_1276.wav,processed,16000,1,48000,16000,1,48000,3.0,3.0,
/Users/tavantai/Developer/project_thesis_code/new_data/7/train-00006-of-00803_1277.wav,/Users/tavantai/Developer/project_thesis_code/processed/E0/7/train-00006-of-00803_1277.wav,processed,16000,1,48000,16000,1,48000,3.0,3.0,
/Users/tavantai/Developer/project_thesis_code/new_data/7/train-00006-of-00803_1278.wav,/Users/tavantai/Developer/project_thesis_code/processed/E0/7/train-00006-of-00803_1278.wav,processed,16000,1,48000,16000,1,48000,3.0,3.0,
/Users/tavantai/Developer/project_thesis_code/new_data/7/train-00006-of-00803_1279.wav,/Users/tavantai/Developer/project_thesis_code/processed/E0/7/train-00006-of-00803_1279.wav,processed,16000,1,48000,16000,1,48000,3.0,3.0,
/Users/tavantai/Developer/project_thesis_code/new_data/7/train-00006-of-00803_1280.wav,/Users/tavantai/Developer/project_thesis_code/processed/E0/7/train-00006-of-00803_1280.wav,processed,16000,1,48000,16000,1,48000,3.0,3.0,
/Users/tavantai/Developer/project_thesis_code/new_data/7/train-00006-of-00803_1281.wav,/Users/tavantai/Developer/project_thesis_code/processed/E0/7/train-00006-of-00803_1281.wav,processed,16000,1,48000,16000,1,48000,3.0,3.0,
/Users/tavantai/Developer/project_thesis_code/new_data/7/train-00006-of-00803_1282.wav,/Users/tavantai/Developer/project_thesis_code/processed/E0/7/train-00006-of-00803_1282.wav,processed,16000,1,48000,16000,1,48000,3.0,3.0,
/Users/tavantai/Developer/project_thesis_code/new_data/7/train-00006-of-00803_1283.wav,/Users/tavantai/Developer/project_thesis_code/processed/E0/7/train-00006-of-00803_1283.wav,processed,16000,1,48000,16000,1,48000,3.0,3.0,
/Users/tavantai/Developer/project_thesis_code/new_data/7/train-00006-of-00803_1284.wav,/Users/tavantai/Developer/project_thesis_code/processed/E0/7/train-00006-of-00803_1284.wav,processed,16000,1,48000,16000,1,48000,3.0,3.0,
/Users/tavantai/Developer/project_thesis_code/new_data/7/train-00006-of-00803_1285.wav,/Users/tavantai/Developer/project_thesis_code/processed/E0/7/train-00006-of-00803_1285.wav,processed,16000,1,48000,16000,1,48000,3.0,3.0,
/Users/tavantai/Developer/project_thesis_code/new_data/7/train-00006-of-00803_1286.wav,/Users/tavantai/Developer/project_thesis_code/processed/E0/7/train-00006-of-00803_1286.wav,processed,16000,1,48000,16000,1,48000,3.0,3.0,
/Users/tavantai/Developer/project_thesis_code/new_data/7/train-00006-of-00803_1287.wav,/Users/tavantai/Developer/project_thesis_code/processed/E0/7/train-00006-of-00803_1287.wav,processed,16000,1,48000,16000,1,48000,3.0,3.0,
/Users/tavantai/Developer/project_thesis_code/new_data/7/train-00006-of-00803_1288.wav,/Users/tavantai/Developer/project_thesis_code/processed/E0/7/train-00006-of-00803_1288.wav,processed,16000,1,48000,16000,1,48000,3.0,3.0,
/Users/tavantai/Developer/project_thesis_code/new_data/7/train-00006-of-00803_1289.wav,/Users/tavantai/Developer/project_thesis_code/processed/E0/7/train-00006-of-00803_1289.wav,processed,16000,1,48000,16000,1,48000,3.0,3.0,
/Users/tavantai/Developer/project_thesis_code/new_data/7/train-00006-of-00803_1290.wav,/Users/tavantai/Developer/project_thesis_code/processed/E0/7/train-00006-of-00803_1290.wav,processed,16000,1,48000,16000,1,48000,3.0,3.0,
/Users/tavantai/Developer/project_thesis_code/new_data/7/train-00006-of-00803_1291.wav,/Users/tavantai/Developer/project_thesis_code/processed/E0/7/train-00006-of-00803_1291.wav,processed,16000,1,48000,16000,1,48000,3.0,3.0,
/Users/tavantai/Developer/project_thesis_code/new_data/7/train-00006-of-00803_1292.wav,/Users/tavantai/Developer/project_thesis_code/processed/E0/7/train-00006-of-00803_1292.wav,processed,16000,1,48000,16000,1,48000,3.0,3.0,
/Users/tavantai/Developer/project_thesis_code/new_data/7/train-00006-of-00803_1293.wav,/Users/tavantai/Developer/project_thesis_code/processed/E0/7/train-00006-of-00803_1293.wav,processed,16000,1,48000,16000,1,48000,3.0,3.0,
/Users/tavantai/Developer/project_thesis_code/new_data/7/train-00006-of-00803_1294.wav,/Users/tavantai/Developer/project_thesis_code/processed/E0/7/train-00006-of-00803_1294.wav,processed,16000,1,48000,16000,1,48000,3.0,3.0,
/Users/tavantai/Developer/project_thesis_code/new_data/7/train-00006-of-00803_1295.wav,/Users/tavantai/Developer/project_thesis_code/processed/E0/7/train-00006-of-00803_1295.wav,processed,16000,1,48000,16000,1,48000,3.0,3.0,
/Users/tavantai/Developer/project_thesis_code/new_data/7/train-00006-of-00803_1296.wav,/Users/tavantai/Developer/project_thesis_code/processed/E0/7/train-00006-of-00803_1296.wav,processed,16000,1,48000,16000,1,48000,3.0,3.0,
/Users/tavantai/Developer/project_thesis_code/new_data/7/train-00006-of-00803_1297.wav,/Users/tavantai/Developer/project_thesis_code/processed/E0/7/train-00006-of-00803_1297.wav,processed,16000,1,48000,16000,1,48000,3.0,3.0,
/Users/tavantai/Developer/project_thesis_code/new_data/7/train-00006-of-00803_1298.wav,/Users/tavantai/Developer/project_thesis_code/processed/E0/7/train-00006-of-00803_1298.wav,processed,16000,1,48000,16000,1,48000,3.0,3.0,
/Users/tavantai/Developer/project_thesis_code/new_data/7/train-00007-of-00803_0.wav,/Users/tavantai/Developer/project_thesis_code/processed/E0/7/train-00007-of-00803_0.wav,processed,16000,1,48000,16000,1,48000,3.0,3.0,
/Users/tavantai/Developer/project_thesis_code/new_data/7/train-00007-of-00803_1.wav,/Users/tavantai/Developer/project_thesis_code/processed/E0/7/train-00007-of-00803_1.wav,processed,16000,1,48000,16000,1,48000,3.0,3.0,
/Users/tavantai/Developer/project_thesis_code/new_data/7/train-00007-of-00803_10.wav,/Users/tavantai/Developer/project_thesis_code/processed/E0/7/train-00007-of-00803_10.wav,processed,16000,1,48000,16000,1,48000,3.0,3.0,
/Users/tavantai/Developer/project_thesis_code/new_data/7/train-00007-of-00803_100.wav,/Users/tavantai/Developer/project_thesis_code/processed/E0/7/train-00007-of-00803_100.wav,processed,16000,1,48000,16000,1,48000,3.0,3.0,
/Users/tavantai/Developer/project_thesis_code/new_data/7/train-00007-of-00803_101.wav,/Users/tavantai/Developer/project_thesis_code/processed/E0/7/train-00007-of-00803_101.wav,processed,16000,1,48000,16000,1,48000,3.0,3.0,
/Users/tavantai/Developer/project_thesis_code/new_data/7/train-00007-of-00803_102.wav,/Users/tavantai/Developer/project_thesis_code/processed/E0/7/train-00007-of-00803_102.wav,processed,16000,1,48000,16000,1,48000,3.0,3.0,
/Users/tavantai/Developer/project_thesis_code/new_data/7/train-00007-of-00803_103.wav,/Users/tavantai/Developer/project_thesis_code/processed/E0/7/train-00007-of-00803_103.wav,processed,16000,1,48000,16000,1,48000,3.0,3.0,
/Users/tavantai/Developer/project_thesis_code/new_data/7/train-00007-of-00803_104.wav,/Users/tavantai/Developer/project_thesis_code/processed/E0/7/train-00007-of-00803_104.wav,processed,16000,1,48000,16000,1,48000,3.0,3.0,
/Users/tavantai/Developer/project_thesis_code/new_data/7/train-00007-of-00803_105.wav,/Users/tavantai/Developer/project_thesis_code/processed/E0/7/train-00007-of-00803_105.wav,processed,16000,1,48000,16000,1,48000,3.0,3.0,
/Users/tavantai/Developer/project_thesis_code/new_data/7/train-00007-of-00803_106.wav,/Users/tavantai/Developer/project_thesis_code/processed/E0/7/train-00007-of-00803_106.wav,processed,16000,1,48000,16000,1,48000,3.0,3.0,
/Users/tavantai/Developer/project_thesis_code/new_data/7/train-00007-of-00803_107.wav,/Users/tavantai/Developer/project_thesis_code/processed/E0/7/train-00007-of-00803_107.wav,processed,16000,1,48000,16000,1,48000,3.0,3.0,
/Users/tavantai/Developer/project_thesis_code/new_data/7/train-00007-of-00803_108.wav,/Users/tavantai/Developer/project_thesis_code/processed/E0/7/train-00007-of-00803_108.wav,processed,16000,1,48000,16000,1,48000,3.0,3.0,
/Users/tavantai/Developer/project_thesis_code/new_data/7/train-00007-of-00803_109.wav,/Users/tavantai/Developer/project_thesis_code/processed/E0/7/train-00007-of-00803_109.wav,processed,16000,1,48000,16000,1,48000,3.0,3.0,
/Users/tavantai/Developer/project_thesis_code/new_data/7/train-00007-of-00803_11.wav,/Users/tavantai/Developer/project_thesis_code/processed/E0/7/train-00007-of-00803_11.wav,processed,16000,1,48000,16000,1,48000,3.0,3.0,
/Users/tavantai/Developer/project_thesis_code/new_data/7/train-00007-of-00803_110.wav,/Users/tavantai/Developer/project_thesis_code/processed/E0/7/train-00007-of-00803_110.wav,processed,16000,1,48000,16000,1,48000,3.0,3.0,
/Users/tavantai/Developer/project_thesis_code/new_data/7/train-00007-of-00803_111.wav,/Users/tavantai/Developer/project_thesis_code/processed/E0/7/train-00007-of-00803_111.wav,processed,16000,1,48000,16000,1,48000,3.0,3.0,
/Users/tavantai/Developer/project_thesis_code/new_data/7/train-00007-of-00803_112.wav,/Users/tavantai/Developer/project_thesis_code/processed/E0/7/train-00007-of-00803_112.wav,processed,16000,1,48000,16000,1,48000,3.0,3.0,
/Users/tavantai/Developer/project_thesis_code/new_data/7/train-00007-of-00803_113.wav,/Users/tavantai/Developer/project_thesis_code/processed/E0/7/train-00007-of-00803_113.wav,processed,16000,1,48000,16000,1,48000,3.0,3.0,
/Users/tavantai/Developer/project_thesis_code/new_data/7/train-00007-of-00803_114.wav,/Users/tavantai/Developer/project_thesis_code/processed/E0/7/train-00007-of-00803_114.wav,processed,16000,1,48000,16000,1,48000,3.0,3.0,
/Users/tavantai/Developer/project_thesis_code/new_data/7/train-00007-of-00803_115.wav,/Users/tavantai/Developer/project_thesis_code/processed/E0/7/train-00007-of-00803_115.wav,processed,16000,1,48000,16000,1,48000,3.0,3.0,
/Users/tavantai/Developer/project_thesis_code/new_data/7/train-00007-of-00803_116.wav,/Users/tavantai/Developer/project_thesis_code/processed/E0/7/train-00007-of-00803_116.wav,processed,16000,1,48000,16000,1,48000,3.0,3.0,
/Users/tavantai/Developer/project_thesis_code/new_data/7/train-00007-of-00803_117.wav,/Users/tavantai/Developer/project_thesis_code/processed/E0/7/train-00007-of-00803_117.wav,processed,16000,1,48000,16000,1,48000,3.0,3.0,
/Users/tavantai/Developer/project_thesis_code/new_data/7/train-00007-of-00803_118.wav,/Users/tavantai/Developer/project_thesis_code/processed/E0/7/train-00007-of-00803_118.wav,processed,16000,1,48000,16000,1,48000,3.0,3.0,
/Users/tavantai/Developer/project_thesis_code/new_data/7/train-00007-of-00803_119.wav,/Users/tavantai/Developer/project_thesis_code/processed/E0/7/train-00007-of-00803_119.wav,processed,16000,1,48000,16000,1,48000,3.0,3.0,
/Users/tavantai/Developer/project_thesis_code/new_data/7/train-00007-of-00803_12.wav,/Users/tavantai/Developer/project_thesis_code/processed/E0/7/train-00007-of-00803_12.wav,processed,16000,1,48000,16000,1,48000,3.0,3.0,
/Users/tavantai/Developer/project_thesis_code/new_data/7/train-00007-of-00803_120.wav,/Users/tavantai/Developer/project_thesis_code/processed/E0/7/train-00007-of-00803_120.wav,processed,16000,1,48000,16000,1,48000,3.0,3.0,
/Users/tavantai/Developer/project_thesis_code/new_data/7/train-00007-of-00803_121.wav,/Users/tavantai/Developer/project_thesis_code/processed/E0/7/train-00007-of-00803_121.wav,processed,16000,1,48000,16000,1,48000,3.0,3.0,
/Users/tavantai/Developer/project_thesis_code/new_data/7/train-00007-of-00803_122.wav,/Users/tavantai/Developer/project_thesis_code/processed/E0/7/train-00007-of-00803_122.wav,processed,16000,1,48000,16000,1,48000,3.0,3.0,
/Users/tavantai/Developer/project_thesis_code/new_data/7/train-00007-of-00803_123.wav,/Users/tavantai/Developer/project_thesis_code/processed/E0/7/train-00007-of-00803_123.wav,processed,16000,1,48000,16000,1,48000,3.0,3.0,
/Users/tavantai/Developer/project_thesis_code/new_data/7/train-00007-of-00803_124.wav,/Users/tavantai/Developer/project_thesis_code/processed/E0/7/train-00007-of-00803_124.wav,processed,16000,1,48000,16000,1,48000,3.0,3.0,
/Users/tavantai/Developer/project_thesis_code/new_data/7/train-00007-of-00803_125.wav,/Users/tavantai/Developer/project_thesis_code/processed/E0/7/train-00007-of-00803_125.wav,processed,16000,1,48000,16000,1,48000,3.0,3.0,
/Users/tavantai/Developer/project_thesis_code/new_data/7/train-00007-of-00803_126.wav,/Users/tavantai/Developer/project_thesis_code/processed/E0/7/train-00007-of-00803_126.wav,processed,16000,1,48000,16000,1,48000,3.0,3.0,
/Users/tavantai/Developer/project_thesis_code/new_data/7/train-00007-of-00803_127.wav,/Users/tavantai/Developer/project_thesis_code/processed/E0/7/train-00007-of-00803_127.wav,processed,16000,1,48000,16000,1,48000,3.0,3.0,
/Users/tavantai/Developer/project_thesis_code/new_data/7/train-00007-of-00803_128.wav,/Users/tavantai/Developer/project_thesis_code/processed/E0/7/train-00007-of-00803_128.wav,processed,16000,1,48000,16000,1,48000,3.0,3.0,
/Users/tavantai/Developer/project_thesis_code/new_data/7/train-00007-of-00803_129.wav,/Users/tavantai/Developer/project_thesis_code/processed/E0/7/train-00007-of-00803_129.wav,processed,16000,1,48000,16000,1,48000,3.0,3.0,
/Users/tavantai/Developer/project_thesis_code/new_data/7/train-00007-of-00803_13.wav,/Users/tavantai/Developer/project_thesis_code/processed/E0/7/train-00007-of-00803_13.wav,processed,16000,1,48000,16000,1,48000,3.0,3.0,
/Users/tavantai/Developer/project_thesis_code/new_data/7/train-00007-of-00803_130.wav,/Users/tavantai/Developer/project_thesis_code/processed/E0/7/train-00007-of-00803_130.wav,processed,16000,1,48000,16000,1,48000,3.0,3.0,
/Users/tavantai/Developer/project_thesis_code/new_data/7/train-00007-of-00803_131.wav,/Users/tavantai/Developer/project_thesis_code/processed/E0/7/train-00007-of-00803_131.wav,processed,16000,1,48000,16000,1,48000,3.0,3.0,
/Users/tavantai/Developer/project_thesis_code/new_data/7/train-00007-of-00803_132.wav,/Users/tavantai/Developer/project_thesis_code/processed/E0/7/train-00007-of-00803_132.wav,processed,16000,1,48000,16000,1,48000,3.0,3.0,
/Users/tavantai/Developer/project_thesis_code/new_data/7/train-00007-of-00803_133.wav,/Users/tavantai/Developer/project_thesis_code/processed/E0/7/train-00007-of-00803_133.wav,processed,16000,1,48000,16000,1,48000,3.0,3.0,
/Users/tavantai/Developer/project_thesis_code/new_data/7/train-00007-of-00803_134.wav,/Users/tavantai/Developer/project_thesis_code/processed/E0/7/train-00007-of-00803_134.wav,processed,16000,1,48000,16000,1,48000,3.0,3.0,
/Users/tavantai/Developer/project_thesis_code/new_data/7/train-00007-of-00803_135.wav,/Users/tavantai/Developer/project_thesis_code/processed/E0/7/train-00007-of-00803_135.wav,processed,16000,1,48000,16000,1,48000,3.0,3.0,
/Users/tavantai/Developer/project_thesis_code/new_data/7/train-00007-of-00803_136.wav,/Users/tavantai/Developer/project_thesis_code/processed/E0/7/train-00007-of-00803_136.wav,processed,16000,1,48000,16000,1,48000,3.0,3.0,
/Users/tavantai/Developer/project_thesis_code/new_data/7/train-00007-of-00803_137.wav,/Users/tavantai/Developer/project_thesis_code/processed/E0/7/train-00007-of-00803_137.wav,processed,16000,1,48000,16000,1,48000,3.0,3.0,
/Users/tavantai/Developer/project_thesis_code/new_data/7/train-00007-of-00803_138.wav,/Users/tavantai/Developer/project_thesis_code/processed/E0/7/train-00007-of-00803_138.wav,processed,16000,1,48000,16000,1,48000,3.0,3.0,
/Users/tavantai/Developer/project_thesis_code/new_data/7/train-00007-of-00803_139.wav,/Users/tavantai/Developer/project_thesis_code/processed/E0/7/train-00007-of-00803_139.wav,processed,16000,1,48000,16000,1,48000,3.0,3.0,
/Users/tavantai/Developer/project_thesis_code/new_data/7/train-00007-of-00803_14.wav,/Users/tavantai/Developer/project_thesis_code/processed/E0/7/train-00007-of-00803_14.wav,processed,16000,1,48000,16000,1,48000,3.0,3.0,
/Users/tavantai/Developer/project_thesis_code/new_data/7/train-00007-of-00803_140.wav,/Users/tavantai/Developer/project_thesis_code/processed/E0/7/train-00007-of-00803_140.wav,processed,16000,1,48000,16000,1,48000,3.0,3.0,
/Users/tavantai/Developer/project_thesis_code/new_data/7/train-00007-of-00803_141.wav,/Users/tavantai/Developer/project_thesis_code/processed/E0/7/train-00007-of-00803_141.wav,processed,16000,1,48000,16000,1,48000,3.0,3.0,
/Users/tavantai/Developer/project_thesis_code/new_data/7/train-00007-of-00803_142.wav,/Users/tavantai/Developer/project_thesis_code/processed/E0/7/train-00007-of-00803_142.wav,processed,16000,1,48000,16000,1,48000,3.0,3.0,
/Users/tavantai/Developer/project_thesis_code/new_data/7/train-00007-of-00803_143.wav,/Users/tavantai/Developer/project_thesis_code/processed/E0/7/train-00007-of-00803_143.wav,processed,16000,1,48000,16000,1,48000,3.0,3.0,
/Users/tavantai/Developer/project_thesis_code/new_data/7/train-00007-of-00803_144.wav,/Users/tavantai/Developer/project_thesis_code/processed/E0/7/train-00007-of-00803_144.wav,processed,16000,1,48000,16000,1,48000,3.0,3.0,
/Users/tavantai/Developer/project_thesis_code/new_data/7/train-00007-of-00803_145.wav,/Users/tavantai/Developer/project_thesis_code/processed/E0/7/train-00007-of-00803_145.wav,processed,16000,1,48000,16000,1,48000,3.0,3.0,
/Users/tavantai/Developer/project_thesis_code/new_data/7/train-00007-of-00803_146.wav,/Users/tavantai/Developer/project_thesis_code/processed/E0/7/train-00007-of-00803_146.wav,processed,16000,1,48000,16000,1,48000,3.0,3.0,
/Users/tavantai/Developer/project_thesis_code/new_data/7/train-00007-of-00803_147.wav,/Users/tavantai/Developer/project_thesis_code/processed/E0/7/train-00007-of-00803_147.wav,processed,16000,1,48000,16000,1,48000,3.0,3.0,
/Users/tavantai/Developer/project_thesis_code/new_data/7/train-00007-of-00803_148.wav,/Users/tavantai/Developer/project_thesis_code/processed/E0/7/train-00007-of-00803_148.wav,processed,16000,1,48000,16000,1,48000,3.0,3.0,
/Users/tavantai/Developer/project_thesis_code/new_data/7/train-00007-of-00803_149.wav,/Users/tavantai/Developer/project_thesis_code/processed/E0/7/train-00007-of-00803_149.wav,processed,16000,1,48000,16000,1,48000,3.0,3.0,
/Users/tavantai/Developer/project_thesis_code/new_data/7/train-00007-of-00803_15.wav,/Users/tavantai/Developer/project_thesis_code/processed/E0/7/train-00007-of-00803_15.wav,processed,16000,1,48000,16000,1,48000,3.0,3.0,
/Users/tavantai/Developer/project_thesis_code/new_data/7/train-00007-of-00803_150.wav,/Users/tavantai/Developer/project_thesis_code/processed/E0/7/train-00007-of-00803_150.wav,processed,16000,1,48000,16000,1,48000,3.0,3.0,
/Users/tavantai/Developer/project_thesis_code/new_data/7/train-00007-of-00803_151.wav,/Users/tavantai/Developer/project_thesis_code/processed/E0/7/train-00007-of-00803_151.wav,processed,16000,1,48000,16000,1,48000,3.0,3.0,
/Users/tavantai/Developer/project_thesis_code/new_data/7/train-00007-of-00803_152.wav,/Users/tavantai/Developer/project_thesis_code/processed/E0/7/train-00007-of-00803_152.wav,processed,16000,1,48000,16000,1,48000,3.0,3.0,
/Users/tavantai/Developer/project_thesis_code/new_data/7/train-00007-of-00803_153.wav,/Users/tavantai/Developer/project_thesis_code/processed/E0/7/train-00007-of-00803_153.wav,processed,16000,1,48000,16000,1,48000,3.0,3.0,
/Users/tavantai/Developer/project_thesis_code/new_data/7/train-00007-of-00803_154.wav,/Users/tavantai/Developer/project_thesis_code/processed/E0/7/train-00007-of-00803_154.wav,processed,16000,1,48000,16000,1,48000,3.0,3.0,
/Users/tavantai/Developer/project_thesis_code/new_data/7/train-00007-of-00803_155.wav,/Users/tavantai/Developer/project_thesis_code/processed/E0/7/train-00007-of-00803_155.wav,processed,16000,1,48000,16000,1,48000,3.0,3.0,
/Users/tavantai/Developer/project_thesis_code/new_data/7/train-00007-of-00803_156.wav,/Users/tavantai/Developer/project_thesis_code/processed/E0/7/train-00007-of-00803_156.wav,processed,16000,1,48000,16000,1,48000,3.0,3.0,
/Users/tavantai/Developer/project_thesis_code/new_data/7/train-00007-of-00803_157.wav,/Users/tavantai/Developer/project_thesis_code/processed/E0/7/train-00007-of-00803_157.wav,processed,16000,1,48000,16000,1,48000,3.0,3.0,
/Users/tavantai/Developer/project_thesis_code/new_data/7/train-00007-of-00803_158.wav,/Users/tavantai/Developer/project_thesis_code/processed/E0/7/train-00007-of-00803_158.wav,processed,16000,1,48000,16000,1,48000,3.0,3.0,
/Users/tavantai/Developer/project_thesis_code/new_data/7/train-00007-of-00803_159.wav,/Users/tavantai/Developer/project_thesis_code/processed/E0/7/train-00007-of-00803_159.wav,processed,16000,1,48000,16000,1,48000,3.0,3.0,
/Users/tavantai/Developer/project_thesis_code/new_data/7/train-00007-of-00803_16.wav,/Users/tavantai/Developer/project_thesis_code/processed/E0/7/train-00007-of-00803_16.wav,processed,16000,1,48000,16000,1,48000,3.0,3.0,
/Users/tavantai/Developer/project_thesis_code/new_data/7/train-00007-of-00803_160.wav,/Users/tavantai/Developer/project_thesis_code/processed/E0/7/train-00007-of-00803_160.wav,processed,16000,1,48000,16000,1,48000,3.0,3.0,
/Users/tavantai/Developer/project_thesis_code/new_data/7/train-00007-of-00803_161.wav,/Users/tavantai/Developer/project_thesis_code/processed/E0/7/train-00007-of-00803_161.wav,processed,16000,1,48000,16000,1,48000,3.0,3.0,
/Users/tavantai/Developer/project_thesis_code/new_data/7/train-00007-of-00803_162.wav,/Users/tavantai/Developer/project_thesis_code/processed/E0/7/train-00007-of-00803_162.wav,processed,16000,1,48000,16000,1,48000,3.0,3.0,
/Users/tavantai/Developer/project_thesis_code/new_data/7/train-00007-of-00803_163.wav,/Users/tavantai/Developer/project_thesis_code/processed/E0/7/train-00007-of-00803_163.wav,processed,16000,1,48000,16000,1,48000,3.0,3.0,
/Users/tavantai/Developer/project_thesis_code/new_data/7/train-00007-of-00803_164.wav,/Users/tavantai/Developer/project_thesis_code/processed/E0/7/train-00007-of-00803_164.wav,processed,16000,1,48000,16000,1,48000,3.0,3.0,
/Users/tavantai/Developer/project_thesis_code/new_data/7/train-00007-of-00803_165.wav,/Users/tavantai/Developer/project_thesis_code/processed/E0/7/train-00007-of-00803_165.wav,processed,16000,1,48000,16000,1,48000,3.0,3.0,
/Users/tavantai/Developer/project_thesis_code/new_data/7/train-00007-of-00803_166.wav,/Users/tavantai/Developer/project_thesis_code/processed/E0/7/train-00007-of-00803_166.wav,processed,16000,1,48000,16000,1,48000,3.0,3.0,
/Users/tavantai/Developer/project_thesis_code/new_data/7/train-00007-of-00803_167.wav,/Users/tavantai/Developer/project_thesis_code/processed/E0/7/train-00007-of-00803_167.wav,processed,16000,1,48000,16000,1,48000,3.0,3.0,
/Users/tavantai/Developer/project_thesis_code/new_data/7/train-00007-of-00803_168.wav,/Users/tavantai/Developer/project_thesis_code/processed/E0/7/train-00007-of-00803_168.wav,processed,16000,1,48000,16000,1,48000,3.0,3.0,
/Users/tavantai/Developer/project_thesis_code/new_data/7/train-00007-of-00803_169.wav,/Users/tavantai/Developer/project_thesis_code/processed/E0/7/train-00007-of-00803_169.wav,processed,16000,1,48000,16000,1,48000,3.0,3.0,
/Users/tavantai/Developer/project_thesis_code/new_data/7/train-00007-of-00803_17.wav,/Users/tavantai/Developer/project_thesis_code/processed/E0/7/train-00007-of-00803_17.wav,processed,16000,1,48000,16000,1,48000,3.0,3.0,
/Users/tavantai/Developer/project_thesis_code/new_data/7/train-00007-of-00803_170.wav,/Users/tavantai/Developer/project_thesis_code/processed/E0/7/train-00007-of-00803_170.wav,processed,16000,1,48000,16000,1,48000,3.0,3.0,
/Users/tavantai/Developer/project_thesis_code/new_data/7/train-00007-of-00803_171.wav,/Users/tavantai/Developer/project_thesis_code/processed/E0/7/train-00007-of-00803_171.wav,processed,16000,1,48000,16000,1,48000,3.0,3.0,
/Users/tavantai/Developer/project_thesis_code/new_data/7/train-00007-of-00803_172.wav,/Users/tavantai/Developer/project_thesis_code/processed/E0/7/train-00007-of-00803_172.wav,processed,16000,1,48000,16000,1,48000,3.0,3.0,
/Users/tavantai/Developer/project_thesis_code/new_data/7/train-00007-of-00803_173.wav,/Users/tavantai/Developer/project_thesis_code/processed/E0/7/train-00007-of-00803_173.wav,processed,16000,1,48000,16000,1,48000,3.0,3.0,
/Users/tavantai/Developer/project_thesis_code/new_data/7/train-00007-of-00803_174.wav,/Users/tavantai/Developer/project_thesis_code/processed/E0/7/train-00007-of-00803_174.wav,processed,16000,1,48000,16000,1,48000,3.0,3.0,
/Users/tavantai/Developer/project_thesis_code/new_data/7/train-00007-of-00803_175.wav,/Users/tavantai/Developer/project_thesis_code/processed/E0/7/train-00007-of-00803_175.wav,processed,16000,1,48000,16000,1,48000,3.0,3.0,
/Users/tavantai/Developer/project_thesis_code/new_data/7/train-00007-of-00803_176.wav,/Users/tavantai/Developer/project_thesis_code/processed/E0/7/train-00007-of-00803_176.wav,processed,16000,1,48000,16000,1,48000,3.0,3.0,
/Users/tavantai/Developer/project_thesis_code/new_data/7/train-00007-of-00803_177.wav,/Users/tavantai/Developer/project_thesis_code/processed/E0/7/train-00007-of-00803_177.wav,processed,16000,1,48000,16000,1,48000,3.0,3.0,
/Users/tavantai/Developer/project_thesis_code/new_data/7/train-00007-of-00803_178.wav,/Users/tavantai/Developer/project_thesis_code/processed/E0/7/train-00007-of-00803_178.wav,processed,16000,1,48000,16000,1,48000,3.0,3.0,
/Users/tavantai/Developer/project_thesis_code/new_data/7/train-00007-of-00803_179.wav,/Users/tavantai/Developer/project_thesis_code/processed/E0/7/train-00007-of-00803_179.wav,processed,16000,1,48000,16000,1,48000,3.0,3.0,
/Users/tavantai/Developer/project_thesis_code/new_data/7/train-00007-of-00803_18.wav,/Users/tavantai/Developer/project_thesis_code/processed/E0/7/train-00007-of-00803_18.wav,processed,16000,1,48000,16000,1,48000,3.0,3.0,
/Users/tavantai/Developer/project_thesis_code/new_data/7/train-00007-of-00803_180.wav,/Users/tavantai/Developer/project_thesis_code/processed/E0/7/train-00007-of-00803_180.wav,processed,16000,1,48000,16000,1,48000,3.0,3.0,
/Users/tavantai/Developer/project_thesis_code/new_data/7/train-00007-of-00803_181.wav,/Users/tavantai/Developer/project_thesis_code/processed/E0/7/train-00007-of-00803_181.wav,processed,16000,1,48000,16000,1,48000,3.0,3.0,
/Users/tavantai/Developer/project_thesis_code/new_data/7/train-00007-of-00803_182.wav,/Users/tavantai/Developer/project_thesis_code/processed/E0/7/train-00007-of-00803_182.wav,processed,16000,1,48000,16000,1,48000,3.0,3.0,
/Users/tavantai/Developer/project_thesis_code/new_data/7/train-00007-of-00803_183.wav,/Users/tavantai/Developer/project_thesis_code/processed/E0/7/train-00007-of-00803_183.wav,processed,16000,1,48000,16000,1,48000,3.0,3.0,
/Users/tavantai/Developer/project_thesis_code/new_data/7/train-00007-of-00803_184.wav,/Users/tavantai/Developer/project_thesis_code/processed/E0/7/train-00007-of-00803_184.wav,processed,16000,1,48000,16000,1,48000,3.0,3.0,
/Users/tavantai/Developer/project_thesis_code/new_data/7/train-00007-of-00803_185.wav,/Users/tavantai/Developer/project_thesis_code/processed/E0/7/train-00007-of-00803_185.wav,processed,16000,1,48000,16000,1,48000,3.0,3.0,
/Users/tavantai/Developer/project_thesis_code/new_data/7/train-00007-of-00803_186.wav,/Users/tavantai/Developer/project_thesis_code/processed/E0/7/train-00007-of-00803_186.wav,processed,16000,1,48000,16000,1,48000,3.0,3.0,
/Users/tavantai/Developer/project_thesis_code/new_data/7/train-00007-of-00803_187.wav,/Users/tavantai/Developer/project_thesis_code/processed/E0/7/train-00007-of-00803_187.wav,processed,16000,1,48000,16000,1,48000,3.0,3.0,
/Users/tavantai/Developer/project_thesis_code/new_data/7/train-00007-of-00803_188.wav,/Users/tavantai/Developer/project_thesis_code/processed/E0/7/train-00007-of-00803_188.wav,processed,16000,1,48000,16000,1,48000,3.0,3.0,
/Users/tavantai/Developer/project_thesis_code/new_data/7/train-00007-of-00803_189.wav,/Users/tavantai/Developer/project_thesis_code/processed/E0/7/train-00007-of-00803_189.wav,processed,16000,1,48000,16000,1,48000,3.0,3.0,
/Users/tavantai/Developer/project_thesis_code/new_data/7/train-00007-of-00803_19.wav,/Users/tavantai/Developer/project_thesis_code/processed/E0/7/train-00007-of-00803_19.wav,processed,16000,1,48000,16000,1,48000,3.0,3.0,
/Users/tavantai/Developer/project_thesis_code/new_data/7/train-00007-of-00803_190.wav,/Users/tavantai/Developer/project_thesis_code/processed/E0/7/train-00007-of-00803_190.wav,processed,16000,1,48000,16000,1,48000,3.0,3.0,
/Users/tavantai/Developer/project_thesis_code/new_data/7/train-00007-of-00803_191.wav,/Users/tavantai/Developer/project_thesis_code/processed/E0/7/train-00007-of-00803_191.wav,processed,16000,1,48000,16000,1,48000,3.0,3.0,
/Users/tavantai/Developer/project_thesis_code/new_data/7/train-00007-of-00803_192.wav,/Users/tavantai/Developer/project_thesis_code/processed/E0/7/train-00007-of-00803_192.wav,processed,16000,1,48000,16000,1,48000,3.0,3.0,
/Users/tavantai/Developer/project_thesis_code/new_data/7/train-00007-of-00803_193.wav,/Users/tavantai/Developer/project_thesis_code/processed/E0/7/train-00007-of-00803_193.wav,processed,16000,1,48000,16000,1,48000,3.0,3.0,
/Users/tavantai/Developer/project_thesis_code/new_data/7/train-00007-of-00803_194.wav,/Users/tavantai/Developer/project_thesis_code/processed/E0/7/train-00007-of-00803_194.wav,processed,16000,1,48000,16000,1,48000,3.0,3.0,
/Users/tavantai/Developer/project_thesis_code/new_data/7/train-00007-of-00803_195.wav,/Users/tavantai/Developer/project_thesis_code/processed/E0/7/train-00007-of-00803_195.wav,processed,16000,1,48000,16000,1,48000,3.0,3.0,
/Users/tavantai/Developer/project_thesis_code/new_data/7/train-00007-of-00803_196.wav,/Users/tavantai/Developer/project_thesis_code/processed/E0/7/train-00007-of-00803_196.wav,processed,16000,1,48000,16000,1,48000,3.0,3.0,
/Users/tavantai/Developer/project_thesis_code/new_data/7/train-00007-of-00803_197.wav,/Users/tavantai/Developer/project_thesis_code/processed/E0/7/train-00007-of-00803_197.wav,processed,16000,1,48000,16000,1,48000,3.0,3.0,
/Users/tavantai/Developer/project_thesis_code/new_data/7/train-00007-of-00803_198.wav,/Users/tavantai/Developer/project_thesis_code/processed/E0/7/train-00007-of-00803_198.wav,processed,16000,1,48000,16000,1,48000,3.0,3.0,
/Users/tavantai/Developer/project_thesis_code/new_data/7/train-00007-of-00803_199.wav,/Users/tavantai/Developer/project_thesis_code/processed/E0/7/train-00007-of-00803_199.wav,processed,16000,1,48000,16000,1,48000,3.0,3.0,
/Users/tavantai/Developer/project_thesis_code/new_data/7/train-00007-of-00803_2.wav,/Users/tavantai/Developer/project_thesis_code/processed/E0/7/train-00007-of-00803_2.wav,processed,16000,1,48000,16000,1,48000,3.0,3.0,
/Users/tavantai/Developer/project_thesis_code/new_data/7/train-00007-of-00803_20.wav,/Users/tavantai/Developer/project_thesis_code/processed/E0/7/train-00007-of-00803_20.wav,processed,16000,1,48000,16000,1,48000,3.0,3.0,
/Users/tavantai/Developer/project_thesis_code/new_data/7/train-00007-of-00803_200.wav,/Users/tavantai/Developer/project_thesis_code/processed/E0/7/train-00007-of-00803_200.wav,processed,16000,1,48000,16000,1,48000,3.0,3.0,
/Users/tavantai/Developer/project_thesis_code/new_data/7/train-00007-of-00803_201.wav,/Users/tavantai/Developer/project_thesis_code/processed/E0/7/train-00007-of-00803_201.wav,processed,16000,1,48000,16000,1,48000,3.0,3.0,
/Users/tavantai/Developer/project_thesis_code/new_data/7/train-00007-of-00803_202.wav,/Users/tavantai/Developer/project_thesis_code/processed/E0/7/train-00007-of-00803_202.wav,processed,16000,1,48000,16000,1,48000,3.0,3.0,
/Users/tavantai/Developer/project_thesis_code/new_data/7/train-00007-of-00803_203.wav,/Users/tavantai/Developer/project_thesis_code/processed/E0/7/train-00007-of-00803_203.wav,processed,16000,1,48000,16000,1,48000,3.0,3.0,
/Users/tavantai/Developer/project_thesis_code/new_data/7/train-00007-of-00803_204.wav,/Users/tavantai/Developer/project_thesis_code/processed/E0/7/train-00007-of-00803_204.wav,processed,16000,1,48000,16000,1,48000,3.0,3.0,
/Users/tavantai/Developer/project_thesis_code/new_data/7/train-00007-of-00803_205.wav,/Users/tavantai/Developer/project_thesis_code/processed/E0/7/train-00007-of-00803_205.wav,processed,16000,1,48000,16000,1,48000,3.0,3.0,
/Users/tavantai/Developer/project_thesis_code/new_data/7/train-00007-of-00803_206.wav,/Users/tavantai/Developer/project_thesis_code/processed/E0/7/train-00007-of-00803_206.wav,processed,16000,1,48000,16000,1,48000,3.0,3.0,
/Users/tavantai/Developer/project_thesis_code/new_data/7/train-00007-of-00803_207.wav,/Users/tavantai/Developer/project_thesis_code/processed/E0/7/train-00007-of-00803_207.wav,processed,16000,1,48000,16000,1,48000,3.0,3.0,
/Users/tavantai/Developer/project_thesis_code/new_data/7/train-00007-of-00803_208.wav,/Users/tavantai/Developer/project_thesis_code/processed/E0/7/train-00007-of-00803_208.wav,processed,16000,1,48000,16000,1,48000,3.0,3.0,
/Users/tavantai/Developer/project_thesis_code/new_data/7/train-00007-of-00803_209.wav,/Users/tavantai/Developer/project_thesis_code/processed/E0/7/train-00007-of-00803_209.wav,processed,16000,1,48000,16000,1,48000,3.0,3.0,
/Users/tavantai/Developer/project_thesis_code/new_data/7/train-00007-of-00803_21.wav,/Users/tavantai/Developer/project_thesis_code/processed/E0/7/train-00007-of-00803_21.wav,processed,16000,1,48000,16000,1,48000,3.0,3.0,
/Users/tavantai/Developer/project_thesis_code/new_data/7/train-00007-of-00803_210.wav,/Users/tavantai/Developer/project_thesis_code/processed/E0/7/train-00007-of-00803_210.wav,processed,16000,1,48000,16000,1,48000,3.0,3.0,
/Users/tavantai/Developer/project_thesis_code/new_data/7/train-00007-of-00803_211.wav,/Users/tavantai/Developer/project_thesis_code/processed/E0/7/train-00007-of-00803_211.wav,processed,16000,1,48000,16000,1,48000,3.0,3.0,
/Users/tavantai/Developer/project_thesis_code/new_data/7/train-00007-of-00803_212.wav,/Users/tavantai/Developer/project_thesis_code/processed/E0/7/train-00007-of-00803_212.wav,processed,16000,1,48000,16000,1,48000,3.0,3.0,
/Users/tavantai/Developer/project_thesis_code/new_data/7/train-00007-of-00803_213.wav,/Users/tavantai/Developer/project_thesis_code/processed/E0/7/train-00007-of-00803_213.wav,processed,16000,1,48000,16000,1,48000,3.0,3.0,
/Users/tavantai/Developer/project_thesis_code/new_data/7/train-00007-of-00803_214.wav,/Users/tavantai/Developer/project_thesis_code/processed/E0/7/train-00007-of-00803_214.wav,processed,16000,1,48000,16000,1,48000,3.0,3.0,
/Users/tavantai/Developer/project_thesis_code/new_data/7/train-00007-of-00803_215.wav,/Users/tavantai/Developer/project_thesis_code/processed/E0/7/train-00007-of-00803_215.wav,processed,16000,1,48000,16000,1,48000,3.0,3.0,
/Users/tavantai/Developer/project_thesis_code/new_data/7/train-00007-of-00803_216.wav,/Users/tavantai/Developer/project_thesis_code/processed/E0/7/train-00007-of-00803_216.wav,processed,16000,1,48000,16000,1,48000,3.0,3.0,
/Users/tavantai/Developer/project_thesis_code/new_data/7/train-00007-of-00803_217.wav,/Users/tavantai/Developer/project_thesis_code/processed/E0/7/train-00007-of-00803_217.wav,processed,16000,1,48000,16000,1,48000,3.0,3.0,
/Users/tavantai/Developer/project_thesis_code/new_data/7/train-00007-of-00803_218.wav,/Users/tavantai/Developer/project_thesis_code/processed/E0/7/train-00007-of-00803_218.wav,processed,16000,1,48000,16000,1,48000,3.0,3.0,
/Users/tavantai/Developer/project_thesis_code/new_data/7/train-00007-of-00803_219.wav,/Users/tavantai/Developer/project_thesis_code/processed/E0/7/train-00007-of-00803_219.wav,processed,16000,1,48000,16000,1,48000,3.0,3.0,
/Users/tavantai/Developer/project_thesis_code/new_data/7/train-00007-of-00803_22.wav,/Users/tavantai/Developer/project_thesis_code/processed/E0/7/train-00007-of-00803_22.wav,processed,16000,1,48000,16000,1,48000,3.0,3.0,
/Users/tavantai/Developer/project_thesis_code/new_data/7/train-00007-of-00803_220.wav,/Users/tavantai/Developer/project_thesis_code/processed/E0/7/train-00007-of-00803_220.wav,processed,16000,1,48000,16000,1,48000,3.0,3.0,
/Users/tavantai/Developer/project_thesis_code/new_data/7/train-00007-of-00803_221.wav,/Users/tavantai/Developer/project_thesis_code/processed/E0/7/train-00007-of-00803_221.wav,processed,16000,1,48000,16000,1,48000,3.0,3.0,
/Users/tavantai/Developer/project_thesis_code/new_data/7/train-00007-of-00803_222.wav,/Users/tavantai/Developer/project_thesis_code/processed/E0/7/train-00007-of-00803_222.wav,processed,16000,1,48000,16000,1,48000,3.0,3.0,
/Users/tavantai/Developer/project_thesis_code/new_data/7/train-00007-of-00803_223.wav,/Users/tavantai/Developer/project_thesis_code/processed/E0/7/train-00007-of-00803_223.wav,processed,16000,1,48000,16000,1,48000,3.0,3.0,
/Users/tavantai/Developer/project_thesis_code/new_data/7/train-00007-of-00803_224.wav,/Users/tavantai/Developer/project_thesis_code/processed/E0/7/train-00007-of-00803_224.wav,processed,16000,1,48000,16000,1,48000,3.0,3.0,
/Users/tavantai/Developer/project_thesis_code/new_data/7/train-00007-of-00803_225.wav,/Users/tavantai/Developer/project_thesis_code/processed/E0/7/train-00007-of-00803_225.wav,processed,16000,1,48000,16000,1,48000,3.0,3.0,
/Users/tavantai/Developer/project_thesis_code/new_data/7/train-00007-of-00803_226.wav,/Users/tavantai/Developer/project_thesis_code/processed/E0/7/train-00007-of-00803_226.wav,processed,16000,1,48000,16000,1,48000,3.0,3.0,
/Users/tavantai/Developer/project_thesis_code/new_data/7/train-00007-of-00803_227.wav,/Users/tavantai/Developer/project_thesis_code/processed/E0/7/train-00007-of-00803_227.wav,processed,16000,1,48000,16000,1,48000,3.0,3.0,
/Users/tavantai/Developer/project_thesis_code/new_data/7/train-00007-of-00803_228.wav,/Users/tavantai/Developer/project_thesis_code/processed/E0/7/train-00007-of-00803_228.wav,processed,16000,1,48000,16000,1,48000,3.0,3.0,
/Users/tavantai/Developer/project_thesis_code/new_data/7/train-00007-of-00803_229.wav,/Users/tavantai/Developer/project_thesis_code/processed/E0/7/train-00007-of-00803_229.wav,processed,16000,1,48000,16000,1,48000,3.0,3.0,
/Users/tavantai/Developer/project_thesis_code/new_data/7/train-00007-of-00803_23.wav,/Users/tavantai/Developer/project_thesis_code/processed/E0/7/train-00007-of-00803_23.wav,processed,16000,1,48000,16000,1,48000,3.0,3.0,
/Users/tavantai/Developer/project_thesis_code/new_data/7/train-00007-of-00803_230.wav,/Users/tavantai/Developer/project_thesis_code/processed/E0/7/train-00007-of-00803_230.wav,processed,16000,1,48000,16000,1,48000,3.0,3.0,
/Users/tavantai/Developer/project_thesis_code/new_data/7/train-00007-of-00803_231.wav,/Users/tavantai/Developer/project_thesis_code/processed/E0/7/train-00007-of-00803_231.wav,processed,16000,1,48000,16000,1,48000,3.0,3.0,
/Users/tavantai/Developer/project_thesis_code/new_data/7/train-00007-of-00803_232.wav,/Users/tavantai/Developer/project_thesis_code/processed/E0/7/train-00007-of-00803_232.wav,processed,16000,1,48000,16000,1,48000,3.0,3.0,
/Users/tavantai/Developer/project_thesis_code/new_data/7/train-00007-of-00803_233.wav,/Users/tavantai/Developer/project_thesis_code/processed/E0/7/train-00007-of-00803_233.wav,processed,16000,1,48000,16000,1,48000,3.0,3.0,
/Users/tavantai/Developer/project_thesis_code/new_data/7/train-00007-of-00803_234.wav,/Users/tavantai/Developer/project_thesis_code/processed/E0/7/train-00007-of-00803_234.wav,processed,16000,1,48000,16000,1,48000,3.0,3.0,
/Users/tavantai/Developer/project_thesis_code/new_data/7/train-00007-of-00803_235.wav,/Users/tavantai/Developer/project_thesis_code/processed/E0/7/train-00007-of-00803_235.wav,processed,16000,1,48000,16000,1,48000,3.0,3.0,
/Users/tavantai/Developer/project_thesis_code/new_data/7/train-00007-of-00803_236.wav,/Users/tavantai/Developer/project_thesis_code/processed/E0/7/train-00007-of-00803_236.wav,processed,16000,1,48000,16000,1,48000,3.0,3.0,
/Users/tavantai/Developer/project_thesis_code/new_data/7/train-00007-of-00803_237.wav,/Users/tavantai/Developer/project_thesis_code/processed/E0/7/train-00007-of-00803_237.wav,processed,16000,1,48000,16000,1,48000,3.0,3.0,
/Users/tavantai/Developer/project_thesis_code/new_data/7/train-00007-of-00803_238.wav,/Users/tavantai/Developer/project_thesis_code/processed/E0/7/train-00007-of-00803_238.wav,processed,16000,1,48000,16000,1,48000,3.0,3.0,
/Users/tavantai/Developer/project_thesis_code/new_data/7/train-00007-of-00803_239.wav,/Users/tavantai/Developer/project_thesis_code/processed/E0/7/train-00007-of-00803_239.wav,processed,16000,1,48000,16000,1,48000,3.0,3.0,
/Users/tavantai/Developer/project_thesis_code/new_data/7/train-00007-of-00803_24.wav,/Users/tavantai/Developer/project_thesis_code/processed/E0/7/train-00007-of-00803_24.wav,processed,16000,1,48000,16000,1,48000,3.0,3.0,
/Users/tavantai/Developer/project_thesis_code/new_data/7/train-00007-of-00803_240.wav,/Users/tavantai/Developer/project_thesis_code/processed/E0/7/train-00007-of-00803_240.wav,processed,16000,1,48000,16000,1,48000,3.0,3.0,
/Users/tavantai/Developer/project_thesis_code/new_data/7/train-00007-of-00803_241.wav,/Users/tavantai/Developer/project_thesis_code/processed/E0/7/train-00007-of-00803_241.wav,processed,16000,1,48000,16000,1,48000,3.0,3.0,
/Users/tavantai/Developer/project_thesis_code/new_data/7/train-00007-of-00803_242.wav,/Users/tavantai/Developer/project_thesis_code/processed/E0/7/train-00007-of-00803_242.wav,processed,16000,1,48000,16000,1,48000,3.0,3.0,
/Users/tavantai/Developer/project_thesis_code/new_data/7/train-00007-of-00803_243.wav,/Users/tavantai/Developer/project_thesis_code/processed/E0/7/train-00007-of-00803_243.wav,processed,16000,1,48000,16000,1,48000,3.0,3.0,
/Users/tavantai/Developer/project_thesis_code/new_data/7/train-00007-of-00803_244.wav,/Users/tavantai/Developer/project_thesis_code/processed/E0/7/train-00007-of-00803_244.wav,processed,16000,1,48000,16000,1,48000,3.0,3.0,
/Users/tavantai/Developer/project_thesis_code/new_data/7/train-00007-of-00803_245.wav,/Users/tavantai/Developer/project_thesis_code/processed/E0/7/train-00007-of-00803_245.wav,processed,16000,1,48000,16000,1,48000,3.0,3.0,
/Users/tavantai/Developer/project_thesis_code/new_data/7/train-00007-of-00803_246.wav,/Users/tavantai/Developer/project_thesis_code/processed/E0/7/train-00007-of-00803_246.wav,processed,16000,1,48000,16000,1,48000,3.0,3.0,
/Users/tavantai/Developer/project_thesis_code/new_data/7/train-00007-of-00803_247.wav,/Users/tavantai/Developer/project_thesis_code/processed/E0/7/train-00007-of-00803_247.wav,processed,16000,1,48000,16000,1,48000,3.0,3.0,
/Users/tavantai/Developer/project_thesis_code/new_data/7/train-00007-of-00803_248.wav,/Users/tavantai/Developer/project_thesis_code/processed/E0/7/train-00007-of-00803_248.wav,processed,16000,1,48000,16000,1,48000,3.0,3.0,
/Users/tavantai/Developer/project_thesis_code/new_data/7/train-00007-of-00803_249.wav,/Users/tavantai/Developer/project_thesis_code/processed/E0/7/train-00007-of-00803_249.wav,processed,16000,1,48000,16000,1,48000,3.0,3.0,
/Users/tavantai/Developer/project_thesis_code/new_data/7/train-00007-of-00803_25.wav,/Users/tavantai/Developer/project_thesis_code/processed/E0/7/train-00007-of-00803_25.wav,processed,16000,1,48000,16000,1,48000,3.0,3.0,
/Users/tavantai/Developer/project_thesis_code/new_data/7/train-00007-of-00803_250.wav,/Users/tavantai/Developer/project_thesis_code/processed/E0/7/train-00007-of-00803_250.wav,processed,16000,1,48000,16000,1,48000,3.0,3.0,
/Users/tavantai/Developer/project_thesis_code/new_data/7/train-00007-of-00803_251.wav,/Users/tavantai/Developer/project_thesis_code/processed/E0/7/train-00007-of-00803_251.wav,processed,16000,1,48000,16000,1,48000,3.0,3.0,
/Users/tavantai/Developer/project_thesis_code/new_data/7/train-00007-of-00803_252.wav,/Users/tavantai/Developer/project_thesis_code/processed/E0/7/train-00007-of-00803_252.wav,processed,16000,1,48000,16000,1,48000,3.0,3.0,
/Users/tavantai/Developer/project_thesis_code/new_data/7/train-00007-of-00803_253.wav,/Users/tavantai/Developer/project_thesis_code/processed/E0/7/train-00007-of-00803_253.wav,processed,16000,1,48000,16000,1,48000,3.0,3.0,
/Users/tavantai/Developer/project_thesis_code/new_data/7/train-00007-of-00803_254.wav,/Users/tavantai/Developer/project_thesis_code/processed/E0/7/train-00007-of-00803_254.wav,processed,16000,1,48000,16000,1,48000,3.0,3.0,
/Users/tavantai/Developer/project_thesis_code/new_data/7/train-00007-of-00803_255.wav,/Users/tavantai/Developer/project_thesis_code/processed/E0/7/train-00007-of-00803_255.wav,processed,16000,1,48000,16000,1,48000,3.0,3.0,
/Users/tavantai/Developer/project_thesis_code/new_data/7/train-00007-of-00803_256.wav,/Users/tavantai/Developer/project_thesis_code/processed/E0/7/train-00007-of-00803_256.wav,processed,16000,1,48000,16000,1,48000,3.0,3.0,
/Users/tavantai/Developer/project_thesis_code/new_data/7/train-00007-of-00803_257.wav,/Users/tavantai/Developer/project_thesis_code/processed/E0/7/train-00007-of-00803_257.wav,processed,16000,1,48000,16000,1,48000,3.0,3.0,
/Users/tavantai/Developer/project_thesis_code/new_data/7/train-00007-of-00803_258.wav,/Users/tavantai/Developer/project_thesis_code/processed/E0/7/train-00007-of-00803_258.wav,processed,16000,1,48000,16000,1,48000,3.0,3.0,
/Users/tavantai/Developer/project_thesis_code/new_data/7/train-00007-of-00803_259.wav,/Users/tavantai/Developer/project_thesis_code/processed/E0/7/train-00007-of-00803_259.wav,processed,16000,1,48000,16000,1,48000,3.0,3.0,
/Users/tavantai/Developer/project_thesis_code/new_data/7/train-00007-of-00803_26.wav,/Users/tavantai/Developer/project_thesis_code/processed/E0/7/train-00007-of-00803_26.wav,processed,16000,1,48000,16000,1,48000,3.0,3.0,
/Users/tavantai/Developer/project_thesis_code/new_data/7/train-00007-of-00803_260.wav,/Users/tavantai/Developer/project_thesis_code/processed/E0/7/train-00007-of-00803_260.wav,processed,16000,1,48000,16000,1,48000,3.0,3.0,
/Users/tavantai/Developer/project_thesis_code/new_data/7/train-00007-of-00803_261.wav,/Users/tavantai/Developer/project_thesis_code/processed/E0/7/train-00007-of-00803_261.wav,processed,16000,1,48000,16000,1,48000,3.0,3.0,
/Users/tavantai/Developer/project_thesis_code/new_data/7/train-00007-of-00803_262.wav,/Users/tavantai/Developer/project_thesis_code/processed/E0/7/train-00007-of-00803_262.wav,processed,16000,1,48000,16000,1,48000,3.0,3.0,
/Users/tavantai/Developer/project_thesis_code/new_data/7/train-00007-of-00803_263.wav,/Users/tavantai/Developer/project_thesis_code/processed/E0/7/train-00007-of-00803_263.wav,processed,16000,1,48000,16000,1,48000,3.0,3.0,
/Users/tavantai/Developer/project_thesis_code/new_data/7/train-00007-of-00803_264.wav,/Users/tavantai/Developer/project_thesis_code/processed/E0/7/train-00007-of-00803_264.wav,processed,16000,1,48000,16000,1,48000,3.0,3.0,
/Users/tavantai/Developer/project_thesis_code/new_data/7/train-00007-of-00803_265.wav,/Users/tavantai/Developer/project_thesis_code/processed/E0/7/train-00007-of-00803_265.wav,processed,16000,1,48000,16000,1,48000,3.0,3.0,
/Users/tavantai/Developer/project_thesis_code/new_data/7/train-00007-of-00803_266.wav,/Users/tavantai/Developer/project_thesis_code/processed/E0/7/train-00007-of-00803_266.wav,processed,16000,1,48000,16000,1,48000,3.0,3.0,
/Users/tavantai/Developer/project_thesis_code/new_data/7/train-00007-of-00803_267.wav,/Users/tavantai/Developer/project_thesis_code/processed/E0/7/train-00007-of-00803_267.wav,processed,16000,1,48000,16000,1,48000,3.0,3.0,
/Users/tavantai/Developer/project_thesis_code/new_data/7/train-00007-of-00803_268.wav,/Users/tavantai/Developer/project_thesis_code/processed/E0/7/train-00007-of-00803_268.wav,processed,16000,1,48000,16000,1,48000,3.0,3.0,
/Users/tavantai/Developer/project_thesis_code/new_data/7/train-00007-of-00803_269.wav,/Users/tavantai/Developer/project_thesis_code/processed/E0/7/train-00007-of-00803_269.wav,processed,16000,1,48000,16000,1,48000,3.0,3.0,
/Users/tavantai/Developer/project_thesis_code/new_data/7/train-00007-of-00803_27.wav,/Users/tavantai/Developer/project_thesis_code/processed/E0/7/train-00007-of-00803_27.wav,processed,16000,1,48000,16000,1,48000,3.0,3.0,
/Users/tavantai/Developer/project_thesis_code/new_data/7/train-00007-of-00803_270.wav,/Users/tavantai/Developer/project_thesis_code/processed/E0/7/train-00007-of-00803_270.wav,processed,16000,1,48000,16000,1,48000,3.0,3.0,
/Users/tavantai/Developer/project_thesis_code/new_data/7/train-00007-of-00803_271.wav,/Users/tavantai/Developer/project_thesis_code/processed/E0/7/train-00007-of-00803_271.wav,processed,16000,1,48000,16000,1,48000,3.0,3.0,
/Users/tavantai/Developer/project_thesis_code/new_data/7/train-00007-of-00803_272.wav,/Users/tavantai/Developer/project_thesis_code/processed/E0/7/train-00007-of-00803_272.wav,processed,16000,1,48000,16000,1,48000,3.0,3.0,
/Users/tavantai/Developer/project_thesis_code/new_data/7/train-00007-of-00803_273.wav,/Users/tavantai/Developer/project_thesis_code/processed/E0/7/train-00007-of-00803_273.wav,processed,16000,1,48000,16000,1,48000,3.0,3.0,
/Users/tavantai/Developer/project_thesis_code/new_data/7/train-00007-of-00803_274.wav,/Users/tavantai/Developer/project_thesis_code/processed/E0/7/train-00007-of-00803_274.wav,processed,16000,1,48000,16000,1,48000,3.0,3.0,
/Users/tavantai/Developer/project_thesis_code/new_data/7/train-00007-of-00803_275.wav,/Users/tavantai/Developer/project_thesis_code/processed/E0/7/train-00007-of-00803_275.wav,processed,16000,1,48000,16000,1,48000,3.0,3.0,
/Users/tavantai/Developer/project_thesis_code/new_data/7/train-00007-of-00803_276.wav,/Users/tavantai/Developer/project_thesis_code/processed/E0/7/train-00007-of-00803_276.wav,processed,16000,1,48000,16000,1,48000,3.0,3.0,
/Users/tavantai/Developer/project_thesis_code/new_data/7/train-00007-of-00803_277.wav,/Users/tavantai/Developer/project_thesis_code/processed/E0/7/train-00007-of-00803_277.wav,processed,16000,1,48000,16000,1,48000,3.0,3.0,
/Users/tavantai/Developer/project_thesis_code/new_data/7/train-00007-of-00803_278.wav,/Users/tavantai/Developer/project_thesis_code/processed/E0/7/train-00007-of-00803_278.wav,processed,16000,1,48000,16000,1,48000,3.0,3.0,
/Users/tavantai/Developer/project_thesis_code/new_data/7/train-00007-of-00803_279.wav,/Users/tavantai/Developer/project_thesis_code/processed/E0/7/train-00007-of-00803_279.wav,processed,16000,1,48000,16000,1,48000,3.0,3.0,
/Users/tavantai/Developer/project_thesis_code/new_data/7/train-00007-of-00803_28.wav,/Users/tavantai/Developer/project_thesis_code/processed/E0/7/train-00007-of-00803_28.wav,processed,16000,1,48000,16000,1,48000,3.0,3.0,
/Users/tavantai/Developer/project_thesis_code/new_data/7/train-00007-of-00803_280.wav,/Users/tavantai/Developer/project_thesis_code/processed/E0/7/train-00007-of-00803_280.wav,processed,16000,1,48000,16000,1,48000,3.0,3.0,
/Users/tavantai/Developer/project_thesis_code/new_data/7/train-00007-of-00803_281.wav,/Users/tavantai/Developer/project_thesis_code/processed/E0/7/train-00007-of-00803_281.wav,processed,16000,1,48000,16000,1,48000,3.0,3.0,
/Users/tavantai/Developer/project_thesis_code/new_data/7/train-00007-of-00803_282.wav,/Users/tavantai/Developer/project_thesis_code/processed/E0/7/train-00007-of-00803_282.wav,processed,16000,1,48000,16000,1,48000,3.0,3.0,
/Users/tavantai/Developer/project_thesis_code/new_data/7/train-00007-of-00803_283.wav,/Users/tavantai/Developer/project_thesis_code/processed/E0/7/train-00007-of-00803_283.wav,processed,16000,1,48000,16000,1,48000,3.0,3.0,
/Users/tavantai/Developer/project_thesis_code/new_data/7/train-00007-of-00803_284.wav,/Users/tavantai/Developer/project_thesis_code/processed/E0/7/train-00007-of-00803_284.wav,processed,16000,1,48000,16000,1,48000,3.0,3.0,
/Users/tavantai/Developer/project_thesis_code/new_data/7/train-00007-of-00803_285.wav,/Users/tavantai/Developer/project_thesis_code/processed/E0/7/train-00007-of-00803_285.wav,processed,16000,1,48000,16000,1,48000,3.0,3.0,
/Users/tavantai/Developer/project_thesis_code/new_data/7/train-00007-of-00803_286.wav,/Users/tavantai/Developer/project_thesis_code/processed/E0/7/train-00007-of-00803_286.wav,processed,16000,1,48000,16000,1,48000,3.0,3.0,
/Users/tavantai/Developer/project_thesis_code/new_data/7/train-00007-of-00803_287.wav,/Users/tavantai/Developer/project_thesis_code/processed/E0/7/train-00007-of-00803_287.wav,processed,16000,1,48000,16000,1,48000,3.0,3.0,
/Users/tavantai/Developer/project_thesis_code/new_data/7/train-00007-of-00803_288.wav,/Users/tavantai/Developer/project_thesis_code/processed/E0/7/train-00007-of-00803_288.wav,processed,16000,1,48000,16000,1,48000,3.0,3.0,
/Users/tavantai/Developer/project_thesis_code/new_data/7/train-00007-of-00803_289.wav,/Users/tavantai/Developer/project_thesis_code/processed/E0/7/train-00007-of-00803_289.wav,processed,16000,1,48000,16000,1,48000,3.0,3.0,
/Users/tavantai/Developer/project_thesis_code/new_data/7/train-00007-of-00803_29.wav,/Users/tavantai/Developer/project_thesis_code/processed/E0/7/train-00007-of-00803_29.wav,processed,16000,1,48000,16000,1,48000,3.0,3.0,
/Users/tavantai/Developer/project_thesis_code/new_data/7/train-00007-of-00803_290.wav,/Users/tavantai/Developer/project_thesis_code/processed/E0/7/train-00007-of-00803_290.wav,processed,16000,1,48000,16000,1,48000,3.0,3.0,
/Users/tavantai/Developer/project_thesis_code/new_data/7/train-00007-of-00803_291.wav,/Users/tavantai/Developer/project_thesis_code/processed/E0/7/train-00007-of-00803_291.wav,processed,16000,1,48000,16000,1,48000,3.0,3.0,
/Users/tavantai/Developer/project_thesis_code/new_data/7/train-00007-of-00803_292.wav,/Users/tavantai/Developer/project_thesis_code/processed/E0/7/train-00007-of-00803_292.wav,processed,16000,1,48000,16000,1,48000,3.0,3.0,
/Users/tavantai/Developer/project_thesis_code/new_data/7/train-00007-of-00803_293.wav,/Users/tavantai/Developer/project_thesis_code/processed/E0/7/train-00007-of-00803_293.wav,processed,16000,1,48000,16000,1,48000,3.0,3.0,
/Users/tavantai/Developer/project_thesis_code/new_data/7/train-00007-of-00803_294.wav,/Users/tavantai/Developer/project_thesis_code/processed/E0/7/train-00007-of-00803_294.wav,processed,16000,1,48000,16000,1,48000,3.0,3.0,
/Users/tavantai/Developer/project_thesis_code/new_data/7/train-00007-of-00803_295.wav,/Users/tavantai/Developer/project_thesis_code/processed/E0/7/train-00007-of-00803_295.wav,processed,16000,1,48000,16000,1,48000,3.0,3.0,
/Users/tavantai/Developer/project_thesis_code/new_data/7/train-00007-of-00803_296.wav,/Users/tavantai/Developer/project_thesis_code/processed/E0/7/train-00007-of-00803_296.wav,processed,16000,1,48000,16000,1,48000,3.0,3.0,
/Users/tavantai/Developer/project_thesis_code/new_data/7/train-00007-of-00803_297.wav,/Users/tavantai/Developer/project_thesis_code/processed/E0/7/train-00007-of-00803_297.wav,processed,16000,1,48000,16000,1,48000,3.0,3.0,
/Users/tavantai/Developer/project_thesis_code/new_data/7/train-00007-of-00803_298.wav,/Users/tavantai/Developer/project_thesis_code/processed/E0/7/train-00007-of-00803_298.wav,processed,16000,1,48000,16000,1,48000,3.0,3.0,
/Users/tavantai/Developer/project_thesis_code/new_data/7/train-00007-of-00803_299.wav,/Users/tavantai/Developer/project_thesis_code/processed/E0/7/train-00007-of-00803_299.wav,processed,16000,1,48000,16000,1,48000,3.0,3.0,
/Users/tavantai/Developer/project_thesis_code/new_data/7/train-00007-of-00803_3.wav,/Users/tavantai/Developer/project_thesis_code/processed/E0/7/train-00007-of-00803_3.wav,processed,16000,1,48000,16000,1,48000,3.0,3.0,
/Users/tavantai/Developer/project_thesis_code/new_data/7/train-00007-of-00803_30.wav,/Users/tavantai/Developer/project_thesis_code/processed/E0/7/train-00007-of-00803_30.wav,processed,16000,1,48000,16000,1,48000,3.0,3.0,
/Users/tavantai/Developer/project_thesis_code/new_data/7/train-00007-of-00803_300.wav,/Users/tavantai/Developer/project_thesis_code/processed/E0/7/train-00007-of-00803_300.wav,processed,16000,1,48000,16000,1,48000,3.0,3.0,
/Users/tavantai/Developer/project_thesis_code/new_data/7/train-00007-of-00803_301.wav,/Users/tavantai/Developer/project_thesis_code/processed/E0/7/train-00007-of-00803_301.wav,processed,16000,1,48000,16000,1,48000,3.0,3.0,
/Users/tavantai/Developer/project_thesis_code/new_data/7/train-00007-of-00803_302.wav,/Users/tavantai/Developer/project_thesis_code/processed/E0/7/train-00007-of-00803_302.wav,processed,16000,1,48000,16000,1,48000,3.0,3.0,
/Users/tavantai/Developer/project_thesis_code/new_data/7/train-00007-of-00803_303.wav,/Users/tavantai/Developer/project_thesis_code/processed/E0/7/train-00007-of-00803_303.wav,processed,16000,1,48000,16000,1,48000,3.0,3.0,
/Users/tavantai/Developer/project_thesis_code/new_data/7/train-00007-of-00803_304.wav,/Users/tavantai/Developer/project_thesis_code/processed/E0/7/train-00007-of-00803_304.wav,processed,16000,1,48000,16000,1,48000,3.0,3.0,
/Users/tavantai/Developer/project_thesis_code/new_data/7/train-00007-of-00803_305.wav,/Users/tavantai/Developer/project_thesis_code/processed/E0/7/train-00007-of-00803_305.wav,processed,16000,1,48000,16000,1,48000,3.0,3.0,
/Users/tavantai/Developer/project_thesis_code/new_data/7/train-00007-of-00803_306.wav,/Users/tavantai/Developer/project_thesis_code/processed/E0/7/train-00007-of-00803_306.wav,processed,16000,1,48000,16000,1,48000,3.0,3.0,
/Users/tavantai/Developer/project_thesis_code/new_data/7/train-00007-of-00803_307.wav,/Users/tavantai/Developer/project_thesis_code/processed/E0/7/train-00007-of-00803_307.wav,processed,16000,1,48000,16000,1,48000,3.0,3.0,
/Users/tavantai/Developer/project_thesis_code/new_data/7/train-00007-of-00803_308.wav,/Users/tavantai/Developer/project_thesis_code/processed/E0/7/train-00007-of-00803_308.wav,processed,16000,1,48000,16000,1,48000,3.0,3.0,
/Users/tavantai/Developer/project_thesis_code/new_data/7/train-00007-of-00803_309.wav,/Users/tavantai/Developer/project_thesis_code/processed/E0/7/train-00007-of-00803_309.wav,processed,16000,1,48000,16000,1,48000,3.0,3.0,
/Users/tavantai/Developer/project_thesis_code/new_data/7/train-00007-of-00803_31.wav,/Users/tavantai/Developer/project_thesis_code/processed/E0/7/train-00007-of-00803_31.wav,processed,16000,1,48000,16000,1,48000,3.0,3.0,
/Users/tavantai/Developer/project_thesis_code/new_data/7/train-00007-of-00803_310.wav,/Users/tavantai/Developer/project_thesis_code/processed/E0/7/train-00007-of-00803_310.wav,processed,16000,1,48000,16000,1,48000,3.0,3.0,
/Users/tavantai/Developer/project_thesis_code/new_data/7/train-00007-of-00803_311.wav,/Users/tavantai/Developer/project_thesis_code/processed/E0/7/train-00007-of-00803_311.wav,processed,16000,1,48000,16000,1,48000,3.0,3.0,
/Users/tavantai/Developer/project_thesis_code/new_data/7/train-00007-of-00803_312.wav,/Users/tavantai/Developer/project_thesis_code/processed/E0/7/train-00007-of-00803_312.wav,processed,16000,1,48000,16000,1,48000,3.0,3.0,
/Users/tavantai/Developer/project_thesis_code/new_data/7/train-00007-of-00803_313.wav,/Users/tavantai/Developer/project_thesis_code/processed/E0/7/train-00007-of-00803_313.wav,processed,16000,1,48000,16000,1,48000,3.0,3.0,
/Users/tavantai/Developer/project_thesis_code/new_data/7/train-00007-of-00803_314.wav,/Users/tavantai/Developer/project_thesis_code/processed/E0/7/train-00007-of-00803_314.wav,processed,16000,1,48000,16000,1,48000,3.0,3.0,
/Users/tavantai/Developer/project_thesis_code/new_data/7/train-00007-of-00803_315.wav,/Users/tavantai/Developer/project_thesis_code/processed/E0/7/train-00007-of-00803_315.wav,processed,16000,1,48000,16000,1,48000,3.0,3.0,
/Users/tavantai/Developer/project_thesis_code/new_data/7/train-00007-of-00803_316.wav,/Users/tavantai/Developer/project_thesis_code/processed/E0/7/train-00007-of-00803_316.wav,processed,16000,1,48000,16000,1,48000,3.0,3.0,
/Users/tavantai/Developer/project_thesis_code/new_data/7/train-00007-of-00803_317.wav,/Users/tavantai/Developer/project_thesis_code/processed/E0/7/train-00007-of-00803_317.wav,processed,16000,1,48000,16000,1,48000,3.0,3.0,
/Users/tavantai/Developer/project_thesis_code/new_data/7/train-00007-of-00803_318.wav,/Users/tavantai/Developer/project_thesis_code/processed/E0/7/train-00007-of-00803_318.wav,processed,16000,1,48000,16000,1,48000,3.0,3.0,
/Users/tavantai/Developer/project_thesis_code/new_data/7/train-00007-of-00803_319.wav,/Users/tavantai/Developer/project_thesis_code/processed/E0/7/train-00007-of-00803_319.wav,processed,16000,1,48000,16000,1,48000,3.0,3.0,
/Users/tavantai/Developer/project_thesis_code/new_data/7/train-00007-of-00803_32.wav,/Users/tavantai/Developer/project_thesis_code/processed/E0/7/train-00007-of-00803_32.wav,processed,16000,1,48000,16000,1,48000,3.0,3.0,
/Users/tavantai/Developer/project_thesis_code/new_data/7/train-00007-of-00803_320.wav,/Users/tavantai/Developer/project_thesis_code/processed/E0/7/train-00007-of-00803_320.wav,processed,16000,1,48000,16000,1,48000,3.0,3.0,
/Users/tavantai/Developer/project_thesis_code/new_data/7/train-00007-of-00803_321.wav,/Users/tavantai/Developer/project_thesis_code/processed/E0/7/train-00007-of-00803_321.wav,processed,16000,1,48000,16000,1,48000,3.0,3.0,
/Users/tavantai/Developer/project_thesis_code/new_data/7/train-00007-of-00803_322.wav,/Users/tavantai/Developer/project_thesis_code/processed/E0/7/train-00007-of-00803_322.wav,processed,16000,1,48000,16000,1,48000,3.0,3.0,
/Users/tavantai/Developer/project_thesis_code/new_data/7/train-00007-of-00803_323.wav,/Users/tavantai/Developer/project_thesis_code/processed/E0/7/train-00007-of-00803_323.wav,processed,16000,1,48000,16000,1,48000,3.0,3.0,
/Users/tavantai/Developer/project_thesis_code/new_data/7/train-00007-of-00803_324.wav,/Users/tavantai/Developer/project_thesis_code/processed/E0/7/train-00007-of-00803_324.wav,processed,16000,1,48000,16000,1,48000,3.0,3.0,
/Users/tavantai/Developer/project_thesis_code/new_data/7/train-00007-of-00803_325.wav,/Users/tavantai/Developer/project_thesis_code/processed/E0/7/train-00007-of-00803_325.wav,processed,16000,1,48000,16000,1,48000,3.0,3.0,
/Users/tavantai/Developer/project_thesis_code/new_data/7/train-00007-of-00803_326.wav,/Users/tavantai/Developer/project_thesis_code/processed/E0/7/train-00007-of-00803_326.wav,processed,16000,1,48000,16000,1,48000,3.0,3.0,
/Users/tavantai/Developer/project_thesis_code/new_data/7/train-00007-of-00803_327.wav,/Users/tavantai/Developer/project_thesis_code/processed/E0/7/train-00007-of-00803_327.wav,processed,16000,1,48000,16000,1,48000,3.0,3.0,
/Users/tavantai/Developer/project_thesis_code/new_data/7/train-00007-of-00803_328.wav,/Users/tavantai/Developer/project_thesis_code/processed/E0/7/train-00007-of-00803_328.wav,processed,16000,1,48000,16000,1,48000,3.0,3.0,
/Users/tavantai/Developer/project_thesis_code/new_data/7/train-00007-of-00803_329.wav,/Users/tavantai/Developer/project_thesis_code/processed/E0/7/train-00007-of-00803_329.wav,processed,16000,1,48000,16000,1,48000,3.0,3.0,
/Users/tavantai/Developer/project_thesis_code/new_data/7/train-00007-of-00803_33.wav,/Users/tavantai/Developer/project_thesis_code/processed/E0/7/train-00007-of-00803_33.wav,processed,16000,1,48000,16000,1,48000,3.0,3.0,
/Users/tavantai/Developer/project_thesis_code/new_data/7/train-00007-of-00803_330.wav,/Users/tavantai/Developer/project_thesis_code/processed/E0/7/train-00007-of-00803_330.wav,processed,16000,1,48000,16000,1,48000,3.0,3.0,
/Users/tavantai/Developer/project_thesis_code/new_data/7/train-00007-of-00803_331.wav,/Users/tavantai/Developer/project_thesis_code/processed/E0/7/train-00007-of-00803_331.wav,processed,16000,1,48000,16000,1,48000,3.0,3.0,
/Users/tavantai/Developer/project_thesis_code/new_data/7/train-00007-of-00803_332.wav,/Users/tavantai/Developer/project_thesis_code/processed/E0/7/train-00007-of-00803_332.wav,processed,16000,1,48000,16000,1,48000,3.0,3.0,
/Users/tavantai/Developer/project_thesis_code/new_data/7/train-00007-of-00803_333.wav,/Users/tavantai/Developer/project_thesis_code/processed/E0/7/train-00007-of-00803_333.wav,processed,16000,1,48000,16000,1,48000,3.0,3.0,
/Users/tavantai/Developer/project_thesis_code/new_data/7/train-00007-of-00803_334.wav,/Users/tavantai/Developer/project_thesis_code/processed/E0/7/train-00007-of-00803_334.wav,processed,16000,1,48000,16000,1,48000,3.0,3.0,
/Users/tavantai/Developer/project_thesis_code/new_data/7/train-00007-of-00803_335.wav,/Users/tavantai/Developer/project_thesis_code/processed/E0/7/train-00007-of-00803_335.wav,processed,16000,1,48000,16000,1,48000,3.0,3.0,
/Users/tavantai/Developer/project_thesis_code/new_data/7/train-00007-of-00803_336.wav,/Users/tavantai/Developer/project_thesis_code/processed/E0/7/train-00007-of-00803_336.wav,processed,16000,1,48000,16000,1,48000,3.0,3.0,
/Users/tavantai/Developer/project_thesis_code/new_data/7/train-00007-of-00803_337.wav,/Users/tavantai/Developer/project_thesis_code/processed/E0/7/train-00007-of-00803_337.wav,processed,16000,1,48000,16000,1,48000,3.0,3.0,
/Users/tavantai/Developer/project_thesis_code/new_data/7/train-00007-of-00803_338.wav,/Users/tavantai/Developer/project_thesis_code/processed/E0/7/train-00007-of-00803_338.wav,processed,16000,1,48000,16000,1,48000,3.0,3.0,
/Users/tavantai/Developer/project_thesis_code/new_data/7/train-00007-of-00803_339.wav,/Users/tavantai/Developer/project_thesis_code/processed/E0/7/train-00007-of-00803_339.wav,processed,16000,1,48000,16000,1,48000,3.0,3.0,
/Users/tavantai/Developer/project_thesis_code/new_data/7/train-00007-of-00803_34.wav,/Users/tavantai/Developer/project_thesis_code/processed/E0/7/train-00007-of-00803_34.wav,processed,16000,1,48000,16000,1,48000,3.0,3.0,
/Users/tavantai/Developer/project_thesis_code/new_data/7/train-00007-of-00803_340.wav,/Users/tavantai/Developer/project_thesis_code/processed/E0/7/train-00007-of-00803_340.wav,processed,16000,1,48000,16000,1,48000,3.0,3.0,
/Users/tavantai/Developer/project_thesis_code/new_data/7/train-00007-of-00803_341.wav,/Users/tavantai/Developer/project_thesis_code/processed/E0/7/train-00007-of-00803_341.wav,processed,16000,1,48000,16000,1,48000,3.0,3.0,
/Users/tavantai/Developer/project_thesis_code/new_data/7/train-00007-of-00803_342.wav,/Users/tavantai/Developer/project_thesis_code/processed/E0/7/train-00007-of-00803_342.wav,processed,16000,1,48000,16000,1,48000,3.0,3.0,
/Users/tavantai/Developer/project_thesis_code/new_data/7/train-00007-of-00803_343.wav,/Users/tavantai/Developer/project_thesis_code/processed/E0/7/train-00007-of-00803_343.wav,processed,16000,1,48000,16000,1,48000,3.0,3.0,
/Users/tavantai/Developer/project_thesis_code/new_data/7/train-00007-of-00803_344.wav,/Users/tavantai/Developer/project_thesis_code/processed/E0/7/train-00007-of-00803_344.wav,processed,16000,1,48000,16000,1,48000,3.0,3.0,
/Users/tavantai/Developer/project_thesis_code/new_data/7/train-00007-of-00803_345.wav,/Users/tavantai/Developer/project_thesis_code/processed/E0/7/train-00007-of-00803_345.wav,processed,16000,1,48000,16000,1,48000,3.0,3.0,
/Users/tavantai/Developer/project_thesis_code/new_data/7/train-00007-of-00803_346.wav,/Users/tavantai/Developer/project_thesis_code/processed/E0/7/train-00007-of-00803_346.wav,processed,16000,1,48000,16000,1,48000,3.0,3.0,
/Users/tavantai/Developer/project_thesis_code/new_data/7/train-00007-of-00803_347.wav,/Users/tavantai/Developer/project_thesis_code/processed/E0/7/train-00007-of-00803_347.wav,processed,16000,1,48000,16000,1,48000,3.0,3.0,
/Users/tavantai/Developer/project_thesis_code/new_data/7/train-00007-of-00803_348.wav,/Users/tavantai/Developer/project_thesis_code/processed/E0/7/train-00007-of-00803_348.wav,processed,16000,1,48000,16000,1,48000,3.0,3.0,
/Users/tavantai/Developer/project_thesis_code/new_data/7/train-00007-of-00803_349.wav,/Users/tavantai/Developer/project_thesis_code/processed/E0/7/train-00007-of-00803_349.wav,processed,16000,1,48000,16000,1,48000,3.0,3.0,
/Users/tavantai/Developer/project_thesis_code/new_data/7/train-00007-of-00803_35.wav,/Users/tavantai/Developer/project_thesis_code/processed/E0/7/train-00007-of-00803_35.wav,processed,16000,1,48000,16000,1,48000,3.0,3.0,
/Users/tavantai/Developer/project_thesis_code/new_data/7/train-00007-of-00803_350.wav,/Users/tavantai/Developer/project_thesis_code/processed/E0/7/train-00007-of-00803_350.wav,processed,16000,1,48000,16000,1,48000,3.0,3.0,
/Users/tavantai/Developer/project_thesis_code/new_data/7/train-00007-of-00803_351.wav,/Users/tavantai/Developer/project_thesis_code/processed/E0/7/train-00007-of-00803_351.wav,processed,16000,1,48000,16000,1,48000,3.0,3.0,
/Users/tavantai/Developer/project_thesis_code/new_data/7/train-00007-of-00803_352.wav,/Users/tavantai/Developer/project_thesis_code/processed/E0/7/train-00007-of-00803_352.wav,processed,16000,1,48000,16000,1,48000,3.0,3.0,
/Users/tavantai/Developer/project_thesis_code/new_data/7/train-00007-of-00803_353.wav,/Users/tavantai/Developer/project_thesis_code/processed/E0/7/train-00007-of-00803_353.wav,processed,16000,1,48000,16000,1,48000,3.0,3.0,
/Users/tavantai/Developer/project_thesis_code/new_data/7/train-00007-of-00803_354.wav,/Users/tavantai/Developer/project_thesis_code/processed/E0/7/train-00007-of-00803_354.wav,processed,16000,1,48000,16000,1,48000,3.0,3.0,
/Users/tavantai/Developer/project_thesis_code/new_data/7/train-00007-of-00803_355.wav,/Users/tavantai/Developer/project_thesis_code/processed/E0/7/train-00007-of-00803_355.wav,processed,16000,1,48000,16000,1,48000,3.0,3.0,
/Users/tavantai/Developer/project_thesis_code/new_data/7/train-00007-of-00803_356.wav,/Users/tavantai/Developer/project_thesis_code/processed/E0/7/train-00007-of-00803_356.wav,processed,16000,1,48000,16000,1,48000,3.0,3.0,
/Users/tavantai/Developer/project_thesis_code/new_data/7/train-00007-of-00803_357.wav,/Users/tavantai/Developer/project_thesis_code/processed/E0/7/train-00007-of-00803_357.wav,processed,16000,1,48000,16000,1,48000,3.0,3.0,
/Users/tavantai/Developer/project_thesis_code/new_data/7/train-00007-of-00803_358.wav,/Users/tavantai/Developer/project_thesis_code/processed/E0/7/train-00007-of-00803_358.wav,processed,16000,1,48000,16000,1,48000,3.0,3.0,
/Users/tavantai/Developer/project_thesis_code/new_data/7/train-00007-of-00803_359.wav,/Users/tavantai/Developer/project_thesis_code/processed/E0/7/train-00007-of-00803_359.wav,processed,16000,1,48000,16000,1,48000,3.0,3.0,
/Users/tavantai/Developer/project_thesis_code/new_data/7/train-00007-of-00803_36.wav,/Users/tavantai/Developer/project_thesis_code/processed/E0/7/train-00007-of-00803_36.wav,processed,16000,1,48000,16000,1,48000,3.0,3.0,
/Users/tavantai/Developer/project_thesis_code/new_data/7/train-00007-of-00803_360.wav,/Users/tavantai/Developer/project_thesis_code/processed/E0/7/train-00007-of-00803_360.wav,processed,16000,1,48000,16000,1,48000,3.0,3.0,
/Users/tavantai/Developer/project_thesis_code/new_data/7/train-00007-of-00803_361.wav,/Users/tavantai/Developer/project_thesis_code/processed/E0/7/train-00007-of-00803_361.wav,processed,16000,1,48000,16000,1,48000,3.0,3.0,
/Users/tavantai/Developer/project_thesis_code/new_data/7/train-00007-of-00803_362.wav,/Users/tavantai/Developer/project_thesis_code/processed/E0/7/train-00007-of-00803_362.wav,processed,16000,1,48000,16000,1,48000,3.0,3.0,
/Users/tavantai/Developer/project_thesis_code/new_data/7/train-00007-of-00803_363.wav,/Users/tavantai/Developer/project_thesis_code/processed/E0/7/train-00007-of-00803_363.wav,processed,16000,1,48000,16000,1,48000,3.0,3.0,
/Users/tavantai/Developer/project_thesis_code/new_data/7/train-00007-of-00803_364.wav,/Users/tavantai/Developer/project_thesis_code/processed/E0/7/train-00007-of-00803_364.wav,processed,16000,1,48000,16000,1,48000,3.0,3.0,
/Users/tavantai/Developer/project_thesis_code/new_data/7/train-00007-of-00803_365.wav,/Users/tavantai/Developer/project_thesis_code/processed/E0/7/train-00007-of-00803_365.wav,processed,16000,1,48000,16000,1,48000,3.0,3.0,
/Users/tavantai/Developer/project_thesis_code/new_data/7/train-00007-of-00803_366.wav,/Users/tavantai/Developer/project_thesis_code/processed/E0/7/train-00007-of-00803_366.wav,processed,16000,1,48000,16000,1,48000,3.0,3.0,
/Users/tavantai/Developer/project_thesis_code/new_data/7/train-00007-of-00803_367.wav,/Users/tavantai/Developer/project_thesis_code/processed/E0/7/train-00007-of-00803_367.wav,processed,16000,1,48000,16000,1,48000,3.0,3.0,
/Users/tavantai/Developer/project_thesis_code/new_data/7/train-00007-of-00803_368.wav,/Users/tavantai/Developer/project_thesis_code/processed/E0/7/train-00007-of-00803_368.wav,processed,16000,1,48000,16000,1,48000,3.0,3.0,
/Users/tavantai/Developer/project_thesis_code/new_data/7/train-00007-of-00803_369.wav,/Users/tavantai/Developer/project_thesis_code/processed/E0/7/train-00007-of-00803_369.wav,processed,16000,1,48000,16000,1,48000,3.0,3.0,
/Users/tavantai/Developer/project_thesis_code/new_data/7/train-00007-of-00803_37.wav,/Users/tavantai/Developer/project_thesis_code/processed/E0/7/train-00007-of-00803_37.wav,processed,16000,1,48000,16000,1,48000,3.0,3.0,
/Users/tavantai/Developer/project_thesis_code/new_data/7/train-00007-of-00803_370.wav,/Users/tavantai/Developer/project_thesis_code/processed/E0/7/train-00007-of-00803_370.wav,processed,16000,1,48000,16000,1,48000,3.0,3.0,
/Users/tavantai/Developer/project_thesis_code/new_data/7/train-00007-of-00803_371.wav,/Users/tavantai/Developer/project_thesis_code/processed/E0/7/train-00007-of-00803_371.wav,processed,16000,1,48000,16000,1,48000,3.0,3.0,
/Users/tavantai/Developer/project_thesis_code/new_data/7/train-00007-of-00803_372.wav,/Users/tavantai/Developer/project_thesis_code/processed/E0/7/train-00007-of-00803_372.wav,processed,16000,1,48000,16000,1,48000,3.0,3.0,
/Users/tavantai/Developer/project_thesis_code/new_data/7/train-00007-of-00803_373.wav,/Users/tavantai/Developer/project_thesis_code/processed/E0/7/train-00007-of-00803_373.wav,processed,16000,1,48000,16000,1,48000,3.0,3.0,
/Users/tavantai/Developer/project_thesis_code/new_data/7/train-00007-of-00803_374.wav,/Users/tavantai/Developer/project_thesis_code/processed/E0/7/train-00007-of-00803_374.wav,processed,16000,1,48000,16000,1,48000,3.0,3.0,
/Users/tavantai/Developer/project_thesis_code/new_data/7/train-00007-of-00803_375.wav,/Users/tavantai/Developer/project_thesis_code/processed/E0/7/train-00007-of-00803_375.wav,processed,16000,1,48000,16000,1,48000,3.0,3.0,
/Users/tavantai/Developer/project_thesis_code/new_data/7/train-00007-of-00803_376.wav,/Users/tavantai/Developer/project_thesis_code/processed/E0/7/train-00007-of-00803_376.wav,processed,16000,1,48000,16000,1,48000,3.0,3.0,
/Users/tavantai/Developer/project_thesis_code/new_data/7/train-00007-of-00803_377.wav,/Users/tavantai/Developer/project_thesis_code/processed/E0/7/train-00007-of-00803_377.wav,processed,16000,1,48000,16000,1,48000,3.0,3.0,
/Users/tavantai/Developer/project_thesis_code/new_data/7/train-00007-of-00803_378.wav,/Users/tavantai/Developer/project_thesis_code/processed/E0/7/train-00007-of-00803_378.wav,processed,16000,1,48000,16000,1,48000,3.0,3.0,
/Users/tavantai/Developer/project_thesis_code/new_data/7/train-00007-of-00803_379.wav,/Users/tavantai/Developer/project_thesis_code/processed/E0/7/train-00007-of-00803_379.wav,processed,16000,1,48000,16000,1,48000,3.0,3.0,
/Users/tavantai/Developer/project_thesis_code/new_data/7/train-00007-of-00803_38.wav,/Users/tavantai/Developer/project_thesis_code/processed/E0/7/train-00007-of-00803_38.wav,processed,16000,1,48000,16000,1,48000,3.0,3.0,
/Users/tavantai/Developer/project_thesis_code/new_data/7/train-00007-of-00803_380.wav,/Users/tavantai/Developer/project_thesis_code/processed/E0/7/train-00007-of-00803_380.wav,processed,16000,1,48000,16000,1,48000,3.0,3.0,
/Users/tavantai/Developer/project_thesis_code/new_data/7/train-00007-of-00803_381.wav,/Users/tavantai/Developer/project_thesis_code/processed/E0/7/train-00007-of-00803_381.wav,processed,16000,1,48000,16000,1,48000,3.0,3.0,
/Users/tavantai/Developer/project_thesis_code/new_data/7/train-00007-of-00803_382.wav,/Users/tavantai/Developer/project_thesis_code/processed/E0/7/train-00007-of-00803_382.wav,processed,16000,1,48000,16000,1,48000,3.0,3.0,
/Users/tavantai/Developer/project_thesis_code/new_data/7/train-00007-of-00803_383.wav,/Users/tavantai/Developer/project_thesis_code/processed/E0/7/train-00007-of-00803_383.wav,processed,16000,1,48000,16000,1,48000,3.0,3.0,
/Users/tavantai/Developer/project_thesis_code/new_data/7/train-00007-of-00803_384.wav,/Users/tavantai/Developer/project_thesis_code/processed/E0/7/train-00007-of-00803_384.wav,processed,16000,1,48000,16000,1,48000,3.0,3.0,
/Users/tavantai/Developer/project_thesis_code/new_data/7/train-00007-of-00803_385.wav,/Users/tavantai/Developer/project_thesis_code/processed/E0/7/train-00007-of-00803_385.wav,processed,16000,1,48000,16000,1,48000,3.0,3.0,
/Users/tavantai/Developer/project_thesis_code/new_data/7/train-00007-of-00803_386.wav,/Users/tavantai/Developer/project_thesis_code/processed/E0/7/train-00007-of-00803_386.wav,processed,16000,1,48000,16000,1,48000,3.0,3.0,
/Users/tavantai/Developer/project_thesis_code/new_data/7/train-00007-of-00803_387.wav,/Users/tavantai/Developer/project_thesis_code/processed/E0/7/train-00007-of-00803_387.wav,processed,16000,1,48000,16000,1,48000,3.0,3.0,
/Users/tavantai/Developer/project_thesis_code/new_data/7/train-00007-of-00803_388.wav,/Users/tavantai/Developer/project_thesis_code/processed/E0/7/train-00007-of-00803_388.wav,processed,16000,1,48000,16000,1,48000,3.0,3.0,
/Users/tavantai/Developer/project_thesis_code/new_data/7/train-00007-of-00803_389.wav,/Users/tavantai/Developer/project_thesis_code/processed/E0/7/train-00007-of-00803_389.wav,processed,16000,1,48000,16000,1,48000,3.0,3.0,
/Users/tavantai/Developer/project_thesis_code/new_data/7/train-00007-of-00803_39.wav,/Users/tavantai/Developer/project_thesis_code/processed/E0/7/train-00007-of-00803_39.wav,processed,16000,1,48000,16000,1,48000,3.0,3.0,
/Users/tavantai/Developer/project_thesis_code/new_data/7/train-00007-of-00803_390.wav,/Users/tavantai/Developer/project_thesis_code/processed/E0/7/train-00007-of-00803_390.wav,processed,16000,1,48000,16000,1,48000,3.0,3.0,
/Users/tavantai/Developer/project_thesis_code/new_data/7/train-00007-of-00803_391.wav,/Users/tavantai/Developer/project_thesis_code/processed/E0/7/train-00007-of-00803_391.wav,processed,16000,1,48000,16000,1,48000,3.0,3.0,
/Users/tavantai/Developer/project_thesis_code/new_data/7/train-00007-of-00803_392.wav,/Users/tavantai/Developer/project_thesis_code/processed/E0/7/train-00007-of-00803_392.wav,processed,16000,1,48000,16000,1,48000,3.0,3.0,
/Users/tavantai/Developer/project_thesis_code/new_data/7/train-00007-of-00803_393.wav,/Users/tavantai/Developer/project_thesis_code/processed/E0/7/train-00007-of-00803_393.wav,processed,16000,1,48000,16000,1,48000,3.0,3.0,
/Users/tavantai/Developer/project_thesis_code/new_data/7/train-00007-of-00803_394.wav,/Users/tavantai/Developer/project_thesis_code/processed/E0/7/train-00007-of-00803_394.wav,processed,16000,1,48000,16000,1,48000,3.0,3.0,
/Users/tavantai/Developer/project_thesis_code/new_data/7/train-00007-of-00803_395.wav,/Users/tavantai/Developer/project_thesis_code/processed/E0/7/train-00007-of-00803_395.wav,processed,16000,1,48000,16000,1,48000,3.0,3.0,
/Users/tavantai/Developer/project_thesis_code/new_data/7/train-00007-of-00803_396.wav,/Users/tavantai/Developer/project_thesis_code/processed/E0/7/train-00007-of-00803_396.wav,processed,16000,1,48000,16000,1,48000,3.0,3.0,
/Users/tavantai/Developer/project_thesis_code/new_data/7/train-00007-of-00803_397.wav,/Users/tavantai/Developer/project_thesis_code/processed/E0/7/train-00007-of-00803_397.wav,processed,16000,1,48000,16000,1,48000,3.0,3.0,
/Users/tavantai/Developer/project_thesis_code/new_data/7/train-00007-of-00803_398.wav,/Users/tavantai/Developer/project_thesis_code/processed/E0/7/train-00007-of-00803_398.wav,processed,16000,1,48000,16000,1,48000,3.0,3.0,
/Users/tavantai/Developer/project_thesis_code/new_data/7/train-00007-of-00803_399.wav,/Users/tavantai/Developer/project_thesis_code/processed/E0/7/train-00007-of-00803_399.wav,processed,16000,1,48000,16000,1,48000,3.0,3.0,
/Users/tavantai/Developer/project_thesis_code/new_data/7/train-00007-of-00803_4.wav,/Users/tavantai/Developer/project_thesis_code/processed/E0/7/train-00007-of-00803_4.wav,processed,16000,1,48000,16000,1,48000,3.0,3.0,
/Users/tavantai/Developer/project_thesis_code/new_data/7/train-00007-of-00803_40.wav,/Users/tavantai/Developer/project_thesis_code/processed/E0/7/train-00007-of-00803_40.wav,processed,16000,1,48000,16000,1,48000,3.0,3.0,
/Users/tavantai/Developer/project_thesis_code/new_data/7/train-00007-of-00803_400.wav,/Users/tavantai/Developer/project_thesis_code/processed/E0/7/train-00007-of-00803_400.wav,processed,16000,1,48000,16000,1,48000,3.0,3.0,
/Users/tavantai/Developer/project_thesis_code/new_data/7/train-00007-of-00803_401.wav,/Users/tavantai/Developer/project_thesis_code/processed/E0/7/train-00007-of-00803_401.wav,processed,16000,1,48000,16000,1,48000,3.0,3.0,
/Users/tavantai/Developer/project_thesis_code/new_data/7/train-00007-of-00803_402.wav,/Users/tavantai/Developer/project_thesis_code/processed/E0/7/train-00007-of-00803_402.wav,processed,16000,1,48000,16000,1,48000,3.0,3.0,
/Users/tavantai/Developer/project_thesis_code/new_data/7/train-00007-of-00803_403.wav,/Users/tavantai/Developer/project_thesis_code/processed/E0/7/train-00007-of-00803_403.wav,processed,16000,1,48000,16000,1,48000,3.0,3.0,
/Users/tavantai/Developer/project_thesis_code/new_data/7/train-00007-of-00803_404.wav,/Users/tavantai/Developer/project_thesis_code/processed/E0/7/train-00007-of-00803_404.wav,processed,16000,1,48000,16000,1,48000,3.0,3.0,
/Users/tavantai/Developer/project_thesis_code/new_data/7/train-00007-of-00803_405.wav,/Users/tavantai/Developer/project_thesis_code/processed/E0/7/train-00007-of-00803_405.wav,processed,16000,1,48000,16000,1,48000,3.0,3.0,
/Users/tavantai/Developer/project_thesis_code/new_data/7/train-00007-of-00803_406.wav,/Users/tavantai/Developer/project_thesis_code/processed/E0/7/train-00007-of-00803_406.wav,processed,16000,1,48000,16000,1,48000,3.0,3.0,
/Users/tavantai/Developer/project_thesis_code/new_data/7/train-00007-of-00803_407.wav,/Users/tavantai/Developer/project_thesis_code/processed/E0/7/train-00007-of-00803_407.wav,processed,16000,1,48000,16000,1,48000,3.0,3.0,
/Users/tavantai/Developer/project_thesis_code/new_data/7/train-00007-of-00803_408.wav,/Users/tavantai/Developer/project_thesis_code/processed/E0/7/train-00007-of-00803_408.wav,processed,16000,1,48000,16000,1,48000,3.0,3.0,
/Users/tavantai/Developer/project_thesis_code/new_data/7/train-00007-of-00803_409.wav,/Users/tavantai/Developer/project_thesis_code/processed/E0/7/train-00007-of-00803_409.wav,processed,16000,1,48000,16000,1,48000,3.0,3.0,
/Users/tavantai/Developer/project_thesis_code/new_data/7/train-00007-of-00803_41.wav,/Users/tavantai/Developer/project_thesis_code/processed/E0/7/train-00007-of-00803_41.wav,processed,16000,1,48000,16000,1,48000,3.0,3.0,
/Users/tavantai/Developer/project_thesis_code/new_data/7/train-00007-of-00803_410.wav,/Users/tavantai/Developer/project_thesis_code/processed/E0/7/train-00007-of-00803_410.wav,processed,16000,1,48000,16000,1,48000,3.0,3.0,
/Users/tavantai/Developer/project_thesis_code/new_data/7/train-00007-of-00803_411.wav,/Users/tavantai/Developer/project_thesis_code/processed/E0/7/train-00007-of-00803_411.wav,processed,16000,1,48000,16000,1,48000,3.0,3.0,
/Users/tavantai/Developer/project_thesis_code/new_data/7/train-00007-of-00803_412.wav,/Users/tavantai/Developer/project_thesis_code/processed/E0/7/train-00007-of-00803_412.wav,processed,16000,1,48000,16000,1,48000,3.0,3.0,
/Users/tavantai/Developer/project_thesis_code/new_data/7/train-00007-of-00803_413.wav,/Users/tavantai/Developer/project_thesis_code/processed/E0/7/train-00007-of-00803_413.wav,processed,16000,1,48000,16000,1,48000,3.0,3.0,
/Users/tavantai/Developer/project_thesis_code/new_data/7/train-00007-of-00803_414.wav,/Users/tavantai/Developer/project_thesis_code/processed/E0/7/train-00007-of-00803_414.wav,processed,16000,1,48000,16000,1,48000,3.0,3.0,
/Users/tavantai/Developer/project_thesis_code/new_data/7/train-00007-of-00803_415.wav,/Users/tavantai/Developer/project_thesis_code/processed/E0/7/train-00007-of-00803_415.wav,processed,16000,1,48000,16000,1,48000,3.0,3.0,
/Users/tavantai/Developer/project_thesis_code/new_data/7/train-00007-of-00803_416.wav,/Users/tavantai/Developer/project_thesis_code/processed/E0/7/train-00007-of-00803_416.wav,processed,16000,1,48000,16000,1,48000,3.0,3.0,
/Users/tavantai/Developer/project_thesis_code/new_data/7/train-00007-of-00803_417.wav,/Users/tavantai/Developer/project_thesis_code/processed/E0/7/train-00007-of-00803_417.wav,processed,16000,1,48000,16000,1,48000,3.0,3.0,
/Users/tavantai/Developer/project_thesis_code/new_data/7/train-00007-of-00803_418.wav,/Users/tavantai/Developer/project_thesis_code/processed/E0/7/train-00007-of-00803_418.wav,processed,16000,1,48000,16000,1,48000,3.0,3.0,
/Users/tavantai/Developer/project_thesis_code/new_data/7/train-00007-of-00803_419.wav,/Users/tavantai/Developer/project_thesis_code/processed/E0/7/train-00007-of-00803_419.wav,processed,16000,1,48000,16000,1,48000,3.0,3.0,
/Users/tavantai/Developer/project_thesis_code/new_data/7/train-00007-of-00803_42.wav,/Users/tavantai/Developer/project_thesis_code/processed/E0/7/train-00007-of-00803_42.wav,processed,16000,1,48000,16000,1,48000,3.0,3.0,
/Users/tavantai/Developer/project_thesis_code/new_data/7/train-00007-of-00803_420.wav,/Users/tavantai/Developer/project_thesis_code/processed/E0/7/train-00007-of-00803_420.wav,processed,16000,1,48000,16000,1,48000,3.0,3.0,
/Users/tavantai/Developer/project_thesis_code/new_data/7/train-00007-of-00803_421.wav,/Users/tavantai/Developer/project_thesis_code/processed/E0/7/train-00007-of-00803_421.wav,processed,16000,1,48000,16000,1,48000,3.0,3.0,
/Users/tavantai/Developer/project_thesis_code/new_data/7/train-00007-of-00803_422.wav,/Users/tavantai/Developer/project_thesis_code/processed/E0/7/train-00007-of-00803_422.wav,processed,16000,1,48000,16000,1,48000,3.0,3.0,
/Users/tavantai/Developer/project_thesis_code/new_data/7/train-00007-of-00803_423.wav,/Users/tavantai/Developer/project_thesis_code/processed/E0/7/train-00007-of-00803_423.wav,processed,16000,1,48000,16000,1,48000,3.0,3.0,
/Users/tavantai/Developer/project_thesis_code/new_data/7/train-00007-of-00803_424.wav,/Users/tavantai/Developer/project_thesis_code/processed/E0/7/train-00007-of-00803_424.wav,processed,16000,1,48000,16000,1,48000,3.0,3.0,
/Users/tavantai/Developer/project_thesis_code/new_data/7/train-00007-of-00803_425.wav,/Users/tavantai/Developer/project_thesis_code/processed/E0/7/train-00007-of-00803_425.wav,processed,16000,1,48000,16000,1,48000,3.0,3.0,
/Users/tavantai/Developer/project_thesis_code/new_data/7/train-00007-of-00803_426.wav,/Users/tavantai/Developer/project_thesis_code/processed/E0/7/train-00007-of-00803_426.wav,processed,16000,1,48000,16000,1,48000,3.0,3.0,
/Users/tavantai/Developer/project_thesis_code/new_data/7/train-00007-of-00803_427.wav,/Users/tavantai/Developer/project_thesis_code/processed/E0/7/train-00007-of-00803_427.wav,processed,16000,1,48000,16000,1,48000,3.0,3.0,
/Users/tavantai/Developer/project_thesis_code/new_data/7/train-00007-of-00803_428.wav,/Users/tavantai/Developer/project_thesis_code/processed/E0/7/train-00007-of-00803_428.wav,processed,16000,1,48000,16000,1,48000,3.0,3.0,
/Users/tavantai/Developer/project_thesis_code/new_data/7/train-00007-of-00803_429.wav,/Users/tavantai/Developer/project_thesis_code/processed/E0/7/train-00007-of-00803_429.wav,processed,16000,1,48000,16000,1,48000,3.0,3.0,
/Users/tavantai/Developer/project_thesis_code/new_data/7/train-00007-of-00803_43.wav,/Users/tavantai/Developer/project_thesis_code/processed/E0/7/train-00007-of-00803_43.wav,processed,16000,1,48000,16000,1,48000,3.0,3.0,
/Users/tavantai/Developer/project_thesis_code/new_data/7/train-00007-of-00803_430.wav,/Users/tavantai/Developer/project_thesis_code/processed/E0/7/train-00007-of-00803_430.wav,processed,16000,1,48000,16000,1,48000,3.0,3.0,
/Users/tavantai/Developer/project_thesis_code/new_data/7/train-00007-of-00803_431.wav,/Users/tavantai/Developer/project_thesis_code/processed/E0/7/train-00007-of-00803_431.wav,processed,16000,1,48000,16000,1,48000,3.0,3.0,
/Users/tavantai/Developer/project_thesis_code/new_data/7/train-00007-of-00803_432.wav,/Users/tavantai/Developer/project_thesis_code/processed/E0/7/train-00007-of-00803_432.wav,processed,16000,1,48000,16000,1,48000,3.0,3.0,
/Users/tavantai/Developer/project_thesis_code/new_data/7/train-00007-of-00803_433.wav,/Users/tavantai/Developer/project_thesis_code/processed/E0/7/train-00007-of-00803_433.wav,processed,16000,1,48000,16000,1,48000,3.0,3.0,
/Users/tavantai/Developer/project_thesis_code/new_data/7/train-00007-of-00803_434.wav,/Users/tavantai/Developer/project_thesis_code/processed/E0/7/train-00007-of-00803_434.wav,processed,16000,1,48000,16000,1,48000,3.0,3.0,
/Users/tavantai/Developer/project_thesis_code/new_data/7/train-00007-of-00803_435.wav,/Users/tavantai/Developer/project_thesis_code/processed/E0/7/train-00007-of-00803_435.wav,processed,16000,1,48000,16000,1,48000,3.0,3.0,
/Users/tavantai/Developer/project_thesis_code/new_data/7/train-00007-of-00803_436.wav,/Users/tavantai/Developer/project_thesis_code/processed/E0/7/train-00007-of-00803_436.wav,processed,16000,1,48000,16000,1,48000,3.0,3.0,
/Users/tavantai/Developer/project_thesis_code/new_data/7/train-00007-of-00803_437.wav,/Users/tavantai/Developer/project_thesis_code/processed/E0/7/train-00007-of-00803_437.wav,processed,16000,1,48000,16000,1,48000,3.0,3.0,
/Users/tavantai/Developer/project_thesis_code/new_data/7/train-00007-of-00803_438.wav,/Users/tavantai/Developer/project_thesis_code/processed/E0/7/train-00007-of-00803_438.wav,processed,16000,1,48000,16000,1,48000,3.0,3.0,
/Users/tavantai/Developer/project_thesis_code/new_data/7/train-00007-of-00803_439.wav,/Users/tavantai/Developer/project_thesis_code/processed/E0/7/train-00007-of-00803_439.wav,processed,16000,1,48000,16000,1,48000,3.0,3.0,
/Users/tavantai/Developer/project_thesis_code/new_data/7/train-00007-of-00803_44.wav,/Users/tavantai/Developer/project_thesis_code/processed/E0/7/train-00007-of-00803_44.wav,processed,16000,1,48000,16000,1,48000,3.0,3.0,
/Users/tavantai/Developer/project_thesis_code/new_data/7/train-00007-of-00803_440.wav,/Users/tavantai/Developer/project_thesis_code/processed/E0/7/train-00007-of-00803_440.wav,processed,16000,1,48000,16000,1,48000,3.0,3.0,
/Users/tavantai/Developer/project_thesis_code/new_data/7/train-00007-of-00803_441.wav,/Users/tavantai/Developer/project_thesis_code/processed/E0/7/train-00007-of-00803_441.wav,processed,16000,1,48000,16000,1,48000,3.0,3.0,
/Users/tavantai/Developer/project_thesis_code/new_data/7/train-00007-of-00803_442.wav,/Users/tavantai/Developer/project_thesis_code/processed/E0/7/train-00007-of-00803_442.wav,processed,16000,1,48000,16000,1,48000,3.0,3.0,
/Users/tavantai/Developer/project_thesis_code/new_data/7/train-00007-of-00803_443.wav,/Users/tavantai/Developer/project_thesis_code/processed/E0/7/train-00007-of-00803_443.wav,processed,16000,1,48000,16000,1,48000,3.0,3.0,
/Users/tavantai/Developer/project_thesis_code/new_data/7/train-00007-of-00803_444.wav,/Users/tavantai/Developer/project_thesis_code/processed/E0/7/train-00007-of-00803_444.wav,processed,16000,1,48000,16000,1,48000,3.0,3.0,
/Users/tavantai/Developer/project_thesis_code/new_data/7/train-00007-of-00803_445.wav,/Users/tavantai/Developer/project_thesis_code/processed/E0/7/train-00007-of-00803_445.wav,processed,16000,1,48000,16000,1,48000,3.0,3.0,
/Users/tavantai/Developer/project_thesis_code/new_data/7/train-00007-of-00803_446.wav,/Users/tavantai/Developer/project_thesis_code/processed/E0/7/train-00007-of-00803_446.wav,processed,16000,1,48000,16000,1,48000,3.0,3.0,
/Users/tavantai/Developer/project_thesis_code/new_data/7/train-00007-of-00803_447.wav,/Users/tavantai/Developer/project_thesis_code/processed/E0/7/train-00007-of-00803_447.wav,processed,16000,1,48000,16000,1,48000,3.0,3.0,
/Users/tavantai/Developer/project_thesis_code/new_data/7/train-00007-of-00803_448.wav,/Users/tavantai/Developer/project_thesis_code/processed/E0/7/train-00007-of-00803_448.wav,processed,16000,1,48000,16000,1,48000,3.0,3.0,
/Users/tavantai/Developer/project_thesis_code/new_data/7/train-00007-of-00803_449.wav,/Users/tavantai/Developer/project_thesis_code/processed/E0/7/train-00007-of-00803_449.wav,processed,16000,1,48000,16000,1,48000,3.0,3.0,
/Users/tavantai/Developer/project_thesis_code/new_data/7/train-00007-of-00803_45.wav,/Users/tavantai/Developer/project_thesis_code/processed/E0/7/train-00007-of-00803_45.wav,processed,16000,1,48000,16000,1,48000,3.0,3.0,
/Users/tavantai/Developer/project_thesis_code/new_data/7/train-00007-of-00803_450.wav,/Users/tavantai/Developer/project_thesis_code/processed/E0/7/train-00007-of-00803_450.wav,processed,16000,1,48000,16000,1,48000,3.0,3.0,
/Users/tavantai/Developer/project_thesis_code/new_data/7/train-00007-of-00803_451.wav,/Users/tavantai/Developer/project_thesis_code/processed/E0/7/train-00007-of-00803_451.wav,processed,16000,1,48000,16000,1,48000,3.0,3.0,
/Users/tavantai/Developer/project_thesis_code/new_data/7/train-00007-of-00803_452.wav,/Users/tavantai/Developer/project_thesis_code/processed/E0/7/train-00007-of-00803_452.wav,processed,16000,1,48000,16000,1,48000,3.0,3.0,
/Users/tavantai/Developer/project_thesis_code/new_data/7/train-00007-of-00803_453.wav,/Users/tavantai/Developer/project_thesis_code/processed/E0/7/train-00007-of-00803_453.wav,processed,16000,1,48000,16000,1,48000,3.0,3.0,
/Users/tavantai/Developer/project_thesis_code/new_data/7/train-00007-of-00803_454.wav,/Users/tavantai/Developer/project_thesis_code/processed/E0/7/train-00007-of-00803_454.wav,processed,16000,1,48000,16000,1,48000,3.0,3.0,
/Users/tavantai/Developer/project_thesis_code/new_data/7/train-00007-of-00803_455.wav,/Users/tavantai/Developer/project_thesis_code/processed/E0/7/train-00007-of-00803_455.wav,processed,16000,1,48000,16000,1,48000,3.0,3.0,
/Users/tavantai/Developer/project_thesis_code/new_data/7/train-00007-of-00803_456.wav,/Users/tavantai/Developer/project_thesis_code/processed/E0/7/train-00007-of-00803_456.wav,processed,16000,1,48000,16000,1,48000,3.0,3.0,
/Users/tavantai/Developer/project_thesis_code/new_data/7/train-00007-of-00803_457.wav,/Users/tavantai/Developer/project_thesis_code/processed/E0/7/train-00007-of-00803_457.wav,processed,16000,1,48000,16000,1,48000,3.0,3.0,
/Users/tavantai/Developer/project_thesis_code/new_data/7/train-00007-of-00803_458.wav,/Users/tavantai/Developer/project_thesis_code/processed/E0/7/train-00007-of-00803_458.wav,processed,16000,1,48000,16000,1,48000,3.0,3.0,
/Users/tavantai/Developer/project_thesis_code/new_data/7/train-00007-of-00803_459.wav,/Users/tavantai/Developer/project_thesis_code/processed/E0/7/train-00007-of-00803_459.wav,processed,16000,1,48000,16000,1,48000,3.0,3.0,
/Users/tavantai/Developer/project_thesis_code/new_data/7/train-00007-of-00803_46.wav,/Users/tavantai/Developer/project_thesis_code/processed/E0/7/train-00007-of-00803_46.wav,processed,16000,1,48000,16000,1,48000,3.0,3.0,
/Users/tavantai/Developer/project_thesis_code/new_data/7/train-00007-of-00803_460.wav,/Users/tavantai/Developer/project_thesis_code/processed/E0/7/train-00007-of-00803_460.wav,processed,16000,1,48000,16000,1,48000,3.0,3.0,
/Users/tavantai/Developer/project_thesis_code/new_data/7/train-00007-of-00803_461.wav,/Users/tavantai/Developer/project_thesis_code/processed/E0/7/train-00007-of-00803_461.wav,processed,16000,1,48000,16000,1,48000,3.0,3.0,
/Users/tavantai/Developer/project_thesis_code/new_data/7/train-00007-of-00803_462.wav,/Users/tavantai/Developer/project_thesis_code/processed/E0/7/train-00007-of-00803_462.wav,processed,16000,1,48000,16000,1,48000,3.0,3.0,
/Users/tavantai/Developer/project_thesis_code/new_data/7/train-00007-of-00803_463.wav,/Users/tavantai/Developer/project_thesis_code/processed/E0/7/train-00007-of-00803_463.wav,processed,16000,1,48000,16000,1,48000,3.0,3.0,
/Users/tavantai/Developer/project_thesis_code/new_data/7/train-00007-of-00803_464.wav,/Users/tavantai/Developer/project_thesis_code/processed/E0/7/train-00007-of-00803_464.wav,processed,16000,1,48000,16000,1,48000,3.0,3.0,
/Users/tavantai/Developer/project_thesis_code/new_data/7/train-00007-of-00803_465.wav,/Users/tavantai/Developer/project_thesis_code/processed/E0/7/train-00007-of-00803_465.wav,processed,16000,1,48000,16000,1,48000,3.0,3.0,
/Users/tavantai/Developer/project_thesis_code/new_data/7/train-00007-of-00803_466.wav,/Users/tavantai/Developer/project_thesis_code/processed/E0/7/train-00007-of-00803_466.wav,processed,16000,1,48000,16000,1,48000,3.0,3.0,
/Users/tavantai/Developer/project_thesis_code/new_data/7/train-00007-of-00803_467.wav,/Users/tavantai/Developer/project_thesis_code/processed/E0/7/train-00007-of-00803_467.wav,processed,16000,1,48000,16000,1,48000,3.0,3.0,
/Users/tavantai/Developer/project_thesis_code/new_data/7/train-00007-of-00803_468.wav,/Users/tavantai/Developer/project_thesis_code/processed/E0/7/train-00007-of-00803_468.wav,processed,16000,1,48000,16000,1,48000,3.0,3.0,
/Users/tavantai/Developer/project_thesis_code/new_data/7/train-00007-of-00803_469.wav,/Users/tavantai/Developer/project_thesis_code/processed/E0/7/train-00007-of-00803_469.wav,processed,16000,1,48000,16000,1,48000,3.0,3.0,
/Users/tavantai/Developer/project_thesis_code/new_data/7/train-00007-of-00803_47.wav,/Users/tavantai/Developer/project_thesis_code/processed/E0/7/train-00007-of-00803_47.wav,processed,16000,1,48000,16000,1,48000,3.0,3.0,
/Users/tavantai/Developer/project_thesis_code/new_data/7/train-00007-of-00803_470.wav,/Users/tavantai/Developer/project_thesis_code/processed/E0/7/train-00007-of-00803_470.wav,processed,16000,1,48000,16000,1,48000,3.0,3.0,
/Users/tavantai/Developer/project_thesis_code/new_data/7/train-00007-of-00803_471.wav,/Users/tavantai/Developer/project_thesis_code/processed/E0/7/train-00007-of-00803_471.wav,processed,16000,1,48000,16000,1,48000,3.0,3.0,
/Users/tavantai/Developer/project_thesis_code/new_data/7/train-00007-of-00803_472.wav,/Users/tavantai/Developer/project_thesis_code/processed/E0/7/train-00007-of-00803_472.wav,processed,16000,1,48000,16000,1,48000,3.0,3.0,
/Users/tavantai/Developer/project_thesis_code/new_data/7/train-00007-of-00803_473.wav,/Users/tavantai/Developer/project_thesis_code/processed/E0/7/train-00007-of-00803_473.wav,processed,16000,1,48000,16000,1,48000,3.0,3.0,
/Users/tavantai/Developer/project_thesis_code/new_data/7/train-00007-of-00803_474.wav,/Users/tavantai/Developer/project_thesis_code/processed/E0/7/train-00007-of-00803_474.wav,processed,16000,1,48000,16000,1,48000,3.0,3.0,
/Users/tavantai/Developer/project_thesis_code/new_data/7/train-00007-of-00803_475.wav,/Users/tavantai/Developer/project_thesis_code/processed/E0/7/train-00007-of-00803_475.wav,processed,16000,1,48000,16000,1,48000,3.0,3.0,
/Users/tavantai/Developer/project_thesis_code/new_data/7/train-00007-of-00803_476.wav,/Users/tavantai/Developer/project_thesis_code/processed/E0/7/train-00007-of-00803_476.wav,processed,16000,1,48000,16000,1,48000,3.0,3.0,
/Users/tavantai/Developer/project_thesis_code/new_data/7/train-00007-of-00803_477.wav,/Users/tavantai/Developer/project_thesis_code/processed/E0/7/train-00007-of-00803_477.wav,processed,16000,1,48000,16000,1,48000,3.0,3.0,
/Users/tavantai/Developer/project_thesis_code/new_data/7/train-00007-of-00803_478.wav,/Users/tavantai/Developer/project_thesis_code/processed/E0/7/train-00007-of-00803_478.wav,processed,16000,1,48000,16000,1,48000,3.0,3.0,
/Users/tavantai/Developer/project_thesis_code/new_data/7/train-00007-of-00803_479.wav,/Users/tavantai/Developer/project_thesis_code/processed/E0/7/train-00007-of-00803_479.wav,processed,16000,1,48000,16000,1,48000,3.0,3.0,
/Users/tavantai/Developer/project_thesis_code/new_data/7/train-00007-of-00803_48.wav,/Users/tavantai/Developer/project_thesis_code/processed/E0/7/train-00007-of-00803_48.wav,processed,16000,1,48000,16000,1,48000,3.0,3.0,
/Users/tavantai/Developer/project_thesis_code/new_data/7/train-00007-of-00803_480.wav,/Users/tavantai/Developer/project_thesis_code/processed/E0/7/train-00007-of-00803_480.wav,processed,16000,1,48000,16000,1,48000,3.0,3.0,
/Users/tavantai/Developer/project_thesis_code/new_data/7/train-00007-of-00803_481.wav,/Users/tavantai/Developer/project_thesis_code/processed/E0/7/train-00007-of-00803_481.wav,processed,16000,1,48000,16000,1,48000,3.0,3.0,
/Users/tavantai/Developer/project_thesis_code/new_data/7/train-00007-of-00803_482.wav,/Users/tavantai/Developer/project_thesis_code/processed/E0/7/train-00007-of-00803_482.wav,processed,16000,1,48000,16000,1,48000,3.0,3.0,
/Users/tavantai/Developer/project_thesis_code/new_data/7/train-00007-of-00803_483.wav,/Users/tavantai/Developer/project_thesis_code/processed/E0/7/train-00007-of-00803_483.wav,processed,16000,1,48000,16000,1,48000,3.0,3.0,
/Users/tavantai/Developer/project_thesis_code/new_data/7/train-00007-of-00803_484.wav,/Users/tavantai/Developer/project_thesis_code/processed/E0/7/train-00007-of-00803_484.wav,processed,16000,1,48000,16000,1,48000,3.0,3.0,
/Users/tavantai/Developer/project_thesis_code/new_data/7/train-00007-of-00803_485.wav,/Users/tavantai/Developer/project_thesis_code/processed/E0/7/train-00007-of-00803_485.wav,processed,16000,1,48000,16000,1,48000,3.0,3.0,
/Users/tavantai/Developer/project_thesis_code/new_data/7/train-00007-of-00803_486.wav,/Users/tavantai/Developer/project_thesis_code/processed/E0/7/train-00007-of-00803_486.wav,processed,16000,1,48000,16000,1,48000,3.0,3.0,
/Users/tavantai/Developer/project_thesis_code/new_data/7/train-00007-of-00803_487.wav,/Users/tavantai/Developer/project_thesis_code/processed/E0/7/train-00007-of-00803_487.wav,processed,16000,1,48000,16000,1,48000,3.0,3.0,
/Users/tavantai/Developer/project_thesis_code/new_data/7/train-00007-of-00803_488.wav,/Users/tavantai/Developer/project_thesis_code/processed/E0/7/train-00007-of-00803_488.wav,processed,16000,1,48000,16000,1,48000,3.0,3.0,
/Users/tavantai/Developer/project_thesis_code/new_data/7/train-00007-of-00803_489.wav,/Users/tavantai/Developer/project_thesis_code/processed/E0/7/train-00007-of-00803_489.wav,processed,16000,1,48000,16000,1,48000,3.0,3.0,
/Users/tavantai/Developer/project_thesis_code/new_data/7/train-00007-of-00803_49.wav,/Users/tavantai/Developer/project_thesis_code/processed/E0/7/train-00007-of-00803_49.wav,processed,16000,1,48000,16000,1,48000,3.0,3.0,
/Users/tavantai/Developer/project_thesis_code/new_data/7/train-00007-of-00803_490.wav,/Users/tavantai/Developer/project_thesis_code/processed/E0/7/train-00007-of-00803_490.wav,processed,16000,1,48000,16000,1,48000,3.0,3.0,
/Users/tavantai/Developer/project_thesis_code/new_data/7/train-00007-of-00803_491.wav,/Users/tavantai/Developer/project_thesis_code/processed/E0/7/train-00007-of-00803_491.wav,processed,16000,1,48000,16000,1,48000,3.0,3.0,
/Users/tavantai/Developer/project_thesis_code/new_data/7/train-00007-of-00803_492.wav,/Users/tavantai/Developer/project_thesis_code/processed/E0/7/train-00007-of-00803_492.wav,processed,16000,1,48000,16000,1,48000,3.0,3.0,
/Users/tavantai/Developer/project_thesis_code/new_data/7/train-00007-of-00803_493.wav,/Users/tavantai/Developer/project_thesis_code/processed/E0/7/train-00007-of-00803_493.wav,processed,16000,1,48000,16000,1,48000,3.0,3.0,
/Users/tavantai/Developer/project_thesis_code/new_data/7/train-00007-of-00803_494.wav,/Users/tavantai/Developer/project_thesis_code/processed/E0/7/train-00007-of-00803_494.wav,processed,16000,1,48000,16000,1,48000,3.0,3.0,
/Users/tavantai/Developer/project_thesis_code/new_data/7/train-00007-of-00803_495.wav,/Users/tavantai/Developer/project_thesis_code/processed/E0/7/train-00007-of-00803_495.wav,processed,16000,1,48000,16000,1,48000,3.0,3.0,
/Users/tavantai/Developer/project_thesis_code/new_data/7/train-00007-of-00803_496.wav,/Users/tavantai/Developer/project_thesis_code/processed/E0/7/train-00007-of-00803_496.wav,processed,16000,1,48000,16000,1,48000,3.0,3.0,
/Users/tavantai/Developer/project_thesis_code/new_data/7/train-00007-of-00803_497.wav,/Users/tavantai/Developer/project_thesis_code/processed/E0/7/train-00007-of-00803_497.wav,processed,16000,1,48000,16000,1,48000,3.0,3.0,
/Users/tavantai/Developer/project_thesis_code/new_data/7/train-00007-of-00803_498.wav,/Users/tavantai/Developer/project_thesis_code/processed/E0/7/train-00007-of-00803_498.wav,processed,16000,1,48000,16000,1,48000,3.0,3.0,
/Users/tavantai/Developer/project_thesis_code/new_data/7/train-00007-of-00803_499.wav,/Users/tavantai/Developer/project_thesis_code/processed/E0/7/train-00007-of-00803_499.wav,processed,16000,1,48000,16000,1,48000,3.0,3.0,
/Users/tavantai/Developer/project_thesis_code/new_data/7/train-00007-of-00803_5.wav,/Users/tavantai/Developer/project_thesis_code/processed/E0/7/train-00007-of-00803_5.wav,processed,16000,1,48000,16000,1,48000,3.0,3.0,
/Users/tavantai/Developer/project_thesis_code/new_data/7/train-00007-of-00803_50.wav,/Users/tavantai/Developer/project_thesis_code/processed/E0/7/train-00007-of-00803_50.wav,processed,16000,1,48000,16000,1,48000,3.0,3.0,
/Users/tavantai/Developer/project_thesis_code/new_data/7/train-00007-of-00803_500.wav,/Users/tavantai/Developer/project_thesis_code/processed/E0/7/train-00007-of-00803_500.wav,processed,16000,1,48000,16000,1,48000,3.0,3.0,
/Users/tavantai/Developer/project_thesis_code/new_data/7/train-00007-of-00803_501.wav,/Users/tavantai/Developer/project_thesis_code/processed/E0/7/train-00007-of-00803_501.wav,processed,16000,1,48000,16000,1,48000,3.0,3.0,
/Users/tavantai/Developer/project_thesis_code/new_data/7/train-00007-of-00803_502.wav,/Users/tavantai/Developer/project_thesis_code/processed/E0/7/train-00007-of-00803_502.wav,processed,16000,1,48000,16000,1,48000,3.0,3.0,
/Users/tavantai/Developer/project_thesis_code/new_data/7/train-00007-of-00803_503.wav,/Users/tavantai/Developer/project_thesis_code/processed/E0/7/train-00007-of-00803_503.wav,processed,16000,1,48000,16000,1,48000,3.0,3.0,
/Users/tavantai/Developer/project_thesis_code/new_data/7/train-00007-of-00803_504.wav,/Users/tavantai/Developer/project_thesis_code/processed/E0/7/train-00007-of-00803_504.wav,processed,16000,1,48000,16000,1,48000,3.0,3.0,
/Users/tavantai/Developer/project_thesis_code/new_data/7/train-00007-of-00803_505.wav,/Users/tavantai/Developer/project_thesis_code/processed/E0/7/train-00007-of-00803_505.wav,processed,16000,1,48000,16000,1,48000,3.0,3.0,
/Users/tavantai/Developer/project_thesis_code/new_data/7/train-00007-of-00803_506.wav,/Users/tavantai/Developer/project_thesis_code/processed/E0/7/train-00007-of-00803_506.wav,processed,16000,1,48000,16000,1,48000,3.0,3.0,
/Users/tavantai/Developer/project_thesis_code/new_data/7/train-00007-of-00803_507.wav,/Users/tavantai/Developer/project_thesis_code/processed/E0/7/train-00007-of-00803_507.wav,processed,16000,1,48000,16000,1,48000,3.0,3.0,
/Users/tavantai/Developer/project_thesis_code/new_data/7/train-00007-of-00803_508.wav,/Users/tavantai/Developer/project_thesis_code/processed/E0/7/train-00007-of-00803_508.wav,processed,16000,1,48000,16000,1,48000,3.0,3.0,
/Users/tavantai/Developer/project_thesis_code/new_data/7/train-00007-of-00803_509.wav,/Users/tavantai/Developer/project_thesis_code/processed/E0/7/train-00007-of-00803_509.wav,processed,16000,1,48000,16000,1,48000,3.0,3.0,
/Users/tavantai/Developer/project_thesis_code/new_data/7/train-00007-of-00803_51.wav,/Users/tavantai/Developer/project_thesis_code/processed/E0/7/train-00007-of-00803_51.wav,processed,16000,1,48000,16000,1,48000,3.0,3.0,
/Users/tavantai/Developer/project_thesis_code/new_data/7/train-00007-of-00803_510.wav,/Users/tavantai/Developer/project_thesis_code/processed/E0/7/train-00007-of-00803_510.wav,processed,16000,1,48000,16000,1,48000,3.0,3.0,
/Users/tavantai/Developer/project_thesis_code/new_data/7/train-00007-of-00803_511.wav,/Users/tavantai/Developer/project_thesis_code/processed/E0/7/train-00007-of-00803_511.wav,processed,16000,1,48000,16000,1,48000,3.0,3.0,
/Users/tavantai/Developer/project_thesis_code/new_data/7/train-00007-of-00803_512.wav,/Users/tavantai/Developer/project_thesis_code/processed/E0/7/train-00007-of-00803_512.wav,processed,16000,1,48000,16000,1,48000,3.0,3.0,
/Users/tavantai/Developer/project_thesis_code/new_data/7/train-00007-of-00803_513.wav,/Users/tavantai/Developer/project_thesis_code/processed/E0/7/train-00007-of-00803_513.wav,processed,16000,1,48000,16000,1,48000,3.0,3.0,
/Users/tavantai/Developer/project_thesis_code/new_data/7/train-00007-of-00803_514.wav,/Users/tavantai/Developer/project_thesis_code/processed/E0/7/train-00007-of-00803_514.wav,processed,16000,1,48000,16000,1,48000,3.0,3.0,
/Users/tavantai/Developer/project_thesis_code/new_data/7/train-00007-of-00803_515.wav,/Users/tavantai/Developer/project_thesis_code/processed/E0/7/train-00007-of-00803_515.wav,processed,16000,1,48000,16000,1,48000,3.0,3.0,
/Users/tavantai/Developer/project_thesis_code/new_data/7/train-00007-of-00803_516.wav,/Users/tavantai/Developer/project_thesis_code/processed/E0/7/train-00007-of-00803_516.wav,processed,16000,1,48000,16000,1,48000,3.0,3.0,
/Users/tavantai/Developer/project_thesis_code/new_data/7/train-00007-of-00803_517.wav,/Users/tavantai/Developer/project_thesis_code/processed/E0/7/train-00007-of-00803_517.wav,processed,16000,1,48000,16000,1,48000,3.0,3.0,
/Users/tavantai/Developer/project_thesis_code/new_data/7/train-00007-of-00803_518.wav,/Users/tavantai/Developer/project_thesis_code/processed/E0/7/train-00007-of-00803_518.wav,processed,16000,1,48000,16000,1,48000,3.0,3.0,
/Users/tavantai/Developer/project_thesis_code/new_data/7/train-00007-of-00803_519.wav,/Users/tavantai/Developer/project_thesis_code/processed/E0/7/train-00007-of-00803_519.wav,processed,16000,1,48000,16000,1,48000,3.0,3.0,
/Users/tavantai/Developer/project_thesis_code/new_data/7/train-00007-of-00803_52.wav,/Users/tavantai/Developer/project_thesis_code/processed/E0/7/train-00007-of-00803_52.wav,processed,16000,1,48000,16000,1,48000,3.0,3.0,
/Users/tavantai/Developer/project_thesis_code/new_data/7/train-00007-of-00803_520.wav,/Users/tavantai/Developer/project_thesis_code/processed/E0/7/train-00007-of-00803_520.wav,processed,16000,1,48000,16000,1,48000,3.0,3.0,
/Users/tavantai/Developer/project_thesis_code/new_data/7/train-00007-of-00803_521.wav,/Users/tavantai/Developer/project_thesis_code/processed/E0/7/train-00007-of-00803_521.wav,processed,16000,1,48000,16000,1,48000,3.0,3.0,
/Users/tavantai/Developer/project_thesis_code/new_data/7/train-00007-of-00803_522.wav,/Users/tavantai/Developer/project_thesis_code/processed/E0/7/train-00007-of-00803_522.wav,processed,16000,1,48000,16000,1,48000,3.0,3.0,
/Users/tavantai/Developer/project_thesis_code/new_data/7/train-00007-of-00803_523.wav,/Users/tavantai/Developer/project_thesis_code/processed/E0/7/train-00007-of-00803_523.wav,processed,16000,1,48000,16000,1,48000,3.0,3.0,
/Users/tavantai/Developer/project_thesis_code/new_data/7/train-00007-of-00803_524.wav,/Users/tavantai/Developer/project_thesis_code/processed/E0/7/train-00007-of-00803_524.wav,processed,16000,1,48000,16000,1,48000,3.0,3.0,
/Users/tavantai/Developer/project_thesis_code/new_data/7/train-00007-of-00803_525.wav,/Users/tavantai/Developer/project_thesis_code/processed/E0/7/train-00007-of-00803_525.wav,processed,16000,1,48000,16000,1,48000,3.0,3.0,
/Users/tavantai/Developer/project_thesis_code/new_data/7/train-00007-of-00803_526.wav,/Users/tavantai/Developer/project_thesis_code/processed/E0/7/train-00007-of-00803_526.wav,processed,16000,1,48000,16000,1,48000,3.0,3.0,
/Users/tavantai/Developer/project_thesis_code/new_data/7/train-00007-of-00803_527.wav,/Users/tavantai/Developer/project_thesis_code/processed/E0/7/train-00007-of-00803_527.wav,processed,16000,1,48000,16000,1,48000,3.0,3.0,
/Users/tavantai/Developer/project_thesis_code/new_data/7/train-00007-of-00803_528.wav,/Users/tavantai/Developer/project_thesis_code/processed/E0/7/train-00007-of-00803_528.wav,processed,16000,1,48000,16000,1,48000,3.0,3.0,
/Users/tavantai/Developer/project_thesis_code/new_data/7/train-00007-of-00803_529.wav,/Users/tavantai/Developer/project_thesis_code/processed/E0/7/train-00007-of-00803_529.wav,processed,16000,1,48000,16000,1,48000,3.0,3.0,
/Users/tavantai/Developer/project_thesis_code/new_data/7/train-00007-of-00803_53.wav,/Users/tavantai/Developer/project_thesis_code/processed/E0/7/train-00007-of-00803_53.wav,processed,16000,1,48000,16000,1,48000,3.0,3.0,
/Users/tavantai/Developer/project_thesis_code/new_data/7/train-00007-of-00803_530.wav,/Users/tavantai/Developer/project_thesis_code/processed/E0/7/train-00007-of-00803_530.wav,processed,16000,1,48000,16000,1,48000,3.0,3.0,
/Users/tavantai/Developer/project_thesis_code/new_data/7/train-00007-of-00803_531.wav,/Users/tavantai/Developer/project_thesis_code/processed/E0/7/train-00007-of-00803_531.wav,processed,16000,1,48000,16000,1,48000,3.0,3.0,
/Users/tavantai/Developer/project_thesis_code/new_data/7/train-00007-of-00803_532.wav,/Users/tavantai/Developer/project_thesis_code/processed/E0/7/train-00007-of-00803_532.wav,processed,16000,1,48000,16000,1,48000,3.0,3.0,
/Users/tavantai/Developer/project_thesis_code/new_data/7/train-00007-of-00803_533.wav,/Users/tavantai/Developer/project_thesis_code/processed/E0/7/train-00007-of-00803_533.wav,processed,16000,1,48000,16000,1,48000,3.0,3.0,
/Users/tavantai/Developer/project_thesis_code/new_data/7/train-00007-of-00803_534.wav,/Users/tavantai/Developer/project_thesis_code/processed/E0/7/train-00007-of-00803_534.wav,processed,16000,1,48000,16000,1,48000,3.0,3.0,
/Users/tavantai/Developer/project_thesis_code/new_data/7/train-00007-of-00803_535.wav,/Users/tavantai/Developer/project_thesis_code/processed/E0/7/train-00007-of-00803_535.wav,processed,16000,1,48000,16000,1,48000,3.0,3.0,
/Users/tavantai/Developer/project_thesis_code/new_data/7/train-00007-of-00803_536.wav,/Users/tavantai/Developer/project_thesis_code/processed/E0/7/train-00007-of-00803_536.wav,processed,16000,1,48000,16000,1,48000,3.0,3.0,
/Users/tavantai/Developer/project_thesis_code/new_data/7/train-00007-of-00803_537.wav,/Users/tavantai/Developer/project_thesis_code/processed/E0/7/train-00007-of-00803_537.wav,processed,16000,1,48000,16000,1,48000,3.0,3.0,
/Users/tavantai/Developer/project_thesis_code/new_data/7/train-00007-of-00803_538.wav,/Users/tavantai/Developer/project_thesis_code/processed/E0/7/train-00007-of-00803_538.wav,processed,16000,1,48000,16000,1,48000,3.0,3.0,
/Users/tavantai/Developer/project_thesis_code/new_data/7/train-00007-of-00803_539.wav,/Users/tavantai/Developer/project_thesis_code/processed/E0/7/train-00007-of-00803_539.wav,processed,16000,1,48000,16000,1,48000,3.0,3.0,
/Users/tavantai/Developer/project_thesis_code/new_data/7/train-00007-of-00803_54.wav,/Users/tavantai/Developer/project_thesis_code/processed/E0/7/train-00007-of-00803_54.wav,processed,16000,1,48000,16000,1,48000,3.0,3.0,
/Users/tavantai/Developer/project_thesis_code/new_data/7/train-00007-of-00803_540.wav,/Users/tavantai/Developer/project_thesis_code/processed/E0/7/train-00007-of-00803_540.wav,processed,16000,1,48000,16000,1,48000,3.0,3.0,
/Users/tavantai/Developer/project_thesis_code/new_data/7/train-00007-of-00803_541.wav,/Users/tavantai/Developer/project_thesis_code/processed/E0/7/train-00007-of-00803_541.wav,processed,16000,1,48000,16000,1,48000,3.0,3.0,
/Users/tavantai/Developer/project_thesis_code/new_data/7/train-00007-of-00803_542.wav,/Users/tavantai/Developer/project_thesis_code/processed/E0/7/train-00007-of-00803_542.wav,processed,16000,1,48000,16000,1,48000,3.0,3.0,
/Users/tavantai/Developer/project_thesis_code/new_data/7/train-00007-of-00803_543.wav,/Users/tavantai/Developer/project_thesis_code/processed/E0/7/train-00007-of-00803_543.wav,processed,16000,1,48000,16000,1,48000,3.0,3.0,
/Users/tavantai/Developer/project_thesis_code/new_data/7/train-00007-of-00803_544.wav,/Users/tavantai/Developer/project_thesis_code/processed/E0/7/train-00007-of-00803_544.wav,processed,16000,1,48000,16000,1,48000,3.0,3.0,
/Users/tavantai/Developer/project_thesis_code/new_data/7/train-00007-of-00803_545.wav,/Users/tavantai/Developer/project_thesis_code/processed/E0/7/train-00007-of-00803_545.wav,processed,16000,1,48000,16000,1,48000,3.0,3.0,
/Users/tavantai/Developer/project_thesis_code/new_data/7/train-00007-of-00803_546.wav,/Users/tavantai/Developer/project_thesis_code/processed/E0/7/train-00007-of-00803_546.wav,processed,16000,1,48000,16000,1,48000,3.0,3.0,
/Users/tavantai/Developer/project_thesis_code/new_data/7/train-00007-of-00803_547.wav,/Users/tavantai/Developer/project_thesis_code/processed/E0/7/train-00007-of-00803_547.wav,processed,16000,1,48000,16000,1,48000,3.0,3.0,
/Users/tavantai/Developer/project_thesis_code/new_data/7/train-00007-of-00803_548.wav,/Users/tavantai/Developer/project_thesis_code/processed/E0/7/train-00007-of-00803_548.wav,processed,16000,1,48000,16000,1,48000,3.0,3.0,
/Users/tavantai/Developer/project_thesis_code/new_data/7/train-00007-of-00803_549.wav,/Users/tavantai/Developer/project_thesis_code/processed/E0/7/train-00007-of-00803_549.wav,processed,16000,1,48000,16000,1,48000,3.0,3.0,
/Users/tavantai/Developer/project_thesis_code/new_data/7/train-00007-of-00803_55.wav,/Users/tavantai/Developer/project_thesis_code/processed/E0/7/train-00007-of-00803_55.wav,processed,16000,1,48000,16000,1,48000,3.0,3.0,
/Users/tavantai/Developer/project_thesis_code/new_data/7/train-00007-of-00803_550.wav,/Users/tavantai/Developer/project_thesis_code/processed/E0/7/train-00007-of-00803_550.wav,processed,16000,1,48000,16000,1,48000,3.0,3.0,
/Users/tavantai/Developer/project_thesis_code/new_data/7/train-00007-of-00803_551.wav,/Users/tavantai/Developer/project_thesis_code/processed/E0/7/train-00007-of-00803_551.wav,processed,16000,1,48000,16000,1,48000,3.0,3.0,
/Users/tavantai/Developer/project_thesis_code/new_data/7/train-00007-of-00803_552.wav,/Users/tavantai/Developer/project_thesis_code/processed/E0/7/train-00007-of-00803_552.wav,processed,16000,1,48000,16000,1,48000,3.0,3.0,
/Users/tavantai/Developer/project_thesis_code/new_data/7/train-00007-of-00803_553.wav,/Users/tavantai/Developer/project_thesis_code/processed/E0/7/train-00007-of-00803_553.wav,processed,16000,1,48000,16000,1,48000,3.0,3.0,
/Users/tavantai/Developer/project_thesis_code/new_data/7/train-00007-of-00803_554.wav,/Users/tavantai/Developer/project_thesis_code/processed/E0/7/train-00007-of-00803_554.wav,processed,16000,1,48000,16000,1,48000,3.0,3.0,
/Users/tavantai/Developer/project_thesis_code/new_data/7/train-00007-of-00803_555.wav,/Users/tavantai/Developer/project_thesis_code/processed/E0/7/train-00007-of-00803_555.wav,processed,16000,1,48000,16000,1,48000,3.0,3.0,
/Users/tavantai/Developer/project_thesis_code/new_data/7/train-00007-of-00803_556.wav,/Users/tavantai/Developer/project_thesis_code/processed/E0/7/train-00007-of-00803_556.wav,processed,16000,1,48000,16000,1,48000,3.0,3.0,
/Users/tavantai/Developer/project_thesis_code/new_data/7/train-00007-of-00803_557.wav,/Users/tavantai/Developer/project_thesis_code/processed/E0/7/train-00007-of-00803_557.wav,processed,16000,1,48000,16000,1,48000,3.0,3.0,
/Users/tavantai/Developer/project_thesis_code/new_data/7/train-00007-of-00803_558.wav,/Users/tavantai/Developer/project_thesis_code/processed/E0/7/train-00007-of-00803_558.wav,processed,16000,1,48000,16000,1,48000,3.0,3.0,
/Users/tavantai/Developer/project_thesis_code/new_data/7/train-00007-of-00803_559.wav,/Users/tavantai/Developer/project_thesis_code/processed/E0/7/train-00007-of-00803_559.wav,processed,16000,1,48000,16000,1,48000,3.0,3.0,
/Users/tavantai/Developer/project_thesis_code/new_data/7/train-00007-of-00803_56.wav,/Users/tavantai/Developer/project_thesis_code/processed/E0/7/train-00007-of-00803_56.wav,processed,16000,1,48000,16000,1,48000,3.0,3.0,
/Users/tavantai/Developer/project_thesis_code/new_data/7/train-00007-of-00803_560.wav,/Users/tavantai/Developer/project_thesis_code/processed/E0/7/train-00007-of-00803_560.wav,processed,16000,1,48000,16000,1,48000,3.0,3.0,
/Users/tavantai/Developer/project_thesis_code/new_data/7/train-00007-of-00803_561.wav,/Users/tavantai/Developer/project_thesis_code/processed/E0/7/train-00007-of-00803_561.wav,processed,16000,1,48000,16000,1,48000,3.0,3.0,
/Users/tavantai/Developer/project_thesis_code/new_data/7/train-00007-of-00803_562.wav,/Users/tavantai/Developer/project_thesis_code/processed/E0/7/train-00007-of-00803_562.wav,processed,16000,1,48000,16000,1,48000,3.0,3.0,
/Users/tavantai/Developer/project_thesis_code/new_data/7/train-00007-of-00803_563.wav,/Users/tavantai/Developer/project_thesis_code/processed/E0/7/train-00007-of-00803_563.wav,processed,16000,1,48000,16000,1,48000,3.0,3.0,
/Users/tavantai/Developer/project_thesis_code/new_data/7/train-00007-of-00803_564.wav,/Users/tavantai/Developer/project_thesis_code/processed/E0/7/train-00007-of-00803_564.wav,processed,16000,1,48000,16000,1,48000,3.0,3.0,
/Users/tavantai/Developer/project_thesis_code/new_data/7/train-00007-of-00803_565.wav,/Users/tavantai/Developer/project_thesis_code/processed/E0/7/train-00007-of-00803_565.wav,processed,16000,1,48000,16000,1,48000,3.0,3.0,
/Users/tavantai/Developer/project_thesis_code/new_data/7/train-00007-of-00803_566.wav,/Users/tavantai/Developer/project_thesis_code/processed/E0/7/train-00007-of-00803_566.wav,processed,16000,1,48000,16000,1,48000,3.0,3.0,
/Users/tavantai/Developer/project_thesis_code/new_data/7/train-00007-of-00803_567.wav,/Users/tavantai/Developer/project_thesis_code/processed/E0/7/train-00007-of-00803_567.wav,processed,16000,1,48000,16000,1,48000,3.0,3.0,
/Users/tavantai/Developer/project_thesis_code/new_data/7/train-00007-of-00803_568.wav,/Users/tavantai/Developer/project_thesis_code/processed/E0/7/train-00007-of-00803_568.wav,processed,16000,1,48000,16000,1,48000,3.0,3.0,
/Users/tavantai/Developer/project_thesis_code/new_data/7/train-00007-of-00803_569.wav,/Users/tavantai/Developer/project_thesis_code/processed/E0/7/train-00007-of-00803_569.wav,processed,16000,1,48000,16000,1,48000,3.0,3.0,
/Users/tavantai/Developer/project_thesis_code/new_data/7/train-00007-of-00803_57.wav,/Users/tavantai/Developer/project_thesis_code/processed/E0/7/train-00007-of-00803_57.wav,processed,16000,1,48000,16000,1,48000,3.0,3.0,
/Users/tavantai/Developer/project_thesis_code/new_data/7/train-00007-of-00803_570.wav,/Users/tavantai/Developer/project_thesis_code/processed/E0/7/train-00007-of-00803_570.wav,processed,16000,1,48000,16000,1,48000,3.0,3.0,
/Users/tavantai/Developer/project_thesis_code/new_data/7/train-00007-of-00803_571.wav,/Users/tavantai/Developer/project_thesis_code/processed/E0/7/train-00007-of-00803_571.wav,processed,16000,1,48000,16000,1,48000,3.0,3.0,
/Users/tavantai/Developer/project_thesis_code/new_data/7/train-00007-of-00803_572.wav,/Users/tavantai/Developer/project_thesis_code/processed/E0/7/train-00007-of-00803_572.wav,processed,16000,1,48000,16000,1,48000,3.0,3.0,
/Users/tavantai/Developer/project_thesis_code/new_data/7/train-00007-of-00803_573.wav,/Users/tavantai/Developer/project_thesis_code/processed/E0/7/train-00007-of-00803_573.wav,processed,16000,1,48000,16000,1,48000,3.0,3.0,
/Users/tavantai/Developer/project_thesis_code/new_data/7/train-00007-of-00803_574.wav,/Users/tavantai/Developer/project_thesis_code/processed/E0/7/train-00007-of-00803_574.wav,processed,16000,1,48000,16000,1,48000,3.0,3.0,
/Users/tavantai/Developer/project_thesis_code/new_data/7/train-00007-of-00803_575.wav,/Users/tavantai/Developer/project_thesis_code/processed/E0/7/train-00007-of-00803_575.wav,processed,16000,1,48000,16000,1,48000,3.0,3.0,
/Users/tavantai/Developer/project_thesis_code/new_data/7/train-00007-of-00803_576.wav,/Users/tavantai/Developer/project_thesis_code/processed/E0/7/train-00007-of-00803_576.wav,processed,16000,1,48000,16000,1,48000,3.0,3.0,
/Users/tavantai/Developer/project_thesis_code/new_data/7/train-00007-of-00803_577.wav,/Users/tavantai/Developer/project_thesis_code/processed/E0/7/train-00007-of-00803_577.wav,processed,16000,1,48000,16000,1,48000,3.0,3.0,
/Users/tavantai/Developer/project_thesis_code/new_data/7/train-00007-of-00803_578.wav,/Users/tavantai/Developer/project_thesis_code/processed/E0/7/train-00007-of-00803_578.wav,processed,16000,1,48000,16000,1,48000,3.0,3.0,
/Users/tavantai/Developer/project_thesis_code/new_data/7/train-00007-of-00803_579.wav,/Users/tavantai/Developer/project_thesis_code/processed/E0/7/train-00007-of-00803_579.wav,processed,16000,1,48000,16000,1,48000,3.0,3.0,
/Users/tavantai/Developer/project_thesis_code/new_data/7/train-00007-of-00803_58.wav,/Users/tavantai/Developer/project_thesis_code/processed/E0/7/train-00007-of-00803_58.wav,processed,16000,1,48000,16000,1,48000,3.0,3.0,
/Users/tavantai/Developer/project_thesis_code/new_data/7/train-00007-of-00803_580.wav,/Users/tavantai/Developer/project_thesis_code/processed/E0/7/train-00007-of-00803_580.wav,processed,16000,1,48000,16000,1,48000,3.0,3.0,
/Users/tavantai/Developer/project_thesis_code/new_data/7/train-00007-of-00803_581.wav,/Users/tavantai/Developer/project_thesis_code/processed/E0/7/train-00007-of-00803_581.wav,processed,16000,1,48000,16000,1,48000,3.0,3.0,
/Users/tavantai/Developer/project_thesis_code/new_data/7/train-00007-of-00803_582.wav,/Users/tavantai/Developer/project_thesis_code/processed/E0/7/train-00007-of-00803_582.wav,processed,16000,1,48000,16000,1,48000,3.0,3.0,
/Users/tavantai/Developer/project_thesis_code/new_data/7/train-00007-of-00803_583.wav,/Users/tavantai/Developer/project_thesis_code/processed/E0/7/train-00007-of-00803_583.wav,processed,16000,1,48000,16000,1,48000,3.0,3.0,
/Users/tavantai/Developer/project_thesis_code/new_data/7/train-00007-of-00803_584.wav,/Users/tavantai/Developer/project_thesis_code/processed/E0/7/train-00007-of-00803_584.wav,processed,16000,1,48000,16000,1,48000,3.0,3.0,
/Users/tavantai/Developer/project_thesis_code/new_data/7/train-00007-of-00803_585.wav,/Users/tavantai/Developer/project_thesis_code/processed/E0/7/train-00007-of-00803_585.wav,processed,16000,1,48000,16000,1,48000,3.0,3.0,
/Users/tavantai/Developer/project_thesis_code/new_data/7/train-00007-of-00803_586.wav,/Users/tavantai/Developer/project_thesis_code/processed/E0/7/train-00007-of-00803_586.wav,processed,16000,1,48000,16000,1,48000,3.0,3.0,
/Users/tavantai/Developer/project_thesis_code/new_data/7/train-00007-of-00803_587.wav,/Users/tavantai/Developer/project_thesis_code/processed/E0/7/train-00007-of-00803_587.wav,processed,16000,1,48000,16000,1,48000,3.0,3.0,
/Users/tavantai/Developer/project_thesis_code/new_data/7/train-00007-of-00803_588.wav,/Users/tavantai/Developer/project_thesis_code/processed/E0/7/train-00007-of-00803_588.wav,processed,16000,1,48000,16000,1,48000,3.0,3.0,
/Users/tavantai/Developer/project_thesis_code/new_data/7/train-00007-of-00803_589.wav,/Users/tavantai/Developer/project_thesis_code/processed/E0/7/train-00007-of-00803_589.wav,processed,16000,1,48000,16000,1,48000,3.0,3.0,
/Users/tavantai/Developer/project_thesis_code/new_data/7/train-00007-of-00803_59.wav,/Users/tavantai/Developer/project_thesis_code/processed/E0/7/train-00007-of-00803_59.wav,processed,16000,1,48000,16000,1,48000,3.0,3.0,
/Users/tavantai/Developer/project_thesis_code/new_data/7/train-00007-of-00803_590.wav,/Users/tavantai/Developer/project_thesis_code/processed/E0/7/train-00007-of-00803_590.wav,processed,16000,1,48000,16000,1,48000,3.0,3.0,
/Users/tavantai/Developer/project_thesis_code/new_data/7/train-00007-of-00803_591.wav,/Users/tavantai/Developer/project_thesis_code/processed/E0/7/train-00007-of-00803_591.wav,processed,16000,1,48000,16000,1,48000,3.0,3.0,
/Users/tavantai/Developer/project_thesis_code/new_data/7/train-00007-of-00803_6.wav,/Users/tavantai/Developer/project_thesis_code/processed/E0/7/train-00007-of-00803_6.wav,processed,16000,1,48000,16000,1,48000,3.0,3.0,
/Users/tavantai/Developer/project_thesis_code/new_data/7/train-00007-of-00803_60.wav,/Users/tavantai/Developer/project_thesis_code/processed/E0/7/train-00007-of-00803_60.wav,processed,16000,1,48000,16000,1,48000,3.0,3.0,
/Users/tavantai/Developer/project_thesis_code/new_data/7/train-00007-of-00803_61.wav,/Users/tavantai/Developer/project_thesis_code/processed/E0/7/train-00007-of-00803_61.wav,processed,16000,1,48000,16000,1,48000,3.0,3.0,
/Users/tavantai/Developer/project_thesis_code/new_data/7/train-00007-of-00803_62.wav,/Users/tavantai/Developer/project_thesis_code/processed/E0/7/train-00007-of-00803_62.wav,processed,16000,1,48000,16000,1,48000,3.0,3.0,
/Users/tavantai/Developer/project_thesis_code/new_data/7/train-00007-of-00803_63.wav,/Users/tavantai/Developer/project_thesis_code/processed/E0/7/train-00007-of-00803_63.wav,processed,16000,1,48000,16000,1,48000,3.0,3.0,
/Users/tavantai/Developer/project_thesis_code/new_data/7/train-00007-of-00803_64.wav,/Users/tavantai/Developer/project_thesis_code/processed/E0/7/train-00007-of-00803_64.wav,processed,16000,1,48000,16000,1,48000,3.0,3.0,
/Users/tavantai/Developer/project_thesis_code/new_data/7/train-00007-of-00803_65.wav,/Users/tavantai/Developer/project_thesis_code/processed/E0/7/train-00007-of-00803_65.wav,processed,16000,1,48000,16000,1,48000,3.0,3.0,
/Users/tavantai/Developer/project_thesis_code/new_data/7/train-00007-of-00803_66.wav,/Users/tavantai/Developer/project_thesis_code/processed/E0/7/train-00007-of-00803_66.wav,processed,16000,1,48000,16000,1,48000,3.0,3.0,
/Users/tavantai/Developer/project_thesis_code/new_data/7/train-00007-of-00803_67.wav,/Users/tavantai/Developer/project_thesis_code/processed/E0/7/train-00007-of-00803_67.wav,processed,16000,1,48000,16000,1,48000,3.0,3.0,
/Users/tavantai/Developer/project_thesis_code/new_data/7/train-00007-of-00803_68.wav,/Users/tavantai/Developer/project_thesis_code/processed/E0/7/train-00007-of-00803_68.wav,processed,16000,1,48000,16000,1,48000,3.0,3.0,
/Users/tavantai/Developer/project_thesis_code/new_data/7/train-00007-of-00803_69.wav,/Users/tavantai/Developer/project_thesis_code/processed/E0/7/train-00007-of-00803_69.wav,processed,16000,1,48000,16000,1,48000,3.0,3.0,
/Users/tavantai/Developer/project_thesis_code/new_data/7/train-00007-of-00803_7.wav,/Users/tavantai/Developer/project_thesis_code/processed/E0/7/train-00007-of-00803_7.wav,processed,16000,1,48000,16000,1,48000,3.0,3.0,
/Users/tavantai/Developer/project_thesis_code/new_data/7/train-00007-of-00803_70.wav,/Users/tavantai/Developer/project_thesis_code/processed/E0/7/train-00007-of-00803_70.wav,processed,16000,1,48000,16000,1,48000,3.0,3.0,
/Users/tavantai/Developer/project_thesis_code/new_data/7/train-00007-of-00803_71.wav,/Users/tavantai/Developer/project_thesis_code/processed/E0/7/train-00007-of-00803_71.wav,processed,16000,1,48000,16000,1,48000,3.0,3.0,
/Users/tavantai/Developer/project_thesis_code/new_data/7/train-00007-of-00803_72.wav,/Users/tavantai/Developer/project_thesis_code/processed/E0/7/train-00007-of-00803_72.wav,processed,16000,1,48000,16000,1,48000,3.0,3.0,
/Users/tavantai/Developer/project_thesis_code/new_data/7/train-00007-of-00803_73.wav,/Users/tavantai/Developer/project_thesis_code/processed/E0/7/train-00007-of-00803_73.wav,processed,16000,1,48000,16000,1,48000,3.0,3.0,
/Users/tavantai/Developer/project_thesis_code/new_data/7/train-00007-of-00803_74.wav,/Users/tavantai/Developer/project_thesis_code/processed/E0/7/train-00007-of-00803_74.wav,processed,16000,1,48000,16000,1,48000,3.0,3.0,
/Users/tavantai/Developer/project_thesis_code/new_data/7/train-00007-of-00803_75.wav,/Users/tavantai/Developer/project_thesis_code/processed/E0/7/train-00007-of-00803_75.wav,processed,16000,1,48000,16000,1,48000,3.0,3.0,
/Users/tavantai/Developer/project_thesis_code/new_data/7/train-00007-of-00803_76.wav,/Users/tavantai/Developer/project_thesis_code/processed/E0/7/train-00007-of-00803_76.wav,processed,16000,1,48000,16000,1,48000,3.0,3.0,
/Users/tavantai/Developer/project_thesis_code/new_data/7/train-00007-of-00803_77.wav,/Users/tavantai/Developer/project_thesis_code/processed/E0/7/train-00007-of-00803_77.wav,processed,16000,1,48000,16000,1,48000,3.0,3.0,
/Users/tavantai/Developer/project_thesis_code/new_data/7/train-00007-of-00803_78.wav,/Users/tavantai/Developer/project_thesis_code/processed/E0/7/train-00007-of-00803_78.wav,processed,16000,1,48000,16000,1,48000,3.0,3.0,
/Users/tavantai/Developer/project_thesis_code/new_data/7/train-00007-of-00803_79.wav,/Users/tavantai/Developer/project_thesis_code/processed/E0/7/train-00007-of-00803_79.wav,processed,16000,1,48000,16000,1,48000,3.0,3.0,
/Users/tavantai/Developer/project_thesis_code/new_data/7/train-00007-of-00803_8.wav,/Users/tavantai/Developer/project_thesis_code/processed/E0/7/train-00007-of-00803_8.wav,processed,16000,1,48000,16000,1,48000,3.0,3.0,
/Users/tavantai/Developer/project_thesis_code/new_data/7/train-00007-of-00803_80.wav,/Users/tavantai/Developer/project_thesis_code/processed/E0/7/train-00007-of-00803_80.wav,processed,16000,1,48000,16000,1,48000,3.0,3.0,
/Users/tavantai/Developer/project_thesis_code/new_data/7/train-00007-of-00803_81.wav,/Users/tavantai/Developer/project_thesis_code/processed/E0/7/train-00007-of-00803_81.wav,processed,16000,1,48000,16000,1,48000,3.0,3.0,
/Users/tavantai/Developer/project_thesis_code/new_data/7/train-00007-of-00803_82.wav,/Users/tavantai/Developer/project_thesis_code/processed/E0/7/train-00007-of-00803_82.wav,processed,16000,1,48000,16000,1,48000,3.0,3.0,
/Users/tavantai/Developer/project_thesis_code/new_data/7/train-00007-of-00803_83.wav,/Users/tavantai/Developer/project_thesis_code/processed/E0/7/train-00007-of-00803_83.wav,processed,16000,1,48000,16000,1,48000,3.0,3.0,
/Users/tavantai/Developer/project_thesis_code/new_data/7/train-00007-of-00803_84.wav,/Users/tavantai/Developer/project_thesis_code/processed/E0/7/train-00007-of-00803_84.wav,processed,16000,1,48000,16000,1,48000,3.0,3.0,
/Users/tavantai/Developer/project_thesis_code/new_data/7/train-00007-of-00803_85.wav,/Users/tavantai/Developer/project_thesis_code/processed/E0/7/train-00007-of-00803_85.wav,processed,16000,1,48000,16000,1,48000,3.0,3.0,
/Users/tavantai/Developer/project_thesis_code/new_data/7/train-00007-of-00803_86.wav,/Users/tavantai/Developer/project_thesis_code/processed/E0/7/train-00007-of-00803_86.wav,processed,16000,1,48000,16000,1,48000,3.0,3.0,
/Users/tavantai/Developer/project_thesis_code/new_data/7/train-00007-of-00803_87.wav,/Users/tavantai/Developer/project_thesis_code/processed/E0/7/train-00007-of-00803_87.wav,processed,16000,1,48000,16000,1,48000,3.0,3.0,
/Users/tavantai/Developer/project_thesis_code/new_data/7/train-00007-of-00803_88.wav,/Users/tavantai/Developer/project_thesis_code/processed/E0/7/train-00007-of-00803_88.wav,processed,16000,1,48000,16000,1,48000,3.0,3.0,
/Users/tavantai/Developer/project_thesis_code/new_data/7/train-00007-of-00803_89.wav,/Users/tavantai/Developer/project_thesis_code/processed/E0/7/train-00007-of-00803_89.wav,processed,16000,1,48000,16000,1,48000,3.0,3.0,
/Users/tavantai/Developer/project_thesis_code/new_data/7/train-00007-of-00803_9.wav,/Users/tavantai/Developer/project_thesis_code/processed/E0/7/train-00007-of-00803_9.wav,processed,16000,1,48000,16000,1,48000,3.0,3.0,
/Users/tavantai/Developer/project_thesis_code/new_data/7/train-00007-of-00803_90.wav,/Users/tavantai/Developer/project_thesis_code/processed/E0/7/train-00007-of-00803_90.wav,processed,16000,1,48000,16000,1,48000,3.0,3.0,
/Users/tavantai/Developer/project_thesis_code/new_data/7/train-00007-of-00803_91.wav,/Users/tavantai/Developer/project_thesis_code/processed/E0/7/train-00007-of-00803_91.wav,processed,16000,1,48000,16000,1,48000,3.0,3.0,
/Users/tavantai/Developer/project_thesis_code/new_data/7/train-00007-of-00803_92.wav,/Users/tavantai/Developer/project_thesis_code/processed/E0/7/train-00007-of-00803_92.wav,processed,16000,1,48000,16000,1,48000,3.0,3.0,
/Users/tavantai/Developer/project_thesis_code/new_data/7/train-00007-of-00803_93.wav,/Users/tavantai/Developer/project_thesis_code/processed/E0/7/train-00007-of-00803_93.wav,processed,16000,1,48000,16000,1,48000,3.0,3.0,
/Users/tavantai/Developer/project_thesis_code/new_data/7/train-00007-of-00803_94.wav,/Users/tavantai/Developer/project_thesis_code/processed/E0/7/train-00007-of-00803_94.wav,processed,16000,1,48000,16000,1,48000,3.0,3.0,
/Users/tavantai/Developer/project_thesis_code/new_data/7/train-00007-of-00803_95.wav,/Users/tavantai/Developer/project_thesis_code/processed/E0/7/train-00007-of-00803_95.wav,processed,16000,1,48000,16000,1,48000,3.0,3.0,
/Users/tavantai/Developer/project_thesis_code/new_data/7/train-00007-of-00803_96.wav,/Users/tavantai/Developer/project_thesis_code/processed/E0/7/train-00007-of-00803_96.wav,processed,16000,1,48000,16000,1,48000,3.0,3.0,
/Users/tavantai/Developer/project_thesis_code/new_data/7/train-00007-of-00803_97.wav,/Users/tavantai/Developer/project_thesis_code/processed/E0/7/train-00007-of-00803_97.wav,processed,16000,1,48000,16000,1,48000,3.0,3.0,
/Users/tavantai/Developer/project_thesis_code/new_data/7/train-00007-of-00803_98.wav,/Users/tavantai/Developer/project_thesis_code/processed/E0/7/train-00007-of-00803_98.wav,processed,16000,1,48000,16000,1,48000,3.0,3.0,
/Users/tavantai/Developer/project_thesis_code/new_data/7/train-00007-of-00803_99.wav,/Users/tavantai/Developer/project_thesis_code/processed/E0/7/train-00007-of-00803_99.wav,processed,16000,1,48000,16000,1,48000,3.0,3.0,
