ID,duration,wav,start,stop,spk_id
11--train-00062-of-00803_1202,3.0,/Users/tavantai/Developer/project_thesis_code/dataset_copy/11/train-00062-of-00803_1202.wav,0,48000,11
11--train-00063-of-00803_132,3.0,/Users/tavantai/Developer/project_thesis_code/dataset_copy/11/train-00063-of-00803_132.wav,0,48000,11
11--train-00063-of-00803_34,3.0,/Users/tavantai/Developer/project_thesis_code/dataset_copy/11/train-00063-of-00803_34.wav,0,48000,11
11--train-00063-of-00803_354,3.0,/Users/tavantai/Developer/project_thesis_code/dataset_copy/11/train-00063-of-00803_354.wav,0,48000,11
11--train-00063-of-00803_446,3.0,/Users/tavantai/Developer/project_thesis_code/dataset_copy/11/train-00063-of-00803_446.wav,0,48000,11
11--train-00063-of-00803_431,3.0,/Users/tavantai/Developer/project_thesis_code/dataset_copy/11/train-00063-of-00803_431.wav,0,48000,11
11--train-00062-of-00803_907,3.0,/Users/tavantai/Developer/project_thesis_code/dataset_copy/11/train-00062-of-00803_907.wav,0,48000,11
11--train-00063-of-00803_10,3.0,/Users/tavantai/Developer/project_thesis_code/dataset_copy/11/train-00063-of-00803_10.wav,0,48000,11
11--train-00063-of-00803_159,3.0,/Users/tavantai/Developer/project_thesis_code/dataset_copy/11/train-00063-of-00803_159.wav,0,48000,11
11--train-00062-of-00803_915,3.0,/Users/tavantai/Developer/project_thesis_code/dataset_copy/11/train-00062-of-00803_915.wav,0,48000,11
11--train-00062-of-00803_1097,3.0,/Users/tavantai/Developer/project_thesis_code/dataset_copy/11/train-00062-of-00803_1097.wav,0,48000,11
11--train-00062-of-00803_942,3.0,/Users/tavantai/Developer/project_thesis_code/dataset_copy/11/train-00062-of-00803_942.wav,0,48000,11
11--train-00063-of-00803_400,3.0,/Users/tavantai/Developer/project_thesis_code/dataset_copy/11/train-00063-of-00803_400.wav,0,48000,11
11--train-00062-of-00803_916,3.0,/Users/tavantai/Developer/project_thesis_code/dataset_copy/11/train-00062-of-00803_916.wav,0,48000,11
11--train-00062-of-00803_1124,3.0,/Users/tavantai/Developer/project_thesis_code/dataset_copy/11/train-00062-of-00803_1124.wav,0,48000,11
11--train-00062-of-00803_1086,3.0,/Users/tavantai/Developer/project_thesis_code/dataset_copy/11/train-00062-of-00803_1086.wav,0,48000,11
11--train-00062-of-00803_807,3.0,/Users/tavantai/Developer/project_thesis_code/dataset_copy/11/train-00062-of-00803_807.wav,0,48000,11
11--train-00063-of-00803_209,3.0,/Users/tavantai/Developer/project_thesis_code/dataset_copy/11/train-00063-of-00803_209.wav,0,48000,11
11--train-00062-of-00803_1233,3.0,/Users/tavantai/Developer/project_thesis_code/dataset_copy/11/train-00062-of-00803_1233.wav,0,48000,11
11--train-00062-of-00803_895,3.0,/Users/tavantai/Developer/project_thesis_code/dataset_copy/11/train-00062-of-00803_895.wav,0,48000,11
11--train-00062-of-00803_1168,3.0,/Users/tavantai/Developer/project_thesis_code/dataset_copy/11/train-00062-of-00803_1168.wav,0,48000,11
11--train-00063-of-00803_393,3.0,/Users/tavantai/Developer/project_thesis_code/dataset_copy/11/train-00063-of-00803_393.wav,0,48000,11
11--train-00062-of-00803_1289,3.0,/Users/tavantai/Developer/project_thesis_code/dataset_copy/11/train-00062-of-00803_1289.wav,0,48000,11
11--train-00062-of-00803_1105,3.0,/Users/tavantai/Developer/project_thesis_code/dataset_copy/11/train-00062-of-00803_1105.wav,0,48000,11
11--train-00062-of-00803_992,3.0,/Users/tavantai/Developer/project_thesis_code/dataset_copy/11/train-00062-of-00803_992.wav,0,48000,11
11--train-00062-of-00803_1148,3.0,/Users/tavantai/Developer/project_thesis_code/dataset_copy/11/train-00062-of-00803_1148.wav,0,48000,11
11--train-00063-of-00803_230,3.0,/Users/tavantai/Developer/project_thesis_code/dataset_copy/11/train-00063-of-00803_230.wav,0,48000,11
11--train-00062-of-00803_1214,3.0,/Users/tavantai/Developer/project_thesis_code/dataset_copy/11/train-00062-of-00803_1214.wav,0,48000,11
11--train-00062-of-00803_1200,3.0,/Users/tavantai/Developer/project_thesis_code/dataset_copy/11/train-00062-of-00803_1200.wav,0,48000,11
11--train-00062-of-00803_1082,3.0,/Users/tavantai/Developer/project_thesis_code/dataset_copy/11/train-00062-of-00803_1082.wav,0,48000,11
11--train-00063-of-00803_251,3.0,/Users/tavantai/Developer/project_thesis_code/dataset_copy/11/train-00063-of-00803_251.wav,0,48000,11
11--train-00063-of-00803_0,3.0,/Users/tavantai/Developer/project_thesis_code/dataset_copy/11/train-00063-of-00803_0.wav,0,48000,11
11--train-00062-of-00803_1183,3.0,/Users/tavantai/Developer/project_thesis_code/dataset_copy/11/train-00062-of-00803_1183.wav,0,48000,11
11--train-00063-of-00803_63,3.0,/Users/tavantai/Developer/project_thesis_code/dataset_copy/11/train-00063-of-00803_63.wav,0,48000,11
11--train-00063-of-00803_255,3.0,/Users/tavantai/Developer/project_thesis_code/dataset_copy/11/train-00063-of-00803_255.wav,0,48000,11
11--train-00062-of-00803_1158,3.0,/Users/tavantai/Developer/project_thesis_code/dataset_copy/11/train-00062-of-00803_1158.wav,0,48000,11
11--train-00063-of-00803_104,3.0,/Users/tavantai/Developer/project_thesis_code/dataset_copy/11/train-00063-of-00803_104.wav,0,48000,11
11--train-00062-of-00803_989,3.0,/Users/tavantai/Developer/project_thesis_code/dataset_copy/11/train-00062-of-00803_989.wav,0,48000,11
11--train-00063-of-00803_359,3.0,/Users/tavantai/Developer/project_thesis_code/dataset_copy/11/train-00063-of-00803_359.wav,0,48000,11
11--train-00063-of-00803_273,3.0,/Users/tavantai/Developer/project_thesis_code/dataset_copy/11/train-00063-of-00803_273.wav,0,48000,11
11--train-00062-of-00803_1093,3.0,/Users/tavantai/Developer/project_thesis_code/dataset_copy/11/train-00062-of-00803_1093.wav,0,48000,11
11--train-00062-of-00803_1194,3.0,/Users/tavantai/Developer/project_thesis_code/dataset_copy/11/train-00062-of-00803_1194.wav,0,48000,11
11--train-00062-of-00803_818,3.0,/Users/tavantai/Developer/project_thesis_code/dataset_copy/11/train-00062-of-00803_818.wav,0,48000,11
11--train-00063-of-00803_28,3.0,/Users/tavantai/Developer/project_thesis_code/dataset_copy/11/train-00063-of-00803_28.wav,0,48000,11
11--train-00063-of-00803_199,3.0,/Users/tavantai/Developer/project_thesis_code/dataset_copy/11/train-00063-of-00803_199.wav,0,48000,11
11--train-00062-of-00803_1217,3.0,/Users/tavantai/Developer/project_thesis_code/dataset_copy/11/train-00062-of-00803_1217.wav,0,48000,11
11--train-00062-of-00803_1201,3.0,/Users/tavantai/Developer/project_thesis_code/dataset_copy/11/train-00062-of-00803_1201.wav,0,48000,11
11--train-00062-of-00803_962,3.0,/Users/tavantai/Developer/project_thesis_code/dataset_copy/11/train-00062-of-00803_962.wav,0,48000,11
11--train-00062-of-00803_874,3.0,/Users/tavantai/Developer/project_thesis_code/dataset_copy/11/train-00062-of-00803_874.wav,0,48000,11
11--train-00062-of-00803_1033,3.0,/Users/tavantai/Developer/project_thesis_code/dataset_copy/11/train-00062-of-00803_1033.wav,0,48000,11
11--train-00062-of-00803_1179,3.0,/Users/tavantai/Developer/project_thesis_code/dataset_copy/11/train-00062-of-00803_1179.wav,0,48000,11
11--train-00062-of-00803_1242,3.0,/Users/tavantai/Developer/project_thesis_code/dataset_copy/11/train-00062-of-00803_1242.wav,0,48000,11
11--train-00063-of-00803_180,3.0,/Users/tavantai/Developer/project_thesis_code/dataset_copy/11/train-00063-of-00803_180.wav,0,48000,11
11--train-00063-of-00803_149,3.0,/Users/tavantai/Developer/project_thesis_code/dataset_copy/11/train-00063-of-00803_149.wav,0,48000,11
11--train-00062-of-00803_1177,3.0,/Users/tavantai/Developer/project_thesis_code/dataset_copy/11/train-00062-of-00803_1177.wav,0,48000,11
11--train-00063-of-00803_188,3.0,/Users/tavantai/Developer/project_thesis_code/dataset_copy/11/train-00063-of-00803_188.wav,0,48000,11
11--train-00062-of-00803_918,3.0,/Users/tavantai/Developer/project_thesis_code/dataset_copy/11/train-00062-of-00803_918.wav,0,48000,11
11--train-00062-of-00803_1018,3.0,/Users/tavantai/Developer/project_thesis_code/dataset_copy/11/train-00062-of-00803_1018.wav,0,48000,11
11--train-00063-of-00803_293,3.0,/Users/tavantai/Developer/project_thesis_code/dataset_copy/11/train-00063-of-00803_293.wav,0,48000,11
11--train-00063-of-00803_81,3.0,/Users/tavantai/Developer/project_thesis_code/dataset_copy/11/train-00063-of-00803_81.wav,0,48000,11
11--train-00063-of-00803_103,3.0,/Users/tavantai/Developer/project_thesis_code/dataset_copy/11/train-00063-of-00803_103.wav,0,48000,11
11--train-00062-of-00803_1258,3.0,/Users/tavantai/Developer/project_thesis_code/dataset_copy/11/train-00062-of-00803_1258.wav,0,48000,11
11--train-00062-of-00803_1191,3.0,/Users/tavantai/Developer/project_thesis_code/dataset_copy/11/train-00062-of-00803_1191.wav,0,48000,11
11--train-00062-of-00803_1229,3.0,/Users/tavantai/Developer/project_thesis_code/dataset_copy/11/train-00062-of-00803_1229.wav,0,48000,11
11--train-00062-of-00803_1199,3.0,/Users/tavantai/Developer/project_thesis_code/dataset_copy/11/train-00062-of-00803_1199.wav,0,48000,11
11--train-00062-of-00803_1023,3.0,/Users/tavantai/Developer/project_thesis_code/dataset_copy/11/train-00062-of-00803_1023.wav,0,48000,11
11--train-00062-of-00803_903,3.0,/Users/tavantai/Developer/project_thesis_code/dataset_copy/11/train-00062-of-00803_903.wav,0,48000,11
11--train-00062-of-00803_1103,3.0,/Users/tavantai/Developer/project_thesis_code/dataset_copy/11/train-00062-of-00803_1103.wav,0,48000,11
11--train-00062-of-00803_929,3.0,/Users/tavantai/Developer/project_thesis_code/dataset_copy/11/train-00062-of-00803_929.wav,0,48000,11
11--train-00063-of-00803_182,3.0,/Users/tavantai/Developer/project_thesis_code/dataset_copy/11/train-00063-of-00803_182.wav,0,48000,11
11--train-00063-of-00803_30,3.0,/Users/tavantai/Developer/project_thesis_code/dataset_copy/11/train-00063-of-00803_30.wav,0,48000,11
11--train-00063-of-00803_25,3.0,/Users/tavantai/Developer/project_thesis_code/dataset_copy/11/train-00063-of-00803_25.wav,0,48000,11
11--train-00063-of-00803_413,3.0,/Users/tavantai/Developer/project_thesis_code/dataset_copy/11/train-00063-of-00803_413.wav,0,48000,11
11--train-00063-of-00803_391,3.0,/Users/tavantai/Developer/project_thesis_code/dataset_copy/11/train-00063-of-00803_391.wav,0,48000,11
11--train-00062-of-00803_936,3.0,/Users/tavantai/Developer/project_thesis_code/dataset_copy/11/train-00062-of-00803_936.wav,0,48000,11
11--train-00062-of-00803_1225,3.0,/Users/tavantai/Developer/project_thesis_code/dataset_copy/11/train-00062-of-00803_1225.wav,0,48000,11
11--train-00062-of-00803_1218,3.0,/Users/tavantai/Developer/project_thesis_code/dataset_copy/11/train-00062-of-00803_1218.wav,0,48000,11
11--train-00063-of-00803_288,3.0,/Users/tavantai/Developer/project_thesis_code/dataset_copy/11/train-00063-of-00803_288.wav,0,48000,11
11--train-00063-of-00803_479,3.0,/Users/tavantai/Developer/project_thesis_code/dataset_copy/11/train-00063-of-00803_479.wav,0,48000,11
11--train-00062-of-00803_966,3.0,/Users/tavantai/Developer/project_thesis_code/dataset_copy/11/train-00062-of-00803_966.wav,0,48000,11
11--train-00062-of-00803_1294,3.0,/Users/tavantai/Developer/project_thesis_code/dataset_copy/11/train-00062-of-00803_1294.wav,0,48000,11
11--train-00062-of-00803_1247,3.0,/Users/tavantai/Developer/project_thesis_code/dataset_copy/11/train-00062-of-00803_1247.wav,0,48000,11
11--train-00063-of-00803_124,3.0,/Users/tavantai/Developer/project_thesis_code/dataset_copy/11/train-00063-of-00803_124.wav,0,48000,11
11--train-00062-of-00803_943,3.0,/Users/tavantai/Developer/project_thesis_code/dataset_copy/11/train-00062-of-00803_943.wav,0,48000,11
11--train-00063-of-00803_184,3.0,/Users/tavantai/Developer/project_thesis_code/dataset_copy/11/train-00063-of-00803_184.wav,0,48000,11
11--train-00063-of-00803_74,3.0,/Users/tavantai/Developer/project_thesis_code/dataset_copy/11/train-00063-of-00803_74.wav,0,48000,11
11--train-00063-of-00803_216,3.0,/Users/tavantai/Developer/project_thesis_code/dataset_copy/11/train-00063-of-00803_216.wav,0,48000,11
11--train-00062-of-00803_1240,3.0,/Users/tavantai/Developer/project_thesis_code/dataset_copy/11/train-00062-of-00803_1240.wav,0,48000,11
11--train-00063-of-00803_317,3.0,/Users/tavantai/Developer/project_thesis_code/dataset_copy/11/train-00063-of-00803_317.wav,0,48000,11
11--train-00062-of-00803_911,3.0,/Users/tavantai/Developer/project_thesis_code/dataset_copy/11/train-00062-of-00803_911.wav,0,48000,11
11--train-00063-of-00803_111,3.0,/Users/tavantai/Developer/project_thesis_code/dataset_copy/11/train-00063-of-00803_111.wav,0,48000,11
11--train-00062-of-00803_949,3.0,/Users/tavantai/Developer/project_thesis_code/dataset_copy/11/train-00062-of-00803_949.wav,0,48000,11
11--train-00062-of-00803_1296,3.0,/Users/tavantai/Developer/project_thesis_code/dataset_copy/11/train-00062-of-00803_1296.wav,0,48000,11
11--train-00063-of-00803_297,3.0,/Users/tavantai/Developer/project_thesis_code/dataset_copy/11/train-00063-of-00803_297.wav,0,48000,11
11--train-00063-of-00803_447,3.0,/Users/tavantai/Developer/project_thesis_code/dataset_copy/11/train-00063-of-00803_447.wav,0,48000,11
11--train-00063-of-00803_15,3.0,/Users/tavantai/Developer/project_thesis_code/dataset_copy/11/train-00063-of-00803_15.wav,0,48000,11
11--train-00062-of-00803_957,3.0,/Users/tavantai/Developer/project_thesis_code/dataset_copy/11/train-00062-of-00803_957.wav,0,48000,11
11--train-00063-of-00803_399,3.0,/Users/tavantai/Developer/project_thesis_code/dataset_copy/11/train-00063-of-00803_399.wav,0,48000,11
11--train-00063-of-00803_46,3.0,/Users/tavantai/Developer/project_thesis_code/dataset_copy/11/train-00063-of-00803_46.wav,0,48000,11
11--train-00062-of-00803_946,3.0,/Users/tavantai/Developer/project_thesis_code/dataset_copy/11/train-00062-of-00803_946.wav,0,48000,11
11--train-00062-of-00803_1045,3.0,/Users/tavantai/Developer/project_thesis_code/dataset_copy/11/train-00062-of-00803_1045.wav,0,48000,11
11--train-00062-of-00803_969,3.0,/Users/tavantai/Developer/project_thesis_code/dataset_copy/11/train-00062-of-00803_969.wav,0,48000,11
11--train-00063-of-00803_150,3.0,/Users/tavantai/Developer/project_thesis_code/dataset_copy/11/train-00063-of-00803_150.wav,0,48000,11
11--train-00062-of-00803_1275,3.0,/Users/tavantai/Developer/project_thesis_code/dataset_copy/11/train-00062-of-00803_1275.wav,0,48000,11
11--train-00062-of-00803_1063,3.0,/Users/tavantai/Developer/project_thesis_code/dataset_copy/11/train-00062-of-00803_1063.wav,0,48000,11
11--train-00062-of-00803_902,3.0,/Users/tavantai/Developer/project_thesis_code/dataset_copy/11/train-00062-of-00803_902.wav,0,48000,11
11--train-00062-of-00803_1287,3.0,/Users/tavantai/Developer/project_thesis_code/dataset_copy/11/train-00062-of-00803_1287.wav,0,48000,11
11--train-00063-of-00803_440,3.0,/Users/tavantai/Developer/project_thesis_code/dataset_copy/11/train-00063-of-00803_440.wav,0,48000,11
11--train-00063-of-00803_286,3.0,/Users/tavantai/Developer/project_thesis_code/dataset_copy/11/train-00063-of-00803_286.wav,0,48000,11
11--train-00063-of-00803_250,3.0,/Users/tavantai/Developer/project_thesis_code/dataset_copy/11/train-00063-of-00803_250.wav,0,48000,11
11--train-00063-of-00803_4,3.0,/Users/tavantai/Developer/project_thesis_code/dataset_copy/11/train-00063-of-00803_4.wav,0,48000,11
11--train-00063-of-00803_94,3.0,/Users/tavantai/Developer/project_thesis_code/dataset_copy/11/train-00063-of-00803_94.wav,0,48000,11
11--train-00063-of-00803_333,3.0,/Users/tavantai/Developer/project_thesis_code/dataset_copy/11/train-00063-of-00803_333.wav,0,48000,11
11--train-00063-of-00803_121,3.0,/Users/tavantai/Developer/project_thesis_code/dataset_copy/11/train-00063-of-00803_121.wav,0,48000,11
11--train-00063-of-00803_443,3.0,/Users/tavantai/Developer/project_thesis_code/dataset_copy/11/train-00063-of-00803_443.wav,0,48000,11
11--train-00063-of-00803_334,3.0,/Users/tavantai/Developer/project_thesis_code/dataset_copy/11/train-00063-of-00803_334.wav,0,48000,11
11--train-00062-of-00803_1083,3.0,/Users/tavantai/Developer/project_thesis_code/dataset_copy/11/train-00062-of-00803_1083.wav,0,48000,11
11--train-00063-of-00803_318,3.0,/Users/tavantai/Developer/project_thesis_code/dataset_copy/11/train-00063-of-00803_318.wav,0,48000,11
11--train-00062-of-00803_1251,3.0,/Users/tavantai/Developer/project_thesis_code/dataset_copy/11/train-00062-of-00803_1251.wav,0,48000,11
11--train-00063-of-00803_229,3.0,/Users/tavantai/Developer/project_thesis_code/dataset_copy/11/train-00063-of-00803_229.wav,0,48000,11
11--train-00062-of-00803_1077,3.0,/Users/tavantai/Developer/project_thesis_code/dataset_copy/11/train-00062-of-00803_1077.wav,0,48000,11
11--train-00063-of-00803_56,3.0,/Users/tavantai/Developer/project_thesis_code/dataset_copy/11/train-00063-of-00803_56.wav,0,48000,11
11--train-00063-of-00803_388,3.0,/Users/tavantai/Developer/project_thesis_code/dataset_copy/11/train-00063-of-00803_388.wav,0,48000,11
11--train-00062-of-00803_1257,3.0,/Users/tavantai/Developer/project_thesis_code/dataset_copy/11/train-00062-of-00803_1257.wav,0,48000,11
11--train-00063-of-00803_259,3.0,/Users/tavantai/Developer/project_thesis_code/dataset_copy/11/train-00063-of-00803_259.wav,0,48000,11
11--train-00062-of-00803_1219,3.0,/Users/tavantai/Developer/project_thesis_code/dataset_copy/11/train-00062-of-00803_1219.wav,0,48000,11
11--train-00063-of-00803_449,3.0,/Users/tavantai/Developer/project_thesis_code/dataset_copy/11/train-00063-of-00803_449.wav,0,48000,11
11--train-00063-of-00803_157,3.0,/Users/tavantai/Developer/project_thesis_code/dataset_copy/11/train-00063-of-00803_157.wav,0,48000,11
11--train-00062-of-00803_932,3.0,/Users/tavantai/Developer/project_thesis_code/dataset_copy/11/train-00062-of-00803_932.wav,0,48000,11
11--train-00063-of-00803_364,3.0,/Users/tavantai/Developer/project_thesis_code/dataset_copy/11/train-00063-of-00803_364.wav,0,48000,11
11--train-00062-of-00803_1145,3.0,/Users/tavantai/Developer/project_thesis_code/dataset_copy/11/train-00062-of-00803_1145.wav,0,48000,11
11--train-00062-of-00803_1255,3.0,/Users/tavantai/Developer/project_thesis_code/dataset_copy/11/train-00062-of-00803_1255.wav,0,48000,11
11--train-00062-of-00803_940,3.0,/Users/tavantai/Developer/project_thesis_code/dataset_copy/11/train-00062-of-00803_940.wav,0,48000,11
11--train-00062-of-00803_1173,3.0,/Users/tavantai/Developer/project_thesis_code/dataset_copy/11/train-00062-of-00803_1173.wav,0,48000,11
11--train-00063-of-00803_470,3.0,/Users/tavantai/Developer/project_thesis_code/dataset_copy/11/train-00063-of-00803_470.wav,0,48000,11
11--train-00062-of-00803_883,3.0,/Users/tavantai/Developer/project_thesis_code/dataset_copy/11/train-00062-of-00803_883.wav,0,48000,11
11--train-00062-of-00803_882,3.0,/Users/tavantai/Developer/project_thesis_code/dataset_copy/11/train-00062-of-00803_882.wav,0,48000,11
11--train-00063-of-00803_332,3.0,/Users/tavantai/Developer/project_thesis_code/dataset_copy/11/train-00063-of-00803_332.wav,0,48000,11
11--train-00063-of-00803_134,3.0,/Users/tavantai/Developer/project_thesis_code/dataset_copy/11/train-00063-of-00803_134.wav,0,48000,11
11--train-00063-of-00803_138,3.0,/Users/tavantai/Developer/project_thesis_code/dataset_copy/11/train-00063-of-00803_138.wav,0,48000,11
11--train-00063-of-00803_172,3.0,/Users/tavantai/Developer/project_thesis_code/dataset_copy/11/train-00063-of-00803_172.wav,0,48000,11
11--train-00063-of-00803_2,3.0,/Users/tavantai/Developer/project_thesis_code/dataset_copy/11/train-00063-of-00803_2.wav,0,48000,11
11--train-00063-of-00803_308,3.0,/Users/tavantai/Developer/project_thesis_code/dataset_copy/11/train-00063-of-00803_308.wav,0,48000,11
11--train-00062-of-00803_1170,3.0,/Users/tavantai/Developer/project_thesis_code/dataset_copy/11/train-00062-of-00803_1170.wav,0,48000,11
11--train-00062-of-00803_828,3.0,/Users/tavantai/Developer/project_thesis_code/dataset_copy/11/train-00062-of-00803_828.wav,0,48000,11
11--train-00063-of-00803_425,3.0,/Users/tavantai/Developer/project_thesis_code/dataset_copy/11/train-00063-of-00803_425.wav,0,48000,11
11--train-00062-of-00803_1213,3.0,/Users/tavantai/Developer/project_thesis_code/dataset_copy/11/train-00062-of-00803_1213.wav,0,48000,11
11--train-00062-of-00803_1024,3.0,/Users/tavantai/Developer/project_thesis_code/dataset_copy/11/train-00062-of-00803_1024.wav,0,48000,11
11--train-00063-of-00803_36,3.0,/Users/tavantai/Developer/project_thesis_code/dataset_copy/11/train-00063-of-00803_36.wav,0,48000,11
11--train-00062-of-00803_985,3.0,/Users/tavantai/Developer/project_thesis_code/dataset_copy/11/train-00062-of-00803_985.wav,0,48000,11
11--train-00063-of-00803_69,3.0,/Users/tavantai/Developer/project_thesis_code/dataset_copy/11/train-00063-of-00803_69.wav,0,48000,11
11--train-00063-of-00803_325,3.0,/Users/tavantai/Developer/project_thesis_code/dataset_copy/11/train-00063-of-00803_325.wav,0,48000,11
11--train-00063-of-00803_37,3.0,/Users/tavantai/Developer/project_thesis_code/dataset_copy/11/train-00063-of-00803_37.wav,0,48000,11
11--train-00062-of-00803_1059,3.0,/Users/tavantai/Developer/project_thesis_code/dataset_copy/11/train-00062-of-00803_1059.wav,0,48000,11
11--train-00063-of-00803_252,3.0,/Users/tavantai/Developer/project_thesis_code/dataset_copy/11/train-00063-of-00803_252.wav,0,48000,11
11--train-00063-of-00803_283,3.0,/Users/tavantai/Developer/project_thesis_code/dataset_copy/11/train-00063-of-00803_283.wav,0,48000,11
11--train-00062-of-00803_987,3.0,/Users/tavantai/Developer/project_thesis_code/dataset_copy/11/train-00062-of-00803_987.wav,0,48000,11
11--train-00063-of-00803_269,3.0,/Users/tavantai/Developer/project_thesis_code/dataset_copy/11/train-00063-of-00803_269.wav,0,48000,11
11--train-00062-of-00803_866,3.0,/Users/tavantai/Developer/project_thesis_code/dataset_copy/11/train-00062-of-00803_866.wav,0,48000,11
11--train-00063-of-00803_358,3.0,/Users/tavantai/Developer/project_thesis_code/dataset_copy/11/train-00063-of-00803_358.wav,0,48000,11
11--train-00063-of-00803_475,3.0,/Users/tavantai/Developer/project_thesis_code/dataset_copy/11/train-00063-of-00803_475.wav,0,48000,11
11--train-00062-of-00803_1215,3.0,/Users/tavantai/Developer/project_thesis_code/dataset_copy/11/train-00062-of-00803_1215.wav,0,48000,11
11--train-00063-of-00803_337,3.0,/Users/tavantai/Developer/project_thesis_code/dataset_copy/11/train-00063-of-00803_337.wav,0,48000,11
11--train-00063-of-00803_268,3.0,/Users/tavantai/Developer/project_thesis_code/dataset_copy/11/train-00063-of-00803_268.wav,0,48000,11
11--train-00063-of-00803_419,3.0,/Users/tavantai/Developer/project_thesis_code/dataset_copy/11/train-00063-of-00803_419.wav,0,48000,11
11--train-00062-of-00803_1091,3.0,/Users/tavantai/Developer/project_thesis_code/dataset_copy/11/train-00062-of-00803_1091.wav,0,48000,11
11--train-00062-of-00803_1279,3.0,/Users/tavantai/Developer/project_thesis_code/dataset_copy/11/train-00062-of-00803_1279.wav,0,48000,11
11--train-00062-of-00803_829,3.0,/Users/tavantai/Developer/project_thesis_code/dataset_copy/11/train-00062-of-00803_829.wav,0,48000,11
11--train-00063-of-00803_402,3.0,/Users/tavantai/Developer/project_thesis_code/dataset_copy/11/train-00063-of-00803_402.wav,0,48000,11
11--train-00062-of-00803_1232,3.0,/Users/tavantai/Developer/project_thesis_code/dataset_copy/11/train-00062-of-00803_1232.wav,0,48000,11
11--train-00063-of-00803_343,3.0,/Users/tavantai/Developer/project_thesis_code/dataset_copy/11/train-00063-of-00803_343.wav,0,48000,11
11--train-00062-of-00803_933,3.0,/Users/tavantai/Developer/project_thesis_code/dataset_copy/11/train-00062-of-00803_933.wav,0,48000,11
11--train-00062-of-00803_1250,3.0,/Users/tavantai/Developer/project_thesis_code/dataset_copy/11/train-00062-of-00803_1250.wav,0,48000,11
11--train-00063-of-00803_45,3.0,/Users/tavantai/Developer/project_thesis_code/dataset_copy/11/train-00063-of-00803_45.wav,0,48000,11
11--train-00062-of-00803_954,3.0,/Users/tavantai/Developer/project_thesis_code/dataset_copy/11/train-00062-of-00803_954.wav,0,48000,11
11--train-00063-of-00803_386,3.0,/Users/tavantai/Developer/project_thesis_code/dataset_copy/11/train-00063-of-00803_386.wav,0,48000,11
11--train-00063-of-00803_438,3.0,/Users/tavantai/Developer/project_thesis_code/dataset_copy/11/train-00063-of-00803_438.wav,0,48000,11
11--train-00063-of-00803_375,3.0,/Users/tavantai/Developer/project_thesis_code/dataset_copy/11/train-00063-of-00803_375.wav,0,48000,11
11--train-00063-of-00803_418,3.0,/Users/tavantai/Developer/project_thesis_code/dataset_copy/11/train-00063-of-00803_418.wav,0,48000,11
11--train-00063-of-00803_348,3.0,/Users/tavantai/Developer/project_thesis_code/dataset_copy/11/train-00063-of-00803_348.wav,0,48000,11
11--train-00063-of-00803_244,3.0,/Users/tavantai/Developer/project_thesis_code/dataset_copy/11/train-00063-of-00803_244.wav,0,48000,11
11--train-00063-of-00803_485,3.0,/Users/tavantai/Developer/project_thesis_code/dataset_copy/11/train-00063-of-00803_485.wav,0,48000,11
11--train-00062-of-00803_897,3.0,/Users/tavantai/Developer/project_thesis_code/dataset_copy/11/train-00062-of-00803_897.wav,0,48000,11
11--train-00063-of-00803_14,3.0,/Users/tavantai/Developer/project_thesis_code/dataset_copy/11/train-00063-of-00803_14.wav,0,48000,11
11--train-00063-of-00803_311,3.0,/Users/tavantai/Developer/project_thesis_code/dataset_copy/11/train-00063-of-00803_311.wav,0,48000,11
11--train-00062-of-00803_1187,3.0,/Users/tavantai/Developer/project_thesis_code/dataset_copy/11/train-00062-of-00803_1187.wav,0,48000,11
11--train-00062-of-00803_1132,3.0,/Users/tavantai/Developer/project_thesis_code/dataset_copy/11/train-00062-of-00803_1132.wav,0,48000,11
11--train-00063-of-00803_96,3.0,/Users/tavantai/Developer/project_thesis_code/dataset_copy/11/train-00063-of-00803_96.wav,0,48000,11
11--train-00062-of-00803_1293,3.0,/Users/tavantai/Developer/project_thesis_code/dataset_copy/11/train-00062-of-00803_1293.wav,0,48000,11
11--train-00062-of-00803_928,3.0,/Users/tavantai/Developer/project_thesis_code/dataset_copy/11/train-00062-of-00803_928.wav,0,48000,11
11--train-00063-of-00803_274,3.0,/Users/tavantai/Developer/project_thesis_code/dataset_copy/11/train-00063-of-00803_274.wav,0,48000,11
11--train-00063-of-00803_346,3.0,/Users/tavantai/Developer/project_thesis_code/dataset_copy/11/train-00063-of-00803_346.wav,0,48000,11
11--train-00062-of-00803_981,3.0,/Users/tavantai/Developer/project_thesis_code/dataset_copy/11/train-00062-of-00803_981.wav,0,48000,11
11--train-00063-of-00803_266,3.0,/Users/tavantai/Developer/project_thesis_code/dataset_copy/11/train-00063-of-00803_266.wav,0,48000,11
11--train-00063-of-00803_351,3.0,/Users/tavantai/Developer/project_thesis_code/dataset_copy/11/train-00063-of-00803_351.wav,0,48000,11
11--train-00062-of-00803_1057,3.0,/Users/tavantai/Developer/project_thesis_code/dataset_copy/11/train-00062-of-00803_1057.wav,0,48000,11
11--train-00063-of-00803_1,3.0,/Users/tavantai/Developer/project_thesis_code/dataset_copy/11/train-00063-of-00803_1.wav,0,48000,11
11--train-00062-of-00803_1297,3.0,/Users/tavantai/Developer/project_thesis_code/dataset_copy/11/train-00062-of-00803_1297.wav,0,48000,11
11--train-00062-of-00803_961,3.0,/Users/tavantai/Developer/project_thesis_code/dataset_copy/11/train-00062-of-00803_961.wav,0,48000,11
11--train-00062-of-00803_1067,3.0,/Users/tavantai/Developer/project_thesis_code/dataset_copy/11/train-00062-of-00803_1067.wav,0,48000,11
11--train-00062-of-00803_1065,3.0,/Users/tavantai/Developer/project_thesis_code/dataset_copy/11/train-00062-of-00803_1065.wav,0,48000,11
11--train-00062-of-00803_877,3.0,/Users/tavantai/Developer/project_thesis_code/dataset_copy/11/train-00062-of-00803_877.wav,0,48000,11
11--train-00063-of-00803_58,3.0,/Users/tavantai/Developer/project_thesis_code/dataset_copy/11/train-00063-of-00803_58.wav,0,48000,11
11--train-00063-of-00803_195,3.0,/Users/tavantai/Developer/project_thesis_code/dataset_copy/11/train-00063-of-00803_195.wav,0,48000,11
11--train-00062-of-00803_1047,3.0,/Users/tavantai/Developer/project_thesis_code/dataset_copy/11/train-00062-of-00803_1047.wav,0,48000,11
11--train-00062-of-00803_1172,3.0,/Users/tavantai/Developer/project_thesis_code/dataset_copy/11/train-00062-of-00803_1172.wav,0,48000,11
11--train-00063-of-00803_289,3.0,/Users/tavantai/Developer/project_thesis_code/dataset_copy/11/train-00063-of-00803_289.wav,0,48000,11
11--train-00062-of-00803_999,3.0,/Users/tavantai/Developer/project_thesis_code/dataset_copy/11/train-00062-of-00803_999.wav,0,48000,11
11--train-00063-of-00803_110,3.0,/Users/tavantai/Developer/project_thesis_code/dataset_copy/11/train-00063-of-00803_110.wav,0,48000,11
11--train-00063-of-00803_140,3.0,/Users/tavantai/Developer/project_thesis_code/dataset_copy/11/train-00063-of-00803_140.wav,0,48000,11
11--train-00062-of-00803_1224,3.0,/Users/tavantai/Developer/project_thesis_code/dataset_copy/11/train-00062-of-00803_1224.wav,0,48000,11
11--train-00063-of-00803_171,3.0,/Users/tavantai/Developer/project_thesis_code/dataset_copy/11/train-00063-of-00803_171.wav,0,48000,11
11--train-00063-of-00803_340,3.0,/Users/tavantai/Developer/project_thesis_code/dataset_copy/11/train-00063-of-00803_340.wav,0,48000,11
11--train-00062-of-00803_1011,3.0,/Users/tavantai/Developer/project_thesis_code/dataset_copy/11/train-00062-of-00803_1011.wav,0,48000,11
11--train-00063-of-00803_200,3.0,/Users/tavantai/Developer/project_thesis_code/dataset_copy/11/train-00063-of-00803_200.wav,0,48000,11
11--train-00062-of-00803_919,3.0,/Users/tavantai/Developer/project_thesis_code/dataset_copy/11/train-00062-of-00803_919.wav,0,48000,11
11--train-00062-of-00803_1004,3.0,/Users/tavantai/Developer/project_thesis_code/dataset_copy/11/train-00062-of-00803_1004.wav,0,48000,11
11--train-00062-of-00803_1209,3.0,/Users/tavantai/Developer/project_thesis_code/dataset_copy/11/train-00062-of-00803_1209.wav,0,48000,11
11--train-00062-of-00803_968,3.0,/Users/tavantai/Developer/project_thesis_code/dataset_copy/11/train-00062-of-00803_968.wav,0,48000,11
11--train-00063-of-00803_282,3.0,/Users/tavantai/Developer/project_thesis_code/dataset_copy/11/train-00063-of-00803_282.wav,0,48000,11
11--train-00063-of-00803_52,3.0,/Users/tavantai/Developer/project_thesis_code/dataset_copy/11/train-00063-of-00803_52.wav,0,48000,11
11--train-00063-of-00803_247,3.0,/Users/tavantai/Developer/project_thesis_code/dataset_copy/11/train-00063-of-00803_247.wav,0,48000,11
11--train-00062-of-00803_893,3.0,/Users/tavantai/Developer/project_thesis_code/dataset_copy/11/train-00062-of-00803_893.wav,0,48000,11
11--train-00062-of-00803_1162,3.0,/Users/tavantai/Developer/project_thesis_code/dataset_copy/11/train-00062-of-00803_1162.wav,0,48000,11
11--train-00063-of-00803_22,3.0,/Users/tavantai/Developer/project_thesis_code/dataset_copy/11/train-00063-of-00803_22.wav,0,48000,11
11--train-00062-of-00803_1222,3.0,/Users/tavantai/Developer/project_thesis_code/dataset_copy/11/train-00062-of-00803_1222.wav,0,48000,11
11--train-00063-of-00803_215,3.0,/Users/tavantai/Developer/project_thesis_code/dataset_copy/11/train-00063-of-00803_215.wav,0,48000,11
11--train-00063-of-00803_3,3.0,/Users/tavantai/Developer/project_thesis_code/dataset_copy/11/train-00063-of-00803_3.wav,0,48000,11
11--train-00062-of-00803_1006,3.0,/Users/tavantai/Developer/project_thesis_code/dataset_copy/11/train-00062-of-00803_1006.wav,0,48000,11
11--train-00063-of-00803_381,3.0,/Users/tavantai/Developer/project_thesis_code/dataset_copy/11/train-00063-of-00803_381.wav,0,48000,11
11--train-00062-of-00803_1205,3.0,/Users/tavantai/Developer/project_thesis_code/dataset_copy/11/train-00062-of-00803_1205.wav,0,48000,11
11--train-00063-of-00803_139,3.0,/Users/tavantai/Developer/project_thesis_code/dataset_copy/11/train-00063-of-00803_139.wav,0,48000,11
11--train-00063-of-00803_80,3.0,/Users/tavantai/Developer/project_thesis_code/dataset_copy/11/train-00063-of-00803_80.wav,0,48000,11
11--train-00062-of-00803_1166,3.0,/Users/tavantai/Developer/project_thesis_code/dataset_copy/11/train-00062-of-00803_1166.wav,0,48000,11
11--train-00063-of-00803_88,3.0,/Users/tavantai/Developer/project_thesis_code/dataset_copy/11/train-00063-of-00803_88.wav,0,48000,11
11--train-00063-of-00803_366,3.0,/Users/tavantai/Developer/project_thesis_code/dataset_copy/11/train-00063-of-00803_366.wav,0,48000,11
11--train-00063-of-00803_422,3.0,/Users/tavantai/Developer/project_thesis_code/dataset_copy/11/train-00063-of-00803_422.wav,0,48000,11
11--train-00062-of-00803_1167,3.0,/Users/tavantai/Developer/project_thesis_code/dataset_copy/11/train-00062-of-00803_1167.wav,0,48000,11
11--train-00062-of-00803_1014,3.0,/Users/tavantai/Developer/project_thesis_code/dataset_copy/11/train-00062-of-00803_1014.wav,0,48000,11
11--train-00062-of-00803_808,3.0,/Users/tavantai/Developer/project_thesis_code/dataset_copy/11/train-00062-of-00803_808.wav,0,48000,11
11--train-00063-of-00803_254,3.0,/Users/tavantai/Developer/project_thesis_code/dataset_copy/11/train-00063-of-00803_254.wav,0,48000,11
11--train-00063-of-00803_176,3.0,/Users/tavantai/Developer/project_thesis_code/dataset_copy/11/train-00063-of-00803_176.wav,0,48000,11
11--train-00062-of-00803_976,3.0,/Users/tavantai/Developer/project_thesis_code/dataset_copy/11/train-00062-of-00803_976.wav,0,48000,11
11--train-00062-of-00803_982,3.0,/Users/tavantai/Developer/project_thesis_code/dataset_copy/11/train-00062-of-00803_982.wav,0,48000,11
11--train-00062-of-00803_1095,3.0,/Users/tavantai/Developer/project_thesis_code/dataset_copy/11/train-00062-of-00803_1095.wav,0,48000,11
11--train-00063-of-00803_455,3.0,/Users/tavantai/Developer/project_thesis_code/dataset_copy/11/train-00063-of-00803_455.wav,0,48000,11
11--train-00063-of-00803_459,3.0,/Users/tavantai/Developer/project_thesis_code/dataset_copy/11/train-00063-of-00803_459.wav,0,48000,11
11--train-00062-of-00803_1203,3.0,/Users/tavantai/Developer/project_thesis_code/dataset_copy/11/train-00062-of-00803_1203.wav,0,48000,11
11--train-00062-of-00803_1164,3.0,/Users/tavantai/Developer/project_thesis_code/dataset_copy/11/train-00062-of-00803_1164.wav,0,48000,11
11--train-00062-of-00803_1075,3.0,/Users/tavantai/Developer/project_thesis_code/dataset_copy/11/train-00062-of-00803_1075.wav,0,48000,11
11--train-00062-of-00803_1138,3.0,/Users/tavantai/Developer/project_thesis_code/dataset_copy/11/train-00062-of-00803_1138.wav,0,48000,11
11--train-00063-of-00803_207,3.0,/Users/tavantai/Developer/project_thesis_code/dataset_copy/11/train-00063-of-00803_207.wav,0,48000,11
11--train-00063-of-00803_221,3.0,/Users/tavantai/Developer/project_thesis_code/dataset_copy/11/train-00063-of-00803_221.wav,0,48000,11
11--train-00062-of-00803_1192,3.0,/Users/tavantai/Developer/project_thesis_code/dataset_copy/11/train-00062-of-00803_1192.wav,0,48000,11
11--train-00063-of-00803_408,3.0,/Users/tavantai/Developer/project_thesis_code/dataset_copy/11/train-00063-of-00803_408.wav,0,48000,11
11--train-00063-of-00803_404,3.0,/Users/tavantai/Developer/project_thesis_code/dataset_copy/11/train-00063-of-00803_404.wav,0,48000,11
11--train-00062-of-00803_993,3.0,/Users/tavantai/Developer/project_thesis_code/dataset_copy/11/train-00062-of-00803_993.wav,0,48000,11
11--train-00063-of-00803_133,3.0,/Users/tavantai/Developer/project_thesis_code/dataset_copy/11/train-00063-of-00803_133.wav,0,48000,11
11--train-00062-of-00803_839,3.0,/Users/tavantai/Developer/project_thesis_code/dataset_copy/11/train-00062-of-00803_839.wav,0,48000,11
11--train-00063-of-00803_263,3.0,/Users/tavantai/Developer/project_thesis_code/dataset_copy/11/train-00063-of-00803_263.wav,0,48000,11
11--train-00063-of-00803_54,3.0,/Users/tavantai/Developer/project_thesis_code/dataset_copy/11/train-00063-of-00803_54.wav,0,48000,11
11--train-00062-of-00803_806,3.0,/Users/tavantai/Developer/project_thesis_code/dataset_copy/11/train-00062-of-00803_806.wav,0,48000,11
11--train-00063-of-00803_90,3.0,/Users/tavantai/Developer/project_thesis_code/dataset_copy/11/train-00063-of-00803_90.wav,0,48000,11
11--train-00063-of-00803_432,3.0,/Users/tavantai/Developer/project_thesis_code/dataset_copy/11/train-00063-of-00803_432.wav,0,48000,11
11--train-00062-of-00803_1196,3.0,/Users/tavantai/Developer/project_thesis_code/dataset_copy/11/train-00062-of-00803_1196.wav,0,48000,11
11--train-00063-of-00803_165,3.0,/Users/tavantai/Developer/project_thesis_code/dataset_copy/11/train-00063-of-00803_165.wav,0,48000,11
11--train-00062-of-00803_990,3.0,/Users/tavantai/Developer/project_thesis_code/dataset_copy/11/train-00062-of-00803_990.wav,0,48000,11
11--train-00063-of-00803_210,3.0,/Users/tavantai/Developer/project_thesis_code/dataset_copy/11/train-00063-of-00803_210.wav,0,48000,11
11--train-00063-of-00803_331,3.0,/Users/tavantai/Developer/project_thesis_code/dataset_copy/11/train-00063-of-00803_331.wav,0,48000,11
11--train-00063-of-00803_406,3.0,/Users/tavantai/Developer/project_thesis_code/dataset_copy/11/train-00063-of-00803_406.wav,0,48000,11
11--train-00063-of-00803_285,3.0,/Users/tavantai/Developer/project_thesis_code/dataset_copy/11/train-00063-of-00803_285.wav,0,48000,11
11--train-00062-of-00803_1264,3.0,/Users/tavantai/Developer/project_thesis_code/dataset_copy/11/train-00062-of-00803_1264.wav,0,48000,11
11--train-00062-of-00803_1096,3.0,/Users/tavantai/Developer/project_thesis_code/dataset_copy/11/train-00062-of-00803_1096.wav,0,48000,11
11--train-00062-of-00803_851,3.0,/Users/tavantai/Developer/project_thesis_code/dataset_copy/11/train-00062-of-00803_851.wav,0,48000,11
11--train-00062-of-00803_997,3.0,/Users/tavantai/Developer/project_thesis_code/dataset_copy/11/train-00062-of-00803_997.wav,0,48000,11
11--train-00062-of-00803_914,3.0,/Users/tavantai/Developer/project_thesis_code/dataset_copy/11/train-00062-of-00803_914.wav,0,48000,11
11--train-00063-of-00803_70,3.0,/Users/tavantai/Developer/project_thesis_code/dataset_copy/11/train-00063-of-00803_70.wav,0,48000,11
11--train-00062-of-00803_1285,3.0,/Users/tavantai/Developer/project_thesis_code/dataset_copy/11/train-00062-of-00803_1285.wav,0,48000,11
11--train-00062-of-00803_1084,3.0,/Users/tavantai/Developer/project_thesis_code/dataset_copy/11/train-00062-of-00803_1084.wav,0,48000,11
11--train-00062-of-00803_924,3.0,/Users/tavantai/Developer/project_thesis_code/dataset_copy/11/train-00062-of-00803_924.wav,0,48000,11
11--train-00063-of-00803_471,3.0,/Users/tavantai/Developer/project_thesis_code/dataset_copy/11/train-00063-of-00803_471.wav,0,48000,11
11--train-00063-of-00803_279,3.0,/Users/tavantai/Developer/project_thesis_code/dataset_copy/11/train-00063-of-00803_279.wav,0,48000,11
11--train-00062-of-00803_852,3.0,/Users/tavantai/Developer/project_thesis_code/dataset_copy/11/train-00062-of-00803_852.wav,0,48000,11
11--train-00063-of-00803_384,3.0,/Users/tavantai/Developer/project_thesis_code/dataset_copy/11/train-00063-of-00803_384.wav,0,48000,11
11--train-00063-of-00803_17,3.0,/Users/tavantai/Developer/project_thesis_code/dataset_copy/11/train-00063-of-00803_17.wav,0,48000,11
11--train-00063-of-00803_396,3.0,/Users/tavantai/Developer/project_thesis_code/dataset_copy/11/train-00063-of-00803_396.wav,0,48000,11
11--train-00063-of-00803_95,3.0,/Users/tavantai/Developer/project_thesis_code/dataset_copy/11/train-00063-of-00803_95.wav,0,48000,11
11--train-00063-of-00803_260,3.0,/Users/tavantai/Developer/project_thesis_code/dataset_copy/11/train-00063-of-00803_260.wav,0,48000,11
11--train-00062-of-00803_1216,3.0,/Users/tavantai/Developer/project_thesis_code/dataset_copy/11/train-00062-of-00803_1216.wav,0,48000,11
11--train-00063-of-00803_378,3.0,/Users/tavantai/Developer/project_thesis_code/dataset_copy/11/train-00063-of-00803_378.wav,0,48000,11
11--train-00063-of-00803_328,3.0,/Users/tavantai/Developer/project_thesis_code/dataset_copy/11/train-00063-of-00803_328.wav,0,48000,11
11--train-00062-of-00803_1101,3.0,/Users/tavantai/Developer/project_thesis_code/dataset_copy/11/train-00062-of-00803_1101.wav,0,48000,11
11--train-00063-of-00803_360,3.0,/Users/tavantai/Developer/project_thesis_code/dataset_copy/11/train-00063-of-00803_360.wav,0,48000,11
11--train-00062-of-00803_844,3.0,/Users/tavantai/Developer/project_thesis_code/dataset_copy/11/train-00062-of-00803_844.wav,0,48000,11
11--train-00062-of-00803_1262,3.0,/Users/tavantai/Developer/project_thesis_code/dataset_copy/11/train-00062-of-00803_1262.wav,0,48000,11
11--train-00062-of-00803_952,3.0,/Users/tavantai/Developer/project_thesis_code/dataset_copy/11/train-00062-of-00803_952.wav,0,48000,11
11--train-00062-of-00803_964,3.0,/Users/tavantai/Developer/project_thesis_code/dataset_copy/11/train-00062-of-00803_964.wav,0,48000,11
11--train-00062-of-00803_1210,3.0,/Users/tavantai/Developer/project_thesis_code/dataset_copy/11/train-00062-of-00803_1210.wav,0,48000,11
11--train-00062-of-00803_960,3.0,/Users/tavantai/Developer/project_thesis_code/dataset_copy/11/train-00062-of-00803_960.wav,0,48000,11
11--train-00063-of-00803_352,3.0,/Users/tavantai/Developer/project_thesis_code/dataset_copy/11/train-00063-of-00803_352.wav,0,48000,11
11--train-00063-of-00803_163,3.0,/Users/tavantai/Developer/project_thesis_code/dataset_copy/11/train-00063-of-00803_163.wav,0,48000,11
11--train-00063-of-00803_451,3.0,/Users/tavantai/Developer/project_thesis_code/dataset_copy/11/train-00063-of-00803_451.wav,0,48000,11
11--train-00063-of-00803_444,3.0,/Users/tavantai/Developer/project_thesis_code/dataset_copy/11/train-00063-of-00803_444.wav,0,48000,11
11--train-00062-of-00803_1149,3.0,/Users/tavantai/Developer/project_thesis_code/dataset_copy/11/train-00062-of-00803_1149.wav,0,48000,11
11--train-00063-of-00803_64,3.0,/Users/tavantai/Developer/project_thesis_code/dataset_copy/11/train-00063-of-00803_64.wav,0,48000,11
11--train-00063-of-00803_478,3.0,/Users/tavantai/Developer/project_thesis_code/dataset_copy/11/train-00063-of-00803_478.wav,0,48000,11
11--train-00062-of-00803_884,3.0,/Users/tavantai/Developer/project_thesis_code/dataset_copy/11/train-00062-of-00803_884.wav,0,48000,11
11--train-00062-of-00803_1283,3.0,/Users/tavantai/Developer/project_thesis_code/dataset_copy/11/train-00062-of-00803_1283.wav,0,48000,11
11--train-00063-of-00803_374,3.0,/Users/tavantai/Developer/project_thesis_code/dataset_copy/11/train-00063-of-00803_374.wav,0,48000,11
11--train-00062-of-00803_1070,3.0,/Users/tavantai/Developer/project_thesis_code/dataset_copy/11/train-00062-of-00803_1070.wav,0,48000,11
11--train-00062-of-00803_1100,3.0,/Users/tavantai/Developer/project_thesis_code/dataset_copy/11/train-00062-of-00803_1100.wav,0,48000,11
11--train-00062-of-00803_1241,3.0,/Users/tavantai/Developer/project_thesis_code/dataset_copy/11/train-00062-of-00803_1241.wav,0,48000,11
11--train-00063-of-00803_292,3.0,/Users/tavantai/Developer/project_thesis_code/dataset_copy/11/train-00063-of-00803_292.wav,0,48000,11
11--train-00062-of-00803_959,3.0,/Users/tavantai/Developer/project_thesis_code/dataset_copy/11/train-00062-of-00803_959.wav,0,48000,11
11--train-00063-of-00803_335,3.0,/Users/tavantai/Developer/project_thesis_code/dataset_copy/11/train-00063-of-00803_335.wav,0,48000,11
11--train-00063-of-00803_345,3.0,/Users/tavantai/Developer/project_thesis_code/dataset_copy/11/train-00063-of-00803_345.wav,0,48000,11
11--train-00062-of-00803_891,3.0,/Users/tavantai/Developer/project_thesis_code/dataset_copy/11/train-00062-of-00803_891.wav,0,48000,11
11--train-00063-of-00803_275,3.0,/Users/tavantai/Developer/project_thesis_code/dataset_copy/11/train-00063-of-00803_275.wav,0,48000,11
11--train-00062-of-00803_1126,3.0,/Users/tavantai/Developer/project_thesis_code/dataset_copy/11/train-00062-of-00803_1126.wav,0,48000,11
11--train-00062-of-00803_973,3.0,/Users/tavantai/Developer/project_thesis_code/dataset_copy/11/train-00062-of-00803_973.wav,0,48000,11
11--train-00062-of-00803_1175,3.0,/Users/tavantai/Developer/project_thesis_code/dataset_copy/11/train-00062-of-00803_1175.wav,0,48000,11
11--train-00063-of-00803_262,3.0,/Users/tavantai/Developer/project_thesis_code/dataset_copy/11/train-00063-of-00803_262.wav,0,48000,11
11--train-00063-of-00803_166,3.0,/Users/tavantai/Developer/project_thesis_code/dataset_copy/11/train-00063-of-00803_166.wav,0,48000,11
11--train-00062-of-00803_1068,3.0,/Users/tavantai/Developer/project_thesis_code/dataset_copy/11/train-00062-of-00803_1068.wav,0,48000,11
11--train-00062-of-00803_842,3.0,/Users/tavantai/Developer/project_thesis_code/dataset_copy/11/train-00062-of-00803_842.wav,0,48000,11
11--train-00063-of-00803_324,3.0,/Users/tavantai/Developer/project_thesis_code/dataset_copy/11/train-00063-of-00803_324.wav,0,48000,11
11--train-00062-of-00803_941,3.0,/Users/tavantai/Developer/project_thesis_code/dataset_copy/11/train-00062-of-00803_941.wav,0,48000,11
11--train-00062-of-00803_956,3.0,/Users/tavantai/Developer/project_thesis_code/dataset_copy/11/train-00062-of-00803_956.wav,0,48000,11
11--train-00062-of-00803_1146,3.0,/Users/tavantai/Developer/project_thesis_code/dataset_copy/11/train-00062-of-00803_1146.wav,0,48000,11
11--train-00062-of-00803_975,3.0,/Users/tavantai/Developer/project_thesis_code/dataset_copy/11/train-00062-of-00803_975.wav,0,48000,11
11--train-00063-of-00803_68,3.0,/Users/tavantai/Developer/project_thesis_code/dataset_copy/11/train-00063-of-00803_68.wav,0,48000,11
11--train-00063-of-00803_83,3.0,/Users/tavantai/Developer/project_thesis_code/dataset_copy/11/train-00063-of-00803_83.wav,0,48000,11
11--train-00062-of-00803_934,3.0,/Users/tavantai/Developer/project_thesis_code/dataset_copy/11/train-00062-of-00803_934.wav,0,48000,11
11--train-00062-of-00803_1271,3.0,/Users/tavantai/Developer/project_thesis_code/dataset_copy/11/train-00062-of-00803_1271.wav,0,48000,11
11--train-00062-of-00803_1204,3.0,/Users/tavantai/Developer/project_thesis_code/dataset_copy/11/train-00062-of-00803_1204.wav,0,48000,11
11--train-00063-of-00803_460,3.0,/Users/tavantai/Developer/project_thesis_code/dataset_copy/11/train-00063-of-00803_460.wav,0,48000,11
11--train-00062-of-00803_937,3.0,/Users/tavantai/Developer/project_thesis_code/dataset_copy/11/train-00062-of-00803_937.wav,0,48000,11
11--train-00063-of-00803_72,3.0,/Users/tavantai/Developer/project_thesis_code/dataset_copy/11/train-00063-of-00803_72.wav,0,48000,11
11--train-00063-of-00803_409,3.0,/Users/tavantai/Developer/project_thesis_code/dataset_copy/11/train-00063-of-00803_409.wav,0,48000,11
11--train-00062-of-00803_1207,3.0,/Users/tavantai/Developer/project_thesis_code/dataset_copy/11/train-00062-of-00803_1207.wav,0,48000,11
11--train-00062-of-00803_1008,3.0,/Users/tavantai/Developer/project_thesis_code/dataset_copy/11/train-00062-of-00803_1008.wav,0,48000,11
11--train-00062-of-00803_869,3.0,/Users/tavantai/Developer/project_thesis_code/dataset_copy/11/train-00062-of-00803_869.wav,0,48000,11
11--train-00063-of-00803_302,3.0,/Users/tavantai/Developer/project_thesis_code/dataset_copy/11/train-00063-of-00803_302.wav,0,48000,11
11--train-00063-of-00803_156,3.0,/Users/tavantai/Developer/project_thesis_code/dataset_copy/11/train-00063-of-00803_156.wav,0,48000,11
11--train-00062-of-00803_1274,3.0,/Users/tavantai/Developer/project_thesis_code/dataset_copy/11/train-00062-of-00803_1274.wav,0,48000,11
11--train-00063-of-00803_120,3.0,/Users/tavantai/Developer/project_thesis_code/dataset_copy/11/train-00063-of-00803_120.wav,0,48000,11
11--train-00063-of-00803_77,3.0,/Users/tavantai/Developer/project_thesis_code/dataset_copy/11/train-00063-of-00803_77.wav,0,48000,11
11--train-00063-of-00803_414,3.0,/Users/tavantai/Developer/project_thesis_code/dataset_copy/11/train-00063-of-00803_414.wav,0,48000,11
11--train-00063-of-00803_362,3.0,/Users/tavantai/Developer/project_thesis_code/dataset_copy/11/train-00063-of-00803_362.wav,0,48000,11
11--train-00063-of-00803_437,3.0,/Users/tavantai/Developer/project_thesis_code/dataset_copy/11/train-00063-of-00803_437.wav,0,48000,11
11--train-00062-of-00803_1249,3.0,/Users/tavantai/Developer/project_thesis_code/dataset_copy/11/train-00062-of-00803_1249.wav,0,48000,11
11--train-00063-of-00803_280,3.0,/Users/tavantai/Developer/project_thesis_code/dataset_copy/11/train-00063-of-00803_280.wav,0,48000,11
11--train-00062-of-00803_1046,3.0,/Users/tavantai/Developer/project_thesis_code/dataset_copy/11/train-00062-of-00803_1046.wav,0,48000,11
11--train-00063-of-00803_32,3.0,/Users/tavantai/Developer/project_thesis_code/dataset_copy/11/train-00063-of-00803_32.wav,0,48000,11
11--train-00063-of-00803_219,3.0,/Users/tavantai/Developer/project_thesis_code/dataset_copy/11/train-00063-of-00803_219.wav,0,48000,11
11--train-00062-of-00803_1288,3.0,/Users/tavantai/Developer/project_thesis_code/dataset_copy/11/train-00062-of-00803_1288.wav,0,48000,11
11--train-00062-of-00803_1272,3.0,/Users/tavantai/Developer/project_thesis_code/dataset_copy/11/train-00062-of-00803_1272.wav,0,48000,11
11--train-00062-of-00803_1143,3.0,/Users/tavantai/Developer/project_thesis_code/dataset_copy/11/train-00062-of-00803_1143.wav,0,48000,11
11--train-00062-of-00803_1048,3.0,/Users/tavantai/Developer/project_thesis_code/dataset_copy/11/train-00062-of-00803_1048.wav,0,48000,11
11--train-00062-of-00803_1050,3.0,/Users/tavantai/Developer/project_thesis_code/dataset_copy/11/train-00062-of-00803_1050.wav,0,48000,11
11--train-00063-of-00803_122,3.0,/Users/tavantai/Developer/project_thesis_code/dataset_copy/11/train-00063-of-00803_122.wav,0,48000,11
11--train-00063-of-00803_305,3.0,/Users/tavantai/Developer/project_thesis_code/dataset_copy/11/train-00063-of-00803_305.wav,0,48000,11
11--train-00062-of-00803_1135,3.0,/Users/tavantai/Developer/project_thesis_code/dataset_copy/11/train-00062-of-00803_1135.wav,0,48000,11
11--train-00063-of-00803_270,3.0,/Users/tavantai/Developer/project_thesis_code/dataset_copy/11/train-00063-of-00803_270.wav,0,48000,11
11--train-00063-of-00803_98,3.0,/Users/tavantai/Developer/project_thesis_code/dataset_copy/11/train-00063-of-00803_98.wav,0,48000,11
11--train-00063-of-00803_39,3.0,/Users/tavantai/Developer/project_thesis_code/dataset_copy/11/train-00063-of-00803_39.wav,0,48000,11
11--train-00062-of-00803_1151,3.0,/Users/tavantai/Developer/project_thesis_code/dataset_copy/11/train-00062-of-00803_1151.wav,0,48000,11
11--train-00063-of-00803_452,3.0,/Users/tavantai/Developer/project_thesis_code/dataset_copy/11/train-00063-of-00803_452.wav,0,48000,11
11--train-00062-of-00803_1193,3.0,/Users/tavantai/Developer/project_thesis_code/dataset_copy/11/train-00062-of-00803_1193.wav,0,48000,11
11--train-00062-of-00803_1276,3.0,/Users/tavantai/Developer/project_thesis_code/dataset_copy/11/train-00062-of-00803_1276.wav,0,48000,11
11--train-00062-of-00803_804,3.0,/Users/tavantai/Developer/project_thesis_code/dataset_copy/11/train-00062-of-00803_804.wav,0,48000,11
11--train-00062-of-00803_864,3.0,/Users/tavantai/Developer/project_thesis_code/dataset_copy/11/train-00062-of-00803_864.wav,0,48000,11
11--train-00063-of-00803_457,3.0,/Users/tavantai/Developer/project_thesis_code/dataset_copy/11/train-00063-of-00803_457.wav,0,48000,11
12--train-00065-of-00803_969,3.0,/Users/tavantai/Developer/project_thesis_code/dataset_copy/12/train-00065-of-00803_969.wav,0,48000,12
12--train-00065-of-00803_841,3.0,/Users/tavantai/Developer/project_thesis_code/dataset_copy/12/train-00065-of-00803_841.wav,0,48000,12
12--train-00065-of-00803_1015,3.0,/Users/tavantai/Developer/project_thesis_code/dataset_copy/12/train-00065-of-00803_1015.wav,0,48000,12
12--train-00065-of-00803_869,3.0,/Users/tavantai/Developer/project_thesis_code/dataset_copy/12/train-00065-of-00803_869.wav,0,48000,12
12--train-00065-of-00803_939,3.0,/Users/tavantai/Developer/project_thesis_code/dataset_copy/12/train-00065-of-00803_939.wav,0,48000,12
12--train-00065-of-00803_817,3.0,/Users/tavantai/Developer/project_thesis_code/dataset_copy/12/train-00065-of-00803_817.wav,0,48000,12
12--train-00065-of-00803_1042,3.0,/Users/tavantai/Developer/project_thesis_code/dataset_copy/12/train-00065-of-00803_1042.wav,0,48000,12
12--train-00065-of-00803_883,3.0,/Users/tavantai/Developer/project_thesis_code/dataset_copy/12/train-00065-of-00803_883.wav,0,48000,12
12--train-00065-of-00803_979,3.0,/Users/tavantai/Developer/project_thesis_code/dataset_copy/12/train-00065-of-00803_979.wav,0,48000,12
12--train-00065-of-00803_812,3.0,/Users/tavantai/Developer/project_thesis_code/dataset_copy/12/train-00065-of-00803_812.wav,0,48000,12
12--train-00065-of-00803_982,3.0,/Users/tavantai/Developer/project_thesis_code/dataset_copy/12/train-00065-of-00803_982.wav,0,48000,12
12--train-00065-of-00803_1010,3.0,/Users/tavantai/Developer/project_thesis_code/dataset_copy/12/train-00065-of-00803_1010.wav,0,48000,12
12--train-00065-of-00803_831,3.0,/Users/tavantai/Developer/project_thesis_code/dataset_copy/12/train-00065-of-00803_831.wav,0,48000,12
12--train-00065-of-00803_1073,3.0,/Users/tavantai/Developer/project_thesis_code/dataset_copy/12/train-00065-of-00803_1073.wav,0,48000,12
12--train-00065-of-00803_836,3.0,/Users/tavantai/Developer/project_thesis_code/dataset_copy/12/train-00065-of-00803_836.wav,0,48000,12
12--train-00065-of-00803_820,3.0,/Users/tavantai/Developer/project_thesis_code/dataset_copy/12/train-00065-of-00803_820.wav,0,48000,12
12--train-00065-of-00803_975,3.0,/Users/tavantai/Developer/project_thesis_code/dataset_copy/12/train-00065-of-00803_975.wav,0,48000,12
12--train-00065-of-00803_800,3.0,/Users/tavantai/Developer/project_thesis_code/dataset_copy/12/train-00065-of-00803_800.wav,0,48000,12
12--train-00065-of-00803_870,3.0,/Users/tavantai/Developer/project_thesis_code/dataset_copy/12/train-00065-of-00803_870.wav,0,48000,12
12--train-00065-of-00803_1048,3.0,/Users/tavantai/Developer/project_thesis_code/dataset_copy/12/train-00065-of-00803_1048.wav,0,48000,12
12--train-00065-of-00803_896,3.0,/Users/tavantai/Developer/project_thesis_code/dataset_copy/12/train-00065-of-00803_896.wav,0,48000,12
12--train-00065-of-00803_862,3.0,/Users/tavantai/Developer/project_thesis_code/dataset_copy/12/train-00065-of-00803_862.wav,0,48000,12
12--train-00065-of-00803_957,3.0,/Users/tavantai/Developer/project_thesis_code/dataset_copy/12/train-00065-of-00803_957.wav,0,48000,12
12--train-00065-of-00803_833,3.0,/Users/tavantai/Developer/project_thesis_code/dataset_copy/12/train-00065-of-00803_833.wav,0,48000,12
12--train-00065-of-00803_962,3.0,/Users/tavantai/Developer/project_thesis_code/dataset_copy/12/train-00065-of-00803_962.wav,0,48000,12
12--train-00065-of-00803_986,3.0,/Users/tavantai/Developer/project_thesis_code/dataset_copy/12/train-00065-of-00803_986.wav,0,48000,12
12--train-00065-of-00803_1017,3.0,/Users/tavantai/Developer/project_thesis_code/dataset_copy/12/train-00065-of-00803_1017.wav,0,48000,12
12--train-00065-of-00803_810,3.0,/Users/tavantai/Developer/project_thesis_code/dataset_copy/12/train-00065-of-00803_810.wav,0,48000,12
12--train-00065-of-00803_909,3.0,/Users/tavantai/Developer/project_thesis_code/dataset_copy/12/train-00065-of-00803_909.wav,0,48000,12
12--train-00065-of-00803_885,3.0,/Users/tavantai/Developer/project_thesis_code/dataset_copy/12/train-00065-of-00803_885.wav,0,48000,12
12--train-00065-of-00803_1054,3.0,/Users/tavantai/Developer/project_thesis_code/dataset_copy/12/train-00065-of-00803_1054.wav,0,48000,12
12--train-00065-of-00803_813,3.0,/Users/tavantai/Developer/project_thesis_code/dataset_copy/12/train-00065-of-00803_813.wav,0,48000,12
12--train-00065-of-00803_842,3.0,/Users/tavantai/Developer/project_thesis_code/dataset_copy/12/train-00065-of-00803_842.wav,0,48000,12
12--train-00065-of-00803_898,3.0,/Users/tavantai/Developer/project_thesis_code/dataset_copy/12/train-00065-of-00803_898.wav,0,48000,12
12--train-00065-of-00803_1057,3.0,/Users/tavantai/Developer/project_thesis_code/dataset_copy/12/train-00065-of-00803_1057.wav,0,48000,12
12--train-00065-of-00803_1031,3.0,/Users/tavantai/Developer/project_thesis_code/dataset_copy/12/train-00065-of-00803_1031.wav,0,48000,12
12--train-00065-of-00803_861,3.0,/Users/tavantai/Developer/project_thesis_code/dataset_copy/12/train-00065-of-00803_861.wav,0,48000,12
12--train-00065-of-00803_967,3.0,/Users/tavantai/Developer/project_thesis_code/dataset_copy/12/train-00065-of-00803_967.wav,0,48000,12
12--train-00065-of-00803_792,3.0,/Users/tavantai/Developer/project_thesis_code/dataset_copy/12/train-00065-of-00803_792.wav,0,48000,12
12--train-00065-of-00803_789,3.0,/Users/tavantai/Developer/project_thesis_code/dataset_copy/12/train-00065-of-00803_789.wav,0,48000,12
12--train-00065-of-00803_785,3.0,/Users/tavantai/Developer/project_thesis_code/dataset_copy/12/train-00065-of-00803_785.wav,0,48000,12
12--train-00065-of-00803_911,3.0,/Users/tavantai/Developer/project_thesis_code/dataset_copy/12/train-00065-of-00803_911.wav,0,48000,12
12--train-00065-of-00803_879,3.0,/Users/tavantai/Developer/project_thesis_code/dataset_copy/12/train-00065-of-00803_879.wav,0,48000,12
12--train-00065-of-00803_845,3.0,/Users/tavantai/Developer/project_thesis_code/dataset_copy/12/train-00065-of-00803_845.wav,0,48000,12
12--train-00065-of-00803_1000,3.0,/Users/tavantai/Developer/project_thesis_code/dataset_copy/12/train-00065-of-00803_1000.wav,0,48000,12
12--train-00065-of-00803_1067,3.0,/Users/tavantai/Developer/project_thesis_code/dataset_copy/12/train-00065-of-00803_1067.wav,0,48000,12
12--train-00065-of-00803_788,3.0,/Users/tavantai/Developer/project_thesis_code/dataset_copy/12/train-00065-of-00803_788.wav,0,48000,12
12--train-00065-of-00803_988,3.0,/Users/tavantai/Developer/project_thesis_code/dataset_copy/12/train-00065-of-00803_988.wav,0,48000,12
12--train-00065-of-00803_973,3.0,/Users/tavantai/Developer/project_thesis_code/dataset_copy/12/train-00065-of-00803_973.wav,0,48000,12
12--train-00065-of-00803_968,3.0,/Users/tavantai/Developer/project_thesis_code/dataset_copy/12/train-00065-of-00803_968.wav,0,48000,12
12--train-00065-of-00803_799,3.0,/Users/tavantai/Developer/project_thesis_code/dataset_copy/12/train-00065-of-00803_799.wav,0,48000,12
12--train-00065-of-00803_971,3.0,/Users/tavantai/Developer/project_thesis_code/dataset_copy/12/train-00065-of-00803_971.wav,0,48000,12
12--train-00065-of-00803_865,3.0,/Users/tavantai/Developer/project_thesis_code/dataset_copy/12/train-00065-of-00803_865.wav,0,48000,12
12--train-00065-of-00803_838,3.0,/Users/tavantai/Developer/project_thesis_code/dataset_copy/12/train-00065-of-00803_838.wav,0,48000,12
12--train-00065-of-00803_778,3.0,/Users/tavantai/Developer/project_thesis_code/dataset_copy/12/train-00065-of-00803_778.wav,0,48000,12
12--train-00065-of-00803_920,3.0,/Users/tavantai/Developer/project_thesis_code/dataset_copy/12/train-00065-of-00803_920.wav,0,48000,12
12--train-00065-of-00803_811,3.0,/Users/tavantai/Developer/project_thesis_code/dataset_copy/12/train-00065-of-00803_811.wav,0,48000,12
12--train-00065-of-00803_954,3.0,/Users/tavantai/Developer/project_thesis_code/dataset_copy/12/train-00065-of-00803_954.wav,0,48000,12
12--train-00065-of-00803_923,3.0,/Users/tavantai/Developer/project_thesis_code/dataset_copy/12/train-00065-of-00803_923.wav,0,48000,12
12--train-00065-of-00803_854,3.0,/Users/tavantai/Developer/project_thesis_code/dataset_copy/12/train-00065-of-00803_854.wav,0,48000,12
12--train-00065-of-00803_844,3.0,/Users/tavantai/Developer/project_thesis_code/dataset_copy/12/train-00065-of-00803_844.wav,0,48000,12
12--train-00065-of-00803_933,3.0,/Users/tavantai/Developer/project_thesis_code/dataset_copy/12/train-00065-of-00803_933.wav,0,48000,12
12--train-00065-of-00803_1083,3.0,/Users/tavantai/Developer/project_thesis_code/dataset_copy/12/train-00065-of-00803_1083.wav,0,48000,12
12--train-00065-of-00803_1035,3.0,/Users/tavantai/Developer/project_thesis_code/dataset_copy/12/train-00065-of-00803_1035.wav,0,48000,12
12--train-00065-of-00803_970,3.0,/Users/tavantai/Developer/project_thesis_code/dataset_copy/12/train-00065-of-00803_970.wav,0,48000,12
12--train-00065-of-00803_906,3.0,/Users/tavantai/Developer/project_thesis_code/dataset_copy/12/train-00065-of-00803_906.wav,0,48000,12
12--train-00065-of-00803_832,3.0,/Users/tavantai/Developer/project_thesis_code/dataset_copy/12/train-00065-of-00803_832.wav,0,48000,12
12--train-00065-of-00803_955,3.0,/Users/tavantai/Developer/project_thesis_code/dataset_copy/12/train-00065-of-00803_955.wav,0,48000,12
12--train-00065-of-00803_828,3.0,/Users/tavantai/Developer/project_thesis_code/dataset_copy/12/train-00065-of-00803_828.wav,0,48000,12
12--train-00065-of-00803_864,3.0,/Users/tavantai/Developer/project_thesis_code/dataset_copy/12/train-00065-of-00803_864.wav,0,48000,12
12--train-00065-of-00803_892,3.0,/Users/tavantai/Developer/project_thesis_code/dataset_copy/12/train-00065-of-00803_892.wav,0,48000,12
12--train-00065-of-00803_871,3.0,/Users/tavantai/Developer/project_thesis_code/dataset_copy/12/train-00065-of-00803_871.wav,0,48000,12
12--train-00065-of-00803_1018,3.0,/Users/tavantai/Developer/project_thesis_code/dataset_copy/12/train-00065-of-00803_1018.wav,0,48000,12
12--train-00065-of-00803_1086,3.0,/Users/tavantai/Developer/project_thesis_code/dataset_copy/12/train-00065-of-00803_1086.wav,0,48000,12
12--train-00065-of-00803_929,3.0,/Users/tavantai/Developer/project_thesis_code/dataset_copy/12/train-00065-of-00803_929.wav,0,48000,12
12--train-00065-of-00803_803,3.0,/Users/tavantai/Developer/project_thesis_code/dataset_copy/12/train-00065-of-00803_803.wav,0,48000,12
12--train-00065-of-00803_1058,3.0,/Users/tavantai/Developer/project_thesis_code/dataset_copy/12/train-00065-of-00803_1058.wav,0,48000,12
12--train-00065-of-00803_866,3.0,/Users/tavantai/Developer/project_thesis_code/dataset_copy/12/train-00065-of-00803_866.wav,0,48000,12
12--train-00065-of-00803_935,3.0,/Users/tavantai/Developer/project_thesis_code/dataset_copy/12/train-00065-of-00803_935.wav,0,48000,12
12--train-00065-of-00803_908,3.0,/Users/tavantai/Developer/project_thesis_code/dataset_copy/12/train-00065-of-00803_908.wav,0,48000,12
12--train-00065-of-00803_1071,3.0,/Users/tavantai/Developer/project_thesis_code/dataset_copy/12/train-00065-of-00803_1071.wav,0,48000,12
12--train-00065-of-00803_953,3.0,/Users/tavantai/Developer/project_thesis_code/dataset_copy/12/train-00065-of-00803_953.wav,0,48000,12
12--train-00065-of-00803_786,3.0,/Users/tavantai/Developer/project_thesis_code/dataset_copy/12/train-00065-of-00803_786.wav,0,48000,12
12--train-00065-of-00803_814,3.0,/Users/tavantai/Developer/project_thesis_code/dataset_copy/12/train-00065-of-00803_814.wav,0,48000,12
12--train-00065-of-00803_1061,3.0,/Users/tavantai/Developer/project_thesis_code/dataset_copy/12/train-00065-of-00803_1061.wav,0,48000,12
12--train-00065-of-00803_987,3.0,/Users/tavantai/Developer/project_thesis_code/dataset_copy/12/train-00065-of-00803_987.wav,0,48000,12
12--train-00065-of-00803_951,3.0,/Users/tavantai/Developer/project_thesis_code/dataset_copy/12/train-00065-of-00803_951.wav,0,48000,12
12--train-00065-of-00803_1009,3.0,/Users/tavantai/Developer/project_thesis_code/dataset_copy/12/train-00065-of-00803_1009.wav,0,48000,12
12--train-00065-of-00803_794,3.0,/Users/tavantai/Developer/project_thesis_code/dataset_copy/12/train-00065-of-00803_794.wav,0,48000,12
12--train-00065-of-00803_1034,3.0,/Users/tavantai/Developer/project_thesis_code/dataset_copy/12/train-00065-of-00803_1034.wav,0,48000,12
12--train-00065-of-00803_872,3.0,/Users/tavantai/Developer/project_thesis_code/dataset_copy/12/train-00065-of-00803_872.wav,0,48000,12
12--train-00065-of-00803_926,3.0,/Users/tavantai/Developer/project_thesis_code/dataset_copy/12/train-00065-of-00803_926.wav,0,48000,12
12--train-00065-of-00803_1053,3.0,/Users/tavantai/Developer/project_thesis_code/dataset_copy/12/train-00065-of-00803_1053.wav,0,48000,12
12--train-00065-of-00803_1085,3.0,/Users/tavantai/Developer/project_thesis_code/dataset_copy/12/train-00065-of-00803_1085.wav,0,48000,12
12--train-00065-of-00803_1079,3.0,/Users/tavantai/Developer/project_thesis_code/dataset_copy/12/train-00065-of-00803_1079.wav,0,48000,12
12--train-00065-of-00803_949,3.0,/Users/tavantai/Developer/project_thesis_code/dataset_copy/12/train-00065-of-00803_949.wav,0,48000,12
12--train-00065-of-00803_932,3.0,/Users/tavantai/Developer/project_thesis_code/dataset_copy/12/train-00065-of-00803_932.wav,0,48000,12
12--train-00065-of-00803_991,3.0,/Users/tavantai/Developer/project_thesis_code/dataset_copy/12/train-00065-of-00803_991.wav,0,48000,12
12--train-00065-of-00803_868,3.0,/Users/tavantai/Developer/project_thesis_code/dataset_copy/12/train-00065-of-00803_868.wav,0,48000,12
12--train-00065-of-00803_948,3.0,/Users/tavantai/Developer/project_thesis_code/dataset_copy/12/train-00065-of-00803_948.wav,0,48000,12
12--train-00065-of-00803_938,3.0,/Users/tavantai/Developer/project_thesis_code/dataset_copy/12/train-00065-of-00803_938.wav,0,48000,12
12--train-00065-of-00803_897,3.0,/Users/tavantai/Developer/project_thesis_code/dataset_copy/12/train-00065-of-00803_897.wav,0,48000,12
12--train-00065-of-00803_784,3.0,/Users/tavantai/Developer/project_thesis_code/dataset_copy/12/train-00065-of-00803_784.wav,0,48000,12
12--train-00065-of-00803_977,3.0,/Users/tavantai/Developer/project_thesis_code/dataset_copy/12/train-00065-of-00803_977.wav,0,48000,12
12--train-00065-of-00803_944,3.0,/Users/tavantai/Developer/project_thesis_code/dataset_copy/12/train-00065-of-00803_944.wav,0,48000,12
12--train-00065-of-00803_1006,3.0,/Users/tavantai/Developer/project_thesis_code/dataset_copy/12/train-00065-of-00803_1006.wav,0,48000,12
12--train-00065-of-00803_806,3.0,/Users/tavantai/Developer/project_thesis_code/dataset_copy/12/train-00065-of-00803_806.wav,0,48000,12
12--train-00065-of-00803_919,3.0,/Users/tavantai/Developer/project_thesis_code/dataset_copy/12/train-00065-of-00803_919.wav,0,48000,12
12--train-00065-of-00803_1055,3.0,/Users/tavantai/Developer/project_thesis_code/dataset_copy/12/train-00065-of-00803_1055.wav,0,48000,12
12--train-00065-of-00803_901,3.0,/Users/tavantai/Developer/project_thesis_code/dataset_copy/12/train-00065-of-00803_901.wav,0,48000,12
12--train-00065-of-00803_900,3.0,/Users/tavantai/Developer/project_thesis_code/dataset_copy/12/train-00065-of-00803_900.wav,0,48000,12
12--train-00065-of-00803_947,3.0,/Users/tavantai/Developer/project_thesis_code/dataset_copy/12/train-00065-of-00803_947.wav,0,48000,12
12--train-00065-of-00803_783,3.0,/Users/tavantai/Developer/project_thesis_code/dataset_copy/12/train-00065-of-00803_783.wav,0,48000,12
12--train-00065-of-00803_818,3.0,/Users/tavantai/Developer/project_thesis_code/dataset_copy/12/train-00065-of-00803_818.wav,0,48000,12
12--train-00065-of-00803_775,3.0,/Users/tavantai/Developer/project_thesis_code/dataset_copy/12/train-00065-of-00803_775.wav,0,48000,12
12--train-00065-of-00803_904,3.0,/Users/tavantai/Developer/project_thesis_code/dataset_copy/12/train-00065-of-00803_904.wav,0,48000,12
12--train-00065-of-00803_876,3.0,/Users/tavantai/Developer/project_thesis_code/dataset_copy/12/train-00065-of-00803_876.wav,0,48000,12
12--train-00065-of-00803_1065,3.0,/Users/tavantai/Developer/project_thesis_code/dataset_copy/12/train-00065-of-00803_1065.wav,0,48000,12
12--train-00065-of-00803_823,3.0,/Users/tavantai/Developer/project_thesis_code/dataset_copy/12/train-00065-of-00803_823.wav,0,48000,12
12--train-00065-of-00803_809,3.0,/Users/tavantai/Developer/project_thesis_code/dataset_copy/12/train-00065-of-00803_809.wav,0,48000,12
12--train-00065-of-00803_878,3.0,/Users/tavantai/Developer/project_thesis_code/dataset_copy/12/train-00065-of-00803_878.wav,0,48000,12
12--train-00065-of-00803_981,3.0,/Users/tavantai/Developer/project_thesis_code/dataset_copy/12/train-00065-of-00803_981.wav,0,48000,12
12--train-00065-of-00803_881,3.0,/Users/tavantai/Developer/project_thesis_code/dataset_copy/12/train-00065-of-00803_881.wav,0,48000,12
12--train-00065-of-00803_855,3.0,/Users/tavantai/Developer/project_thesis_code/dataset_copy/12/train-00065-of-00803_855.wav,0,48000,12
12--train-00065-of-00803_1026,3.0,/Users/tavantai/Developer/project_thesis_code/dataset_copy/12/train-00065-of-00803_1026.wav,0,48000,12
12--train-00065-of-00803_1080,3.0,/Users/tavantai/Developer/project_thesis_code/dataset_copy/12/train-00065-of-00803_1080.wav,0,48000,12
12--train-00065-of-00803_913,3.0,/Users/tavantai/Developer/project_thesis_code/dataset_copy/12/train-00065-of-00803_913.wav,0,48000,12
12--train-00065-of-00803_773,3.0,/Users/tavantai/Developer/project_thesis_code/dataset_copy/12/train-00065-of-00803_773.wav,0,48000,12
12--train-00065-of-00803_998,3.0,/Users/tavantai/Developer/project_thesis_code/dataset_copy/12/train-00065-of-00803_998.wav,0,48000,12
12--train-00065-of-00803_882,3.0,/Users/tavantai/Developer/project_thesis_code/dataset_copy/12/train-00065-of-00803_882.wav,0,48000,12
12--train-00065-of-00803_1019,3.0,/Users/tavantai/Developer/project_thesis_code/dataset_copy/12/train-00065-of-00803_1019.wav,0,48000,12
12--train-00065-of-00803_972,3.0,/Users/tavantai/Developer/project_thesis_code/dataset_copy/12/train-00065-of-00803_972.wav,0,48000,12
12--train-00065-of-00803_774,3.0,/Users/tavantai/Developer/project_thesis_code/dataset_copy/12/train-00065-of-00803_774.wav,0,48000,12
12--train-00065-of-00803_1052,3.0,/Users/tavantai/Developer/project_thesis_code/dataset_copy/12/train-00065-of-00803_1052.wav,0,48000,12
12--train-00065-of-00803_1070,3.0,/Users/tavantai/Developer/project_thesis_code/dataset_copy/12/train-00065-of-00803_1070.wav,0,48000,12
12--train-00065-of-00803_1005,3.0,/Users/tavantai/Developer/project_thesis_code/dataset_copy/12/train-00065-of-00803_1005.wav,0,48000,12
12--train-00065-of-00803_976,3.0,/Users/tavantai/Developer/project_thesis_code/dataset_copy/12/train-00065-of-00803_976.wav,0,48000,12
12--train-00065-of-00803_912,3.0,/Users/tavantai/Developer/project_thesis_code/dataset_copy/12/train-00065-of-00803_912.wav,0,48000,12
12--train-00065-of-00803_974,3.0,/Users/tavantai/Developer/project_thesis_code/dataset_copy/12/train-00065-of-00803_974.wav,0,48000,12
2--train-00061-of-00803_1077,3.0,/Users/tavantai/Developer/project_thesis_code/dataset_copy/2/train-00061-of-00803_1077.wav,0,48000,2
2--train-00061-of-00803_990,3.0,/Users/tavantai/Developer/project_thesis_code/dataset_copy/2/train-00061-of-00803_990.wav,0,48000,2
2--train-00061-of-00803_818,3.0,/Users/tavantai/Developer/project_thesis_code/dataset_copy/2/train-00061-of-00803_818.wav,0,48000,2
2--train-00061-of-00803_842,3.0,/Users/tavantai/Developer/project_thesis_code/dataset_copy/2/train-00061-of-00803_842.wav,0,48000,2
2--train-00061-of-00803_1131,3.0,/Users/tavantai/Developer/project_thesis_code/dataset_copy/2/train-00061-of-00803_1131.wav,0,48000,2
2--train-00061-of-00803_947,3.0,/Users/tavantai/Developer/project_thesis_code/dataset_copy/2/train-00061-of-00803_947.wav,0,48000,2
2--train-00061-of-00803_787,3.0,/Users/tavantai/Developer/project_thesis_code/dataset_copy/2/train-00061-of-00803_787.wav,0,48000,2
2--train-00061-of-00803_1039,3.0,/Users/tavantai/Developer/project_thesis_code/dataset_copy/2/train-00061-of-00803_1039.wav,0,48000,2
2--train-00061-of-00803_800,3.0,/Users/tavantai/Developer/project_thesis_code/dataset_copy/2/train-00061-of-00803_800.wav,0,48000,2
2--train-00061-of-00803_938,3.0,/Users/tavantai/Developer/project_thesis_code/dataset_copy/2/train-00061-of-00803_938.wav,0,48000,2
2--train-00061-of-00803_932,3.0,/Users/tavantai/Developer/project_thesis_code/dataset_copy/2/train-00061-of-00803_932.wav,0,48000,2
2--train-00061-of-00803_814,3.0,/Users/tavantai/Developer/project_thesis_code/dataset_copy/2/train-00061-of-00803_814.wav,0,48000,2
2--train-00061-of-00803_895,3.0,/Users/tavantai/Developer/project_thesis_code/dataset_copy/2/train-00061-of-00803_895.wav,0,48000,2
2--train-00061-of-00803_1111,3.0,/Users/tavantai/Developer/project_thesis_code/dataset_copy/2/train-00061-of-00803_1111.wav,0,48000,2
2--train-00061-of-00803_1143,3.0,/Users/tavantai/Developer/project_thesis_code/dataset_copy/2/train-00061-of-00803_1143.wav,0,48000,2
2--train-00061-of-00803_1054,3.0,/Users/tavantai/Developer/project_thesis_code/dataset_copy/2/train-00061-of-00803_1054.wav,0,48000,2
2--train-00061-of-00803_862,3.0,/Users/tavantai/Developer/project_thesis_code/dataset_copy/2/train-00061-of-00803_862.wav,0,48000,2
2--train-00061-of-00803_1107,3.0,/Users/tavantai/Developer/project_thesis_code/dataset_copy/2/train-00061-of-00803_1107.wav,0,48000,2
2--train-00061-of-00803_1036,3.0,/Users/tavantai/Developer/project_thesis_code/dataset_copy/2/train-00061-of-00803_1036.wav,0,48000,2
2--train-00061-of-00803_1050,3.0,/Users/tavantai/Developer/project_thesis_code/dataset_copy/2/train-00061-of-00803_1050.wav,0,48000,2
2--train-00061-of-00803_1059,3.0,/Users/tavantai/Developer/project_thesis_code/dataset_copy/2/train-00061-of-00803_1059.wav,0,48000,2
2--train-00061-of-00803_1040,3.0,/Users/tavantai/Developer/project_thesis_code/dataset_copy/2/train-00061-of-00803_1040.wav,0,48000,2
2--train-00061-of-00803_1148,3.0,/Users/tavantai/Developer/project_thesis_code/dataset_copy/2/train-00061-of-00803_1148.wav,0,48000,2
2--train-00061-of-00803_983,3.0,/Users/tavantai/Developer/project_thesis_code/dataset_copy/2/train-00061-of-00803_983.wav,0,48000,2
2--train-00061-of-00803_1152,3.0,/Users/tavantai/Developer/project_thesis_code/dataset_copy/2/train-00061-of-00803_1152.wav,0,48000,2
2--train-00061-of-00803_1124,3.0,/Users/tavantai/Developer/project_thesis_code/dataset_copy/2/train-00061-of-00803_1124.wav,0,48000,2
2--train-00061-of-00803_831,3.0,/Users/tavantai/Developer/project_thesis_code/dataset_copy/2/train-00061-of-00803_831.wav,0,48000,2
2--train-00061-of-00803_1103,3.0,/Users/tavantai/Developer/project_thesis_code/dataset_copy/2/train-00061-of-00803_1103.wav,0,48000,2
2--train-00061-of-00803_1012,3.0,/Users/tavantai/Developer/project_thesis_code/dataset_copy/2/train-00061-of-00803_1012.wav,0,48000,2
2--train-00061-of-00803_1135,3.0,/Users/tavantai/Developer/project_thesis_code/dataset_copy/2/train-00061-of-00803_1135.wav,0,48000,2
2--train-00061-of-00803_866,3.0,/Users/tavantai/Developer/project_thesis_code/dataset_copy/2/train-00061-of-00803_866.wav,0,48000,2
2--train-00061-of-00803_908,3.0,/Users/tavantai/Developer/project_thesis_code/dataset_copy/2/train-00061-of-00803_908.wav,0,48000,2
2--train-00061-of-00803_957,3.0,/Users/tavantai/Developer/project_thesis_code/dataset_copy/2/train-00061-of-00803_957.wav,0,48000,2
2--train-00061-of-00803_821,3.0,/Users/tavantai/Developer/project_thesis_code/dataset_copy/2/train-00061-of-00803_821.wav,0,48000,2
2--train-00061-of-00803_943,3.0,/Users/tavantai/Developer/project_thesis_code/dataset_copy/2/train-00061-of-00803_943.wav,0,48000,2
2--train-00061-of-00803_905,3.0,/Users/tavantai/Developer/project_thesis_code/dataset_copy/2/train-00061-of-00803_905.wav,0,48000,2
2--train-00061-of-00803_1094,3.0,/Users/tavantai/Developer/project_thesis_code/dataset_copy/2/train-00061-of-00803_1094.wav,0,48000,2
2--train-00061-of-00803_829,3.0,/Users/tavantai/Developer/project_thesis_code/dataset_copy/2/train-00061-of-00803_829.wav,0,48000,2
2--train-00061-of-00803_836,3.0,/Users/tavantai/Developer/project_thesis_code/dataset_copy/2/train-00061-of-00803_836.wav,0,48000,2
2--train-00061-of-00803_806,3.0,/Users/tavantai/Developer/project_thesis_code/dataset_copy/2/train-00061-of-00803_806.wav,0,48000,2
2--train-00061-of-00803_839,3.0,/Users/tavantai/Developer/project_thesis_code/dataset_copy/2/train-00061-of-00803_839.wav,0,48000,2
2--train-00061-of-00803_1109,3.0,/Users/tavantai/Developer/project_thesis_code/dataset_copy/2/train-00061-of-00803_1109.wav,0,48000,2
2--train-00061-of-00803_1062,3.0,/Users/tavantai/Developer/project_thesis_code/dataset_copy/2/train-00061-of-00803_1062.wav,0,48000,2
2--train-00061-of-00803_1119,3.0,/Users/tavantai/Developer/project_thesis_code/dataset_copy/2/train-00061-of-00803_1119.wav,0,48000,2
2--train-00061-of-00803_923,3.0,/Users/tavantai/Developer/project_thesis_code/dataset_copy/2/train-00061-of-00803_923.wav,0,48000,2
2--train-00061-of-00803_849,3.0,/Users/tavantai/Developer/project_thesis_code/dataset_copy/2/train-00061-of-00803_849.wav,0,48000,2
2--train-00061-of-00803_1105,3.0,/Users/tavantai/Developer/project_thesis_code/dataset_copy/2/train-00061-of-00803_1105.wav,0,48000,2
2--train-00061-of-00803_780,3.0,/Users/tavantai/Developer/project_thesis_code/dataset_copy/2/train-00061-of-00803_780.wav,0,48000,2
2--train-00061-of-00803_1006,3.0,/Users/tavantai/Developer/project_thesis_code/dataset_copy/2/train-00061-of-00803_1006.wav,0,48000,2
2--train-00061-of-00803_1158,3.0,/Users/tavantai/Developer/project_thesis_code/dataset_copy/2/train-00061-of-00803_1158.wav,0,48000,2
2--train-00061-of-00803_1126,3.0,/Users/tavantai/Developer/project_thesis_code/dataset_copy/2/train-00061-of-00803_1126.wav,0,48000,2
2--train-00061-of-00803_893,3.0,/Users/tavantai/Developer/project_thesis_code/dataset_copy/2/train-00061-of-00803_893.wav,0,48000,2
2--train-00061-of-00803_1159,3.0,/Users/tavantai/Developer/project_thesis_code/dataset_copy/2/train-00061-of-00803_1159.wav,0,48000,2
2--train-00061-of-00803_921,3.0,/Users/tavantai/Developer/project_thesis_code/dataset_copy/2/train-00061-of-00803_921.wav,0,48000,2
2--train-00061-of-00803_1066,3.0,/Users/tavantai/Developer/project_thesis_code/dataset_copy/2/train-00061-of-00803_1066.wav,0,48000,2
2--train-00061-of-00803_902,3.0,/Users/tavantai/Developer/project_thesis_code/dataset_copy/2/train-00061-of-00803_902.wav,0,48000,2
2--train-00061-of-00803_1156,3.0,/Users/tavantai/Developer/project_thesis_code/dataset_copy/2/train-00061-of-00803_1156.wav,0,48000,2
2--train-00061-of-00803_813,3.0,/Users/tavantai/Developer/project_thesis_code/dataset_copy/2/train-00061-of-00803_813.wav,0,48000,2
2--train-00061-of-00803_809,3.0,/Users/tavantai/Developer/project_thesis_code/dataset_copy/2/train-00061-of-00803_809.wav,0,48000,2
2--train-00061-of-00803_1093,3.0,/Users/tavantai/Developer/project_thesis_code/dataset_copy/2/train-00061-of-00803_1093.wav,0,48000,2
2--train-00061-of-00803_933,3.0,/Users/tavantai/Developer/project_thesis_code/dataset_copy/2/train-00061-of-00803_933.wav,0,48000,2
2--train-00061-of-00803_1000,3.0,/Users/tavantai/Developer/project_thesis_code/dataset_copy/2/train-00061-of-00803_1000.wav,0,48000,2
2--train-00061-of-00803_1138,3.0,/Users/tavantai/Developer/project_thesis_code/dataset_copy/2/train-00061-of-00803_1138.wav,0,48000,2
2--train-00061-of-00803_1112,3.0,/Users/tavantai/Developer/project_thesis_code/dataset_copy/2/train-00061-of-00803_1112.wav,0,48000,2
2--train-00061-of-00803_1165,3.0,/Users/tavantai/Developer/project_thesis_code/dataset_copy/2/train-00061-of-00803_1165.wav,0,48000,2
2--train-00061-of-00803_1005,3.0,/Users/tavantai/Developer/project_thesis_code/dataset_copy/2/train-00061-of-00803_1005.wav,0,48000,2
2--train-00061-of-00803_778,3.0,/Users/tavantai/Developer/project_thesis_code/dataset_copy/2/train-00061-of-00803_778.wav,0,48000,2
2--train-00061-of-00803_916,3.0,/Users/tavantai/Developer/project_thesis_code/dataset_copy/2/train-00061-of-00803_916.wav,0,48000,2
2--train-00061-of-00803_885,3.0,/Users/tavantai/Developer/project_thesis_code/dataset_copy/2/train-00061-of-00803_885.wav,0,48000,2
2--train-00061-of-00803_1063,3.0,/Users/tavantai/Developer/project_thesis_code/dataset_copy/2/train-00061-of-00803_1063.wav,0,48000,2
2--train-00061-of-00803_1014,3.0,/Users/tavantai/Developer/project_thesis_code/dataset_copy/2/train-00061-of-00803_1014.wav,0,48000,2
2--train-00061-of-00803_828,3.0,/Users/tavantai/Developer/project_thesis_code/dataset_copy/2/train-00061-of-00803_828.wav,0,48000,2
2--train-00061-of-00803_1133,3.0,/Users/tavantai/Developer/project_thesis_code/dataset_copy/2/train-00061-of-00803_1133.wav,0,48000,2
2--train-00061-of-00803_841,3.0,/Users/tavantai/Developer/project_thesis_code/dataset_copy/2/train-00061-of-00803_841.wav,0,48000,2
2--train-00061-of-00803_961,3.0,/Users/tavantai/Developer/project_thesis_code/dataset_copy/2/train-00061-of-00803_961.wav,0,48000,2
2--train-00061-of-00803_1120,3.0,/Users/tavantai/Developer/project_thesis_code/dataset_copy/2/train-00061-of-00803_1120.wav,0,48000,2
2--train-00061-of-00803_1123,3.0,/Users/tavantai/Developer/project_thesis_code/dataset_copy/2/train-00061-of-00803_1123.wav,0,48000,2
2--train-00061-of-00803_1015,3.0,/Users/tavantai/Developer/project_thesis_code/dataset_copy/2/train-00061-of-00803_1015.wav,0,48000,2
2--train-00061-of-00803_942,3.0,/Users/tavantai/Developer/project_thesis_code/dataset_copy/2/train-00061-of-00803_942.wav,0,48000,2
2--train-00061-of-00803_824,3.0,/Users/tavantai/Developer/project_thesis_code/dataset_copy/2/train-00061-of-00803_824.wav,0,48000,2
2--train-00061-of-00803_837,3.0,/Users/tavantai/Developer/project_thesis_code/dataset_copy/2/train-00061-of-00803_837.wav,0,48000,2
2--train-00061-of-00803_819,3.0,/Users/tavantai/Developer/project_thesis_code/dataset_copy/2/train-00061-of-00803_819.wav,0,48000,2
2--train-00061-of-00803_955,3.0,/Users/tavantai/Developer/project_thesis_code/dataset_copy/2/train-00061-of-00803_955.wav,0,48000,2
2--train-00061-of-00803_1072,3.0,/Users/tavantai/Developer/project_thesis_code/dataset_copy/2/train-00061-of-00803_1072.wav,0,48000,2
2--train-00061-of-00803_1048,3.0,/Users/tavantai/Developer/project_thesis_code/dataset_copy/2/train-00061-of-00803_1048.wav,0,48000,2
2--train-00061-of-00803_1041,3.0,/Users/tavantai/Developer/project_thesis_code/dataset_copy/2/train-00061-of-00803_1041.wav,0,48000,2
2--train-00061-of-00803_1018,3.0,/Users/tavantai/Developer/project_thesis_code/dataset_copy/2/train-00061-of-00803_1018.wav,0,48000,2
2--train-00061-of-00803_1157,3.0,/Users/tavantai/Developer/project_thesis_code/dataset_copy/2/train-00061-of-00803_1157.wav,0,48000,2
2--train-00061-of-00803_906,3.0,/Users/tavantai/Developer/project_thesis_code/dataset_copy/2/train-00061-of-00803_906.wav,0,48000,2
2--train-00061-of-00803_1104,3.0,/Users/tavantai/Developer/project_thesis_code/dataset_copy/2/train-00061-of-00803_1104.wav,0,48000,2
2--train-00061-of-00803_919,3.0,/Users/tavantai/Developer/project_thesis_code/dataset_copy/2/train-00061-of-00803_919.wav,0,48000,2
2--train-00061-of-00803_909,3.0,/Users/tavantai/Developer/project_thesis_code/dataset_copy/2/train-00061-of-00803_909.wav,0,48000,2
2--train-00061-of-00803_1088,3.0,/Users/tavantai/Developer/project_thesis_code/dataset_copy/2/train-00061-of-00803_1088.wav,0,48000,2
2--train-00061-of-00803_825,3.0,/Users/tavantai/Developer/project_thesis_code/dataset_copy/2/train-00061-of-00803_825.wav,0,48000,2
2--train-00061-of-00803_1017,3.0,/Users/tavantai/Developer/project_thesis_code/dataset_copy/2/train-00061-of-00803_1017.wav,0,48000,2
2--train-00061-of-00803_937,3.0,/Users/tavantai/Developer/project_thesis_code/dataset_copy/2/train-00061-of-00803_937.wav,0,48000,2
2--train-00061-of-00803_886,3.0,/Users/tavantai/Developer/project_thesis_code/dataset_copy/2/train-00061-of-00803_886.wav,0,48000,2
2--train-00061-of-00803_1074,3.0,/Users/tavantai/Developer/project_thesis_code/dataset_copy/2/train-00061-of-00803_1074.wav,0,48000,2
2--train-00061-of-00803_792,3.0,/Users/tavantai/Developer/project_thesis_code/dataset_copy/2/train-00061-of-00803_792.wav,0,48000,2
2--train-00061-of-00803_945,3.0,/Users/tavantai/Developer/project_thesis_code/dataset_copy/2/train-00061-of-00803_945.wav,0,48000,2
2--train-00061-of-00803_1149,3.0,/Users/tavantai/Developer/project_thesis_code/dataset_copy/2/train-00061-of-00803_1149.wav,0,48000,2
2--train-00061-of-00803_835,3.0,/Users/tavantai/Developer/project_thesis_code/dataset_copy/2/train-00061-of-00803_835.wav,0,48000,2
2--train-00061-of-00803_953,3.0,/Users/tavantai/Developer/project_thesis_code/dataset_copy/2/train-00061-of-00803_953.wav,0,48000,2
2--train-00061-of-00803_1087,3.0,/Users/tavantai/Developer/project_thesis_code/dataset_copy/2/train-00061-of-00803_1087.wav,0,48000,2
2--train-00061-of-00803_913,3.0,/Users/tavantai/Developer/project_thesis_code/dataset_copy/2/train-00061-of-00803_913.wav,0,48000,2
2--train-00061-of-00803_846,3.0,/Users/tavantai/Developer/project_thesis_code/dataset_copy/2/train-00061-of-00803_846.wav,0,48000,2
2--train-00061-of-00803_922,3.0,/Users/tavantai/Developer/project_thesis_code/dataset_copy/2/train-00061-of-00803_922.wav,0,48000,2
2--train-00061-of-00803_832,3.0,/Users/tavantai/Developer/project_thesis_code/dataset_copy/2/train-00061-of-00803_832.wav,0,48000,2
2--train-00061-of-00803_1078,3.0,/Users/tavantai/Developer/project_thesis_code/dataset_copy/2/train-00061-of-00803_1078.wav,0,48000,2
2--train-00061-of-00803_992,3.0,/Users/tavantai/Developer/project_thesis_code/dataset_copy/2/train-00061-of-00803_992.wav,0,48000,2
2--train-00061-of-00803_974,3.0,/Users/tavantai/Developer/project_thesis_code/dataset_copy/2/train-00061-of-00803_974.wav,0,48000,2
2--train-00061-of-00803_1096,3.0,/Users/tavantai/Developer/project_thesis_code/dataset_copy/2/train-00061-of-00803_1096.wav,0,48000,2
2--train-00061-of-00803_856,3.0,/Users/tavantai/Developer/project_thesis_code/dataset_copy/2/train-00061-of-00803_856.wav,0,48000,2
2--train-00061-of-00803_848,3.0,/Users/tavantai/Developer/project_thesis_code/dataset_copy/2/train-00061-of-00803_848.wav,0,48000,2
2--train-00061-of-00803_907,3.0,/Users/tavantai/Developer/project_thesis_code/dataset_copy/2/train-00061-of-00803_907.wav,0,48000,2
2--train-00061-of-00803_853,3.0,/Users/tavantai/Developer/project_thesis_code/dataset_copy/2/train-00061-of-00803_853.wav,0,48000,2
2--train-00061-of-00803_795,3.0,/Users/tavantai/Developer/project_thesis_code/dataset_copy/2/train-00061-of-00803_795.wav,0,48000,2
2--train-00061-of-00803_930,3.0,/Users/tavantai/Developer/project_thesis_code/dataset_copy/2/train-00061-of-00803_930.wav,0,48000,2
2--train-00061-of-00803_1083,3.0,/Users/tavantai/Developer/project_thesis_code/dataset_copy/2/train-00061-of-00803_1083.wav,0,48000,2
2--train-00061-of-00803_964,3.0,/Users/tavantai/Developer/project_thesis_code/dataset_copy/2/train-00061-of-00803_964.wav,0,48000,2
2--train-00061-of-00803_1075,3.0,/Users/tavantai/Developer/project_thesis_code/dataset_copy/2/train-00061-of-00803_1075.wav,0,48000,2
2--train-00061-of-00803_1142,3.0,/Users/tavantai/Developer/project_thesis_code/dataset_copy/2/train-00061-of-00803_1142.wav,0,48000,2
2--train-00061-of-00803_1030,3.0,/Users/tavantai/Developer/project_thesis_code/dataset_copy/2/train-00061-of-00803_1030.wav,0,48000,2
2--train-00061-of-00803_871,3.0,/Users/tavantai/Developer/project_thesis_code/dataset_copy/2/train-00061-of-00803_871.wav,0,48000,2
2--train-00061-of-00803_910,3.0,/Users/tavantai/Developer/project_thesis_code/dataset_copy/2/train-00061-of-00803_910.wav,0,48000,2
2--train-00061-of-00803_1108,3.0,/Users/tavantai/Developer/project_thesis_code/dataset_copy/2/train-00061-of-00803_1108.wav,0,48000,2
2--train-00061-of-00803_1127,3.0,/Users/tavantai/Developer/project_thesis_code/dataset_copy/2/train-00061-of-00803_1127.wav,0,48000,2
2--train-00061-of-00803_847,3.0,/Users/tavantai/Developer/project_thesis_code/dataset_copy/2/train-00061-of-00803_847.wav,0,48000,2
2--train-00061-of-00803_1064,3.0,/Users/tavantai/Developer/project_thesis_code/dataset_copy/2/train-00061-of-00803_1064.wav,0,48000,2
2--train-00061-of-00803_1003,3.0,/Users/tavantai/Developer/project_thesis_code/dataset_copy/2/train-00061-of-00803_1003.wav,0,48000,2
2--train-00061-of-00803_988,3.0,/Users/tavantai/Developer/project_thesis_code/dataset_copy/2/train-00061-of-00803_988.wav,0,48000,2
2--train-00061-of-00803_980,3.0,/Users/tavantai/Developer/project_thesis_code/dataset_copy/2/train-00061-of-00803_980.wav,0,48000,2
2--train-00061-of-00803_838,3.0,/Users/tavantai/Developer/project_thesis_code/dataset_copy/2/train-00061-of-00803_838.wav,0,48000,2
2--train-00061-of-00803_904,3.0,/Users/tavantai/Developer/project_thesis_code/dataset_copy/2/train-00061-of-00803_904.wav,0,48000,2
2--train-00061-of-00803_834,3.0,/Users/tavantai/Developer/project_thesis_code/dataset_copy/2/train-00061-of-00803_834.wav,0,48000,2
2--train-00061-of-00803_1113,3.0,/Users/tavantai/Developer/project_thesis_code/dataset_copy/2/train-00061-of-00803_1113.wav,0,48000,2
2--train-00061-of-00803_944,3.0,/Users/tavantai/Developer/project_thesis_code/dataset_copy/2/train-00061-of-00803_944.wav,0,48000,2
2--train-00061-of-00803_843,3.0,/Users/tavantai/Developer/project_thesis_code/dataset_copy/2/train-00061-of-00803_843.wav,0,48000,2
2--train-00061-of-00803_863,3.0,/Users/tavantai/Developer/project_thesis_code/dataset_copy/2/train-00061-of-00803_863.wav,0,48000,2
2--train-00061-of-00803_1044,3.0,/Users/tavantai/Developer/project_thesis_code/dataset_copy/2/train-00061-of-00803_1044.wav,0,48000,2
2--train-00061-of-00803_967,3.0,/Users/tavantai/Developer/project_thesis_code/dataset_copy/2/train-00061-of-00803_967.wav,0,48000,2
2--train-00061-of-00803_889,3.0,/Users/tavantai/Developer/project_thesis_code/dataset_copy/2/train-00061-of-00803_889.wav,0,48000,2
2--train-00061-of-00803_1140,3.0,/Users/tavantai/Developer/project_thesis_code/dataset_copy/2/train-00061-of-00803_1140.wav,0,48000,2
2--train-00061-of-00803_1020,3.0,/Users/tavantai/Developer/project_thesis_code/dataset_copy/2/train-00061-of-00803_1020.wav,0,48000,2
2--train-00061-of-00803_1013,3.0,/Users/tavantai/Developer/project_thesis_code/dataset_copy/2/train-00061-of-00803_1013.wav,0,48000,2
2--train-00061-of-00803_1089,3.0,/Users/tavantai/Developer/project_thesis_code/dataset_copy/2/train-00061-of-00803_1089.wav,0,48000,2
2--train-00061-of-00803_1118,3.0,/Users/tavantai/Developer/project_thesis_code/dataset_copy/2/train-00061-of-00803_1118.wav,0,48000,2
2--train-00061-of-00803_1130,3.0,/Users/tavantai/Developer/project_thesis_code/dataset_copy/2/train-00061-of-00803_1130.wav,0,48000,2
2--train-00061-of-00803_791,3.0,/Users/tavantai/Developer/project_thesis_code/dataset_copy/2/train-00061-of-00803_791.wav,0,48000,2
3--train-00063-of-00803_1112,3.0,/Users/tavantai/Developer/project_thesis_code/dataset_copy/3/train-00063-of-00803_1112.wav,0,48000,3
3--train-00063-of-00803_1011,3.0,/Users/tavantai/Developer/project_thesis_code/dataset_copy/3/train-00063-of-00803_1011.wav,0,48000,3
3--train-00063-of-00803_1116,3.0,/Users/tavantai/Developer/project_thesis_code/dataset_copy/3/train-00063-of-00803_1116.wav,0,48000,3
3--train-00063-of-00803_1278,3.0,/Users/tavantai/Developer/project_thesis_code/dataset_copy/3/train-00063-of-00803_1278.wav,0,48000,3
3--train-00063-of-00803_1196,3.0,/Users/tavantai/Developer/project_thesis_code/dataset_copy/3/train-00063-of-00803_1196.wav,0,48000,3
3--train-00064-of-00803_5,3.0,/Users/tavantai/Developer/project_thesis_code/dataset_copy/3/train-00064-of-00803_5.wav,0,48000,3
3--train-00064-of-00803_26,3.0,/Users/tavantai/Developer/project_thesis_code/dataset_copy/3/train-00064-of-00803_26.wav,0,48000,3
3--train-00063-of-00803_1022,3.0,/Users/tavantai/Developer/project_thesis_code/dataset_copy/3/train-00063-of-00803_1022.wav,0,48000,3
3--train-00063-of-00803_1204,3.0,/Users/tavantai/Developer/project_thesis_code/dataset_copy/3/train-00063-of-00803_1204.wav,0,48000,3
3--train-00063-of-00803_1091,3.0,/Users/tavantai/Developer/project_thesis_code/dataset_copy/3/train-00063-of-00803_1091.wav,0,48000,3
3--train-00063-of-00803_1172,3.0,/Users/tavantai/Developer/project_thesis_code/dataset_copy/3/train-00063-of-00803_1172.wav,0,48000,3
3--train-00063-of-00803_1174,3.0,/Users/tavantai/Developer/project_thesis_code/dataset_copy/3/train-00063-of-00803_1174.wav,0,48000,3
3--train-00063-of-00803_1118,3.0,/Users/tavantai/Developer/project_thesis_code/dataset_copy/3/train-00063-of-00803_1118.wav,0,48000,3
3--train-00063-of-00803_1021,3.0,/Users/tavantai/Developer/project_thesis_code/dataset_copy/3/train-00063-of-00803_1021.wav,0,48000,3
3--train-00063-of-00803_1279,3.0,/Users/tavantai/Developer/project_thesis_code/dataset_copy/3/train-00063-of-00803_1279.wav,0,48000,3
3--train-00063-of-00803_1119,3.0,/Users/tavantai/Developer/project_thesis_code/dataset_copy/3/train-00063-of-00803_1119.wav,0,48000,3
3--train-00063-of-00803_1288,3.0,/Users/tavantai/Developer/project_thesis_code/dataset_copy/3/train-00063-of-00803_1288.wav,0,48000,3
3--train-00063-of-00803_1244,3.0,/Users/tavantai/Developer/project_thesis_code/dataset_copy/3/train-00063-of-00803_1244.wav,0,48000,3
3--train-00064-of-00803_10,3.0,/Users/tavantai/Developer/project_thesis_code/dataset_copy/3/train-00064-of-00803_10.wav,0,48000,3
3--train-00064-of-00803_41,3.0,/Users/tavantai/Developer/project_thesis_code/dataset_copy/3/train-00064-of-00803_41.wav,0,48000,3
3--train-00063-of-00803_1088,3.0,/Users/tavantai/Developer/project_thesis_code/dataset_copy/3/train-00063-of-00803_1088.wav,0,48000,3
3--train-00063-of-00803_1055,3.0,/Users/tavantai/Developer/project_thesis_code/dataset_copy/3/train-00063-of-00803_1055.wav,0,48000,3
3--train-00063-of-00803_1035,3.0,/Users/tavantai/Developer/project_thesis_code/dataset_copy/3/train-00063-of-00803_1035.wav,0,48000,3
3--train-00063-of-00803_1020,3.0,/Users/tavantai/Developer/project_thesis_code/dataset_copy/3/train-00063-of-00803_1020.wav,0,48000,3
3--train-00063-of-00803_1280,3.0,/Users/tavantai/Developer/project_thesis_code/dataset_copy/3/train-00063-of-00803_1280.wav,0,48000,3
3--train-00063-of-00803_1047,3.0,/Users/tavantai/Developer/project_thesis_code/dataset_copy/3/train-00063-of-00803_1047.wav,0,48000,3
3--train-00063-of-00803_1144,3.0,/Users/tavantai/Developer/project_thesis_code/dataset_copy/3/train-00063-of-00803_1144.wav,0,48000,3
3--train-00064-of-00803_21,3.0,/Users/tavantai/Developer/project_thesis_code/dataset_copy/3/train-00064-of-00803_21.wav,0,48000,3
3--train-00064-of-00803_60,3.0,/Users/tavantai/Developer/project_thesis_code/dataset_copy/3/train-00064-of-00803_60.wav,0,48000,3
3--train-00064-of-00803_23,3.0,/Users/tavantai/Developer/project_thesis_code/dataset_copy/3/train-00064-of-00803_23.wav,0,48000,3
3--train-00064-of-00803_40,3.0,/Users/tavantai/Developer/project_thesis_code/dataset_copy/3/train-00064-of-00803_40.wav,0,48000,3
3--train-00063-of-00803_1056,3.0,/Users/tavantai/Developer/project_thesis_code/dataset_copy/3/train-00063-of-00803_1056.wav,0,48000,3
3--train-00063-of-00803_1168,3.0,/Users/tavantai/Developer/project_thesis_code/dataset_copy/3/train-00063-of-00803_1168.wav,0,48000,3
3--train-00063-of-00803_1109,3.0,/Users/tavantai/Developer/project_thesis_code/dataset_copy/3/train-00063-of-00803_1109.wav,0,48000,3
3--train-00063-of-00803_1268,3.0,/Users/tavantai/Developer/project_thesis_code/dataset_copy/3/train-00063-of-00803_1268.wav,0,48000,3
3--train-00063-of-00803_1275,3.0,/Users/tavantai/Developer/project_thesis_code/dataset_copy/3/train-00063-of-00803_1275.wav,0,48000,3
3--train-00063-of-00803_1286,3.0,/Users/tavantai/Developer/project_thesis_code/dataset_copy/3/train-00063-of-00803_1286.wav,0,48000,3
3--train-00064-of-00803_34,3.0,/Users/tavantai/Developer/project_thesis_code/dataset_copy/3/train-00064-of-00803_34.wav,0,48000,3
3--train-00063-of-00803_1255,3.0,/Users/tavantai/Developer/project_thesis_code/dataset_copy/3/train-00063-of-00803_1255.wav,0,48000,3
3--train-00063-of-00803_1214,3.0,/Users/tavantai/Developer/project_thesis_code/dataset_copy/3/train-00063-of-00803_1214.wav,0,48000,3
3--train-00063-of-00803_1087,3.0,/Users/tavantai/Developer/project_thesis_code/dataset_copy/3/train-00063-of-00803_1087.wav,0,48000,3
3--train-00064-of-00803_7,3.0,/Users/tavantai/Developer/project_thesis_code/dataset_copy/3/train-00064-of-00803_7.wav,0,48000,3
3--train-00063-of-00803_1277,3.0,/Users/tavantai/Developer/project_thesis_code/dataset_copy/3/train-00063-of-00803_1277.wav,0,48000,3
3--train-00063-of-00803_1046,3.0,/Users/tavantai/Developer/project_thesis_code/dataset_copy/3/train-00063-of-00803_1046.wav,0,48000,3
3--train-00063-of-00803_1106,3.0,/Users/tavantai/Developer/project_thesis_code/dataset_copy/3/train-00063-of-00803_1106.wav,0,48000,3
3--train-00063-of-00803_1061,3.0,/Users/tavantai/Developer/project_thesis_code/dataset_copy/3/train-00063-of-00803_1061.wav,0,48000,3
3--train-00063-of-00803_1045,3.0,/Users/tavantai/Developer/project_thesis_code/dataset_copy/3/train-00063-of-00803_1045.wav,0,48000,3
3--train-00063-of-00803_1049,3.0,/Users/tavantai/Developer/project_thesis_code/dataset_copy/3/train-00063-of-00803_1049.wav,0,48000,3
3--train-00063-of-00803_1233,3.0,/Users/tavantai/Developer/project_thesis_code/dataset_copy/3/train-00063-of-00803_1233.wav,0,48000,3
3--train-00063-of-00803_1003,3.0,/Users/tavantai/Developer/project_thesis_code/dataset_copy/3/train-00063-of-00803_1003.wav,0,48000,3
3--train-00064-of-00803_42,3.0,/Users/tavantai/Developer/project_thesis_code/dataset_copy/3/train-00064-of-00803_42.wav,0,48000,3
3--train-00063-of-00803_1162,3.0,/Users/tavantai/Developer/project_thesis_code/dataset_copy/3/train-00063-of-00803_1162.wav,0,48000,3
3--train-00063-of-00803_1132,3.0,/Users/tavantai/Developer/project_thesis_code/dataset_copy/3/train-00063-of-00803_1132.wav,0,48000,3
3--train-00063-of-00803_1215,3.0,/Users/tavantai/Developer/project_thesis_code/dataset_copy/3/train-00063-of-00803_1215.wav,0,48000,3
3--train-00063-of-00803_1199,3.0,/Users/tavantai/Developer/project_thesis_code/dataset_copy/3/train-00063-of-00803_1199.wav,0,48000,3
3--train-00063-of-00803_1117,3.0,/Users/tavantai/Developer/project_thesis_code/dataset_copy/3/train-00063-of-00803_1117.wav,0,48000,3
3--train-00064-of-00803_31,3.0,/Users/tavantai/Developer/project_thesis_code/dataset_copy/3/train-00064-of-00803_31.wav,0,48000,3
3--train-00064-of-00803_29,3.0,/Users/tavantai/Developer/project_thesis_code/dataset_copy/3/train-00064-of-00803_29.wav,0,48000,3
3--train-00063-of-00803_1060,3.0,/Users/tavantai/Developer/project_thesis_code/dataset_copy/3/train-00063-of-00803_1060.wav,0,48000,3
3--train-00063-of-00803_1269,3.0,/Users/tavantai/Developer/project_thesis_code/dataset_copy/3/train-00063-of-00803_1269.wav,0,48000,3
3--train-00063-of-00803_1001,3.0,/Users/tavantai/Developer/project_thesis_code/dataset_copy/3/train-00063-of-00803_1001.wav,0,48000,3
3--train-00063-of-00803_1169,3.0,/Users/tavantai/Developer/project_thesis_code/dataset_copy/3/train-00063-of-00803_1169.wav,0,48000,3
3--train-00064-of-00803_45,3.0,/Users/tavantai/Developer/project_thesis_code/dataset_copy/3/train-00064-of-00803_45.wav,0,48000,3
3--train-00063-of-00803_1181,3.0,/Users/tavantai/Developer/project_thesis_code/dataset_copy/3/train-00063-of-00803_1181.wav,0,48000,3
3--train-00063-of-00803_1232,3.0,/Users/tavantai/Developer/project_thesis_code/dataset_copy/3/train-00063-of-00803_1232.wav,0,48000,3
3--train-00063-of-00803_1210,3.0,/Users/tavantai/Developer/project_thesis_code/dataset_copy/3/train-00063-of-00803_1210.wav,0,48000,3
3--train-00063-of-00803_1080,3.0,/Users/tavantai/Developer/project_thesis_code/dataset_copy/3/train-00063-of-00803_1080.wav,0,48000,3
3--train-00063-of-00803_1107,3.0,/Users/tavantai/Developer/project_thesis_code/dataset_copy/3/train-00063-of-00803_1107.wav,0,48000,3
3--train-00064-of-00803_51,3.0,/Users/tavantai/Developer/project_thesis_code/dataset_copy/3/train-00064-of-00803_51.wav,0,48000,3
3--train-00064-of-00803_38,3.0,/Users/tavantai/Developer/project_thesis_code/dataset_copy/3/train-00064-of-00803_38.wav,0,48000,3
3--train-00063-of-00803_1059,3.0,/Users/tavantai/Developer/project_thesis_code/dataset_copy/3/train-00063-of-00803_1059.wav,0,48000,3
3--train-00063-of-00803_1237,3.0,/Users/tavantai/Developer/project_thesis_code/dataset_copy/3/train-00063-of-00803_1237.wav,0,48000,3
3--train-00063-of-00803_1137,3.0,/Users/tavantai/Developer/project_thesis_code/dataset_copy/3/train-00063-of-00803_1137.wav,0,48000,3
3--train-00064-of-00803_17,3.0,/Users/tavantai/Developer/project_thesis_code/dataset_copy/3/train-00064-of-00803_17.wav,0,48000,3
3--train-00063-of-00803_1099,3.0,/Users/tavantai/Developer/project_thesis_code/dataset_copy/3/train-00063-of-00803_1099.wav,0,48000,3
3--train-00063-of-00803_1111,3.0,/Users/tavantai/Developer/project_thesis_code/dataset_copy/3/train-00063-of-00803_1111.wav,0,48000,3
3--train-00063-of-00803_1201,3.0,/Users/tavantai/Developer/project_thesis_code/dataset_copy/3/train-00063-of-00803_1201.wav,0,48000,3
3--train-00063-of-00803_1265,3.0,/Users/tavantai/Developer/project_thesis_code/dataset_copy/3/train-00063-of-00803_1265.wav,0,48000,3
3--train-00063-of-00803_1170,3.0,/Users/tavantai/Developer/project_thesis_code/dataset_copy/3/train-00063-of-00803_1170.wav,0,48000,3
3--train-00063-of-00803_1247,3.0,/Users/tavantai/Developer/project_thesis_code/dataset_copy/3/train-00063-of-00803_1247.wav,0,48000,3
3--train-00063-of-00803_1294,3.0,/Users/tavantai/Developer/project_thesis_code/dataset_copy/3/train-00063-of-00803_1294.wav,0,48000,3
3--train-00063-of-00803_1128,3.0,/Users/tavantai/Developer/project_thesis_code/dataset_copy/3/train-00063-of-00803_1128.wav,0,48000,3
3--train-00063-of-00803_1084,3.0,/Users/tavantai/Developer/project_thesis_code/dataset_copy/3/train-00063-of-00803_1084.wav,0,48000,3
3--train-00063-of-00803_1031,3.0,/Users/tavantai/Developer/project_thesis_code/dataset_copy/3/train-00063-of-00803_1031.wav,0,48000,3
3--train-00063-of-00803_1075,3.0,/Users/tavantai/Developer/project_thesis_code/dataset_copy/3/train-00063-of-00803_1075.wav,0,48000,3
3--train-00064-of-00803_6,3.0,/Users/tavantai/Developer/project_thesis_code/dataset_copy/3/train-00064-of-00803_6.wav,0,48000,3
3--train-00063-of-00803_1266,3.0,/Users/tavantai/Developer/project_thesis_code/dataset_copy/3/train-00063-of-00803_1266.wav,0,48000,3
3--train-00063-of-00803_1177,3.0,/Users/tavantai/Developer/project_thesis_code/dataset_copy/3/train-00063-of-00803_1177.wav,0,48000,3
3--train-00063-of-00803_1281,3.0,/Users/tavantai/Developer/project_thesis_code/dataset_copy/3/train-00063-of-00803_1281.wav,0,48000,3
3--train-00063-of-00803_1276,3.0,/Users/tavantai/Developer/project_thesis_code/dataset_copy/3/train-00063-of-00803_1276.wav,0,48000,3
3--train-00063-of-00803_1130,3.0,/Users/tavantai/Developer/project_thesis_code/dataset_copy/3/train-00063-of-00803_1130.wav,0,48000,3
3--train-00063-of-00803_1134,3.0,/Users/tavantai/Developer/project_thesis_code/dataset_copy/3/train-00063-of-00803_1134.wav,0,48000,3
3--train-00063-of-00803_1234,3.0,/Users/tavantai/Developer/project_thesis_code/dataset_copy/3/train-00063-of-00803_1234.wav,0,48000,3
3--train-00063-of-00803_1161,3.0,/Users/tavantai/Developer/project_thesis_code/dataset_copy/3/train-00063-of-00803_1161.wav,0,48000,3
3--train-00063-of-00803_1243,3.0,/Users/tavantai/Developer/project_thesis_code/dataset_copy/3/train-00063-of-00803_1243.wav,0,48000,3
3--train-00063-of-00803_1184,3.0,/Users/tavantai/Developer/project_thesis_code/dataset_copy/3/train-00063-of-00803_1184.wav,0,48000,3
3--train-00063-of-00803_1081,3.0,/Users/tavantai/Developer/project_thesis_code/dataset_copy/3/train-00063-of-00803_1081.wav,0,48000,3
3--train-00063-of-00803_1197,3.0,/Users/tavantai/Developer/project_thesis_code/dataset_copy/3/train-00063-of-00803_1197.wav,0,48000,3
3--train-00063-of-00803_1157,3.0,/Users/tavantai/Developer/project_thesis_code/dataset_copy/3/train-00063-of-00803_1157.wav,0,48000,3
3--train-00063-of-00803_1218,3.0,/Users/tavantai/Developer/project_thesis_code/dataset_copy/3/train-00063-of-00803_1218.wav,0,48000,3
3--train-00063-of-00803_1058,3.0,/Users/tavantai/Developer/project_thesis_code/dataset_copy/3/train-00063-of-00803_1058.wav,0,48000,3
3--train-00063-of-00803_1289,3.0,/Users/tavantai/Developer/project_thesis_code/dataset_copy/3/train-00063-of-00803_1289.wav,0,48000,3
3--train-00064-of-00803_4,3.0,/Users/tavantai/Developer/project_thesis_code/dataset_copy/3/train-00064-of-00803_4.wav,0,48000,3
3--train-00063-of-00803_1211,3.0,/Users/tavantai/Developer/project_thesis_code/dataset_copy/3/train-00063-of-00803_1211.wav,0,48000,3
3--train-00063-of-00803_1129,3.0,/Users/tavantai/Developer/project_thesis_code/dataset_copy/3/train-00063-of-00803_1129.wav,0,48000,3
3--train-00063-of-00803_1249,3.0,/Users/tavantai/Developer/project_thesis_code/dataset_copy/3/train-00063-of-00803_1249.wav,0,48000,3
3--train-00063-of-00803_1270,3.0,/Users/tavantai/Developer/project_thesis_code/dataset_copy/3/train-00063-of-00803_1270.wav,0,48000,3
3--train-00063-of-00803_1194,3.0,/Users/tavantai/Developer/project_thesis_code/dataset_copy/3/train-00063-of-00803_1194.wav,0,48000,3
3--train-00063-of-00803_1108,3.0,/Users/tavantai/Developer/project_thesis_code/dataset_copy/3/train-00063-of-00803_1108.wav,0,48000,3
3--train-00063-of-00803_1283,3.0,/Users/tavantai/Developer/project_thesis_code/dataset_copy/3/train-00063-of-00803_1283.wav,0,48000,3
3--train-00063-of-00803_1120,3.0,/Users/tavantai/Developer/project_thesis_code/dataset_copy/3/train-00063-of-00803_1120.wav,0,48000,3
3--train-00063-of-00803_1041,3.0,/Users/tavantai/Developer/project_thesis_code/dataset_copy/3/train-00063-of-00803_1041.wav,0,48000,3
3--train-00063-of-00803_1287,3.0,/Users/tavantai/Developer/project_thesis_code/dataset_copy/3/train-00063-of-00803_1287.wav,0,48000,3
3--train-00063-of-00803_1250,3.0,/Users/tavantai/Developer/project_thesis_code/dataset_copy/3/train-00063-of-00803_1250.wav,0,48000,3
3--train-00063-of-00803_1005,3.0,/Users/tavantai/Developer/project_thesis_code/dataset_copy/3/train-00063-of-00803_1005.wav,0,48000,3
3--train-00063-of-00803_1205,3.0,/Users/tavantai/Developer/project_thesis_code/dataset_copy/3/train-00063-of-00803_1205.wav,0,48000,3
3--train-00063-of-00803_1298,3.0,/Users/tavantai/Developer/project_thesis_code/dataset_copy/3/train-00063-of-00803_1298.wav,0,48000,3
3--train-00063-of-00803_1048,3.0,/Users/tavantai/Developer/project_thesis_code/dataset_copy/3/train-00063-of-00803_1048.wav,0,48000,3
3--train-00064-of-00803_9,3.0,/Users/tavantai/Developer/project_thesis_code/dataset_copy/3/train-00064-of-00803_9.wav,0,48000,3
3--train-00063-of-00803_1258,3.0,/Users/tavantai/Developer/project_thesis_code/dataset_copy/3/train-00063-of-00803_1258.wav,0,48000,3
3--train-00063-of-00803_1209,3.0,/Users/tavantai/Developer/project_thesis_code/dataset_copy/3/train-00063-of-00803_1209.wav,0,48000,3
3--train-00063-of-00803_1029,3.0,/Users/tavantai/Developer/project_thesis_code/dataset_copy/3/train-00063-of-00803_1029.wav,0,48000,3
3--train-00063-of-00803_1074,3.0,/Users/tavantai/Developer/project_thesis_code/dataset_copy/3/train-00063-of-00803_1074.wav,0,48000,3
3--train-00063-of-00803_1182,3.0,/Users/tavantai/Developer/project_thesis_code/dataset_copy/3/train-00063-of-00803_1182.wav,0,48000,3
3--train-00063-of-00803_1068,3.0,/Users/tavantai/Developer/project_thesis_code/dataset_copy/3/train-00063-of-00803_1068.wav,0,48000,3
3--train-00063-of-00803_1136,3.0,/Users/tavantai/Developer/project_thesis_code/dataset_copy/3/train-00063-of-00803_1136.wav,0,48000,3
3--train-00063-of-00803_1051,3.0,/Users/tavantai/Developer/project_thesis_code/dataset_copy/3/train-00063-of-00803_1051.wav,0,48000,3
3--train-00063-of-00803_1113,3.0,/Users/tavantai/Developer/project_thesis_code/dataset_copy/3/train-00063-of-00803_1113.wav,0,48000,3
3--train-00063-of-00803_1239,3.0,/Users/tavantai/Developer/project_thesis_code/dataset_copy/3/train-00063-of-00803_1239.wav,0,48000,3
3--train-00063-of-00803_1227,3.0,/Users/tavantai/Developer/project_thesis_code/dataset_copy/3/train-00063-of-00803_1227.wav,0,48000,3
3--train-00064-of-00803_52,3.0,/Users/tavantai/Developer/project_thesis_code/dataset_copy/3/train-00064-of-00803_52.wav,0,48000,3
3--train-00063-of-00803_1012,3.0,/Users/tavantai/Developer/project_thesis_code/dataset_copy/3/train-00063-of-00803_1012.wav,0,48000,3
3--train-00063-of-00803_1069,3.0,/Users/tavantai/Developer/project_thesis_code/dataset_copy/3/train-00063-of-00803_1069.wav,0,48000,3
3--train-00063-of-00803_1186,3.0,/Users/tavantai/Developer/project_thesis_code/dataset_copy/3/train-00063-of-00803_1186.wav,0,48000,3
3--train-00063-of-00803_1096,3.0,/Users/tavantai/Developer/project_thesis_code/dataset_copy/3/train-00063-of-00803_1096.wav,0,48000,3
3--train-00063-of-00803_1072,3.0,/Users/tavantai/Developer/project_thesis_code/dataset_copy/3/train-00063-of-00803_1072.wav,0,48000,3
3--train-00063-of-00803_1097,3.0,/Users/tavantai/Developer/project_thesis_code/dataset_copy/3/train-00063-of-00803_1097.wav,0,48000,3
3--train-00063-of-00803_1220,3.0,/Users/tavantai/Developer/project_thesis_code/dataset_copy/3/train-00063-of-00803_1220.wav,0,48000,3
6--train-00053-of-00803_285,3.0,/Users/tavantai/Developer/project_thesis_code/dataset_copy/6/train-00053-of-00803_285.wav,0,48000,6
6--train-00053-of-00803_283,3.0,/Users/tavantai/Developer/project_thesis_code/dataset_copy/6/train-00053-of-00803_283.wav,0,48000,6
6--train-00053-of-00803_362,3.0,/Users/tavantai/Developer/project_thesis_code/dataset_copy/6/train-00053-of-00803_362.wav,0,48000,6
6--train-00053-of-00803_216,3.0,/Users/tavantai/Developer/project_thesis_code/dataset_copy/6/train-00053-of-00803_216.wav,0,48000,6
6--train-00053-of-00803_341,3.0,/Users/tavantai/Developer/project_thesis_code/dataset_copy/6/train-00053-of-00803_341.wav,0,48000,6
6--train-00053-of-00803_218,3.0,/Users/tavantai/Developer/project_thesis_code/dataset_copy/6/train-00053-of-00803_218.wav,0,48000,6
6--train-00053-of-00803_72,3.0,/Users/tavantai/Developer/project_thesis_code/dataset_copy/6/train-00053-of-00803_72.wav,0,48000,6
6--train-00053-of-00803_352,3.0,/Users/tavantai/Developer/project_thesis_code/dataset_copy/6/train-00053-of-00803_352.wav,0,48000,6
6--train-00053-of-00803_333,3.0,/Users/tavantai/Developer/project_thesis_code/dataset_copy/6/train-00053-of-00803_333.wav,0,48000,6
6--train-00053-of-00803_294,3.0,/Users/tavantai/Developer/project_thesis_code/dataset_copy/6/train-00053-of-00803_294.wav,0,48000,6
6--train-00053-of-00803_109,3.0,/Users/tavantai/Developer/project_thesis_code/dataset_copy/6/train-00053-of-00803_109.wav,0,48000,6
6--train-00053-of-00803_70,3.0,/Users/tavantai/Developer/project_thesis_code/dataset_copy/6/train-00053-of-00803_70.wav,0,48000,6
6--train-00053-of-00803_271,3.0,/Users/tavantai/Developer/project_thesis_code/dataset_copy/6/train-00053-of-00803_271.wav,0,48000,6
6--train-00053-of-00803_338,3.0,/Users/tavantai/Developer/project_thesis_code/dataset_copy/6/train-00053-of-00803_338.wav,0,48000,6
6--train-00053-of-00803_83,3.0,/Users/tavantai/Developer/project_thesis_code/dataset_copy/6/train-00053-of-00803_83.wav,0,48000,6
6--train-00053-of-00803_354,3.0,/Users/tavantai/Developer/project_thesis_code/dataset_copy/6/train-00053-of-00803_354.wav,0,48000,6
6--train-00053-of-00803_77,3.0,/Users/tavantai/Developer/project_thesis_code/dataset_copy/6/train-00053-of-00803_77.wav,0,48000,6
6--train-00053-of-00803_178,3.0,/Users/tavantai/Developer/project_thesis_code/dataset_copy/6/train-00053-of-00803_178.wav,0,48000,6
6--train-00053-of-00803_112,3.0,/Users/tavantai/Developer/project_thesis_code/dataset_copy/6/train-00053-of-00803_112.wav,0,48000,6
6--train-00053-of-00803_103,3.0,/Users/tavantai/Developer/project_thesis_code/dataset_copy/6/train-00053-of-00803_103.wav,0,48000,6
6--train-00053-of-00803_255,3.0,/Users/tavantai/Developer/project_thesis_code/dataset_copy/6/train-00053-of-00803_255.wav,0,48000,6
6--train-00053-of-00803_208,3.0,/Users/tavantai/Developer/project_thesis_code/dataset_copy/6/train-00053-of-00803_208.wav,0,48000,6
6--train-00053-of-00803_150,3.0,/Users/tavantai/Developer/project_thesis_code/dataset_copy/6/train-00053-of-00803_150.wav,0,48000,6
6--train-00053-of-00803_69,3.0,/Users/tavantai/Developer/project_thesis_code/dataset_copy/6/train-00053-of-00803_69.wav,0,48000,6
6--train-00053-of-00803_251,3.0,/Users/tavantai/Developer/project_thesis_code/dataset_copy/6/train-00053-of-00803_251.wav,0,48000,6
6--train-00053-of-00803_204,3.0,/Users/tavantai/Developer/project_thesis_code/dataset_copy/6/train-00053-of-00803_204.wav,0,48000,6
6--train-00053-of-00803_340,3.0,/Users/tavantai/Developer/project_thesis_code/dataset_copy/6/train-00053-of-00803_340.wav,0,48000,6
6--train-00053-of-00803_304,3.0,/Users/tavantai/Developer/project_thesis_code/dataset_copy/6/train-00053-of-00803_304.wav,0,48000,6
6--train-00053-of-00803_307,3.0,/Users/tavantai/Developer/project_thesis_code/dataset_copy/6/train-00053-of-00803_307.wav,0,48000,6
6--train-00053-of-00803_209,3.0,/Users/tavantai/Developer/project_thesis_code/dataset_copy/6/train-00053-of-00803_209.wav,0,48000,6
6--train-00053-of-00803_215,3.0,/Users/tavantai/Developer/project_thesis_code/dataset_copy/6/train-00053-of-00803_215.wav,0,48000,6
6--train-00053-of-00803_144,3.0,/Users/tavantai/Developer/project_thesis_code/dataset_copy/6/train-00053-of-00803_144.wav,0,48000,6
6--train-00053-of-00803_71,3.0,/Users/tavantai/Developer/project_thesis_code/dataset_copy/6/train-00053-of-00803_71.wav,0,48000,6
6--train-00053-of-00803_90,3.0,/Users/tavantai/Developer/project_thesis_code/dataset_copy/6/train-00053-of-00803_90.wav,0,48000,6
6--train-00053-of-00803_75,3.0,/Users/tavantai/Developer/project_thesis_code/dataset_copy/6/train-00053-of-00803_75.wav,0,48000,6
6--train-00053-of-00803_192,3.0,/Users/tavantai/Developer/project_thesis_code/dataset_copy/6/train-00053-of-00803_192.wav,0,48000,6
6--train-00053-of-00803_322,3.0,/Users/tavantai/Developer/project_thesis_code/dataset_copy/6/train-00053-of-00803_322.wav,0,48000,6
6--train-00053-of-00803_260,3.0,/Users/tavantai/Developer/project_thesis_code/dataset_copy/6/train-00053-of-00803_260.wav,0,48000,6
6--train-00053-of-00803_241,3.0,/Users/tavantai/Developer/project_thesis_code/dataset_copy/6/train-00053-of-00803_241.wav,0,48000,6
6--train-00053-of-00803_339,3.0,/Users/tavantai/Developer/project_thesis_code/dataset_copy/6/train-00053-of-00803_339.wav,0,48000,6
6--train-00053-of-00803_74,3.0,/Users/tavantai/Developer/project_thesis_code/dataset_copy/6/train-00053-of-00803_74.wav,0,48000,6
6--train-00053-of-00803_104,3.0,/Users/tavantai/Developer/project_thesis_code/dataset_copy/6/train-00053-of-00803_104.wav,0,48000,6
6--train-00053-of-00803_151,3.0,/Users/tavantai/Developer/project_thesis_code/dataset_copy/6/train-00053-of-00803_151.wav,0,48000,6
6--train-00053-of-00803_298,3.0,/Users/tavantai/Developer/project_thesis_code/dataset_copy/6/train-00053-of-00803_298.wav,0,48000,6
6--train-00053-of-00803_320,3.0,/Users/tavantai/Developer/project_thesis_code/dataset_copy/6/train-00053-of-00803_320.wav,0,48000,6
6--train-00053-of-00803_239,3.0,/Users/tavantai/Developer/project_thesis_code/dataset_copy/6/train-00053-of-00803_239.wav,0,48000,6
6--train-00053-of-00803_361,3.0,/Users/tavantai/Developer/project_thesis_code/dataset_copy/6/train-00053-of-00803_361.wav,0,48000,6
6--train-00053-of-00803_305,3.0,/Users/tavantai/Developer/project_thesis_code/dataset_copy/6/train-00053-of-00803_305.wav,0,48000,6
6--train-00053-of-00803_101,3.0,/Users/tavantai/Developer/project_thesis_code/dataset_copy/6/train-00053-of-00803_101.wav,0,48000,6
6--train-00053-of-00803_325,3.0,/Users/tavantai/Developer/project_thesis_code/dataset_copy/6/train-00053-of-00803_325.wav,0,48000,6
6--train-00053-of-00803_111,3.0,/Users/tavantai/Developer/project_thesis_code/dataset_copy/6/train-00053-of-00803_111.wav,0,48000,6
6--train-00053-of-00803_206,3.0,/Users/tavantai/Developer/project_thesis_code/dataset_copy/6/train-00053-of-00803_206.wav,0,48000,6
6--train-00053-of-00803_161,3.0,/Users/tavantai/Developer/project_thesis_code/dataset_copy/6/train-00053-of-00803_161.wav,0,48000,6
6--train-00053-of-00803_195,3.0,/Users/tavantai/Developer/project_thesis_code/dataset_copy/6/train-00053-of-00803_195.wav,0,48000,6
6--train-00053-of-00803_155,3.0,/Users/tavantai/Developer/project_thesis_code/dataset_copy/6/train-00053-of-00803_155.wav,0,48000,6
6--train-00053-of-00803_358,3.0,/Users/tavantai/Developer/project_thesis_code/dataset_copy/6/train-00053-of-00803_358.wav,0,48000,6
6--train-00053-of-00803_203,3.0,/Users/tavantai/Developer/project_thesis_code/dataset_copy/6/train-00053-of-00803_203.wav,0,48000,6
6--train-00053-of-00803_186,3.0,/Users/tavantai/Developer/project_thesis_code/dataset_copy/6/train-00053-of-00803_186.wav,0,48000,6
6--train-00053-of-00803_181,3.0,/Users/tavantai/Developer/project_thesis_code/dataset_copy/6/train-00053-of-00803_181.wav,0,48000,6
6--train-00053-of-00803_131,3.0,/Users/tavantai/Developer/project_thesis_code/dataset_copy/6/train-00053-of-00803_131.wav,0,48000,6
6--train-00053-of-00803_118,3.0,/Users/tavantai/Developer/project_thesis_code/dataset_copy/6/train-00053-of-00803_118.wav,0,48000,6
6--train-00053-of-00803_214,3.0,/Users/tavantai/Developer/project_thesis_code/dataset_copy/6/train-00053-of-00803_214.wav,0,48000,6
6--train-00053-of-00803_268,3.0,/Users/tavantai/Developer/project_thesis_code/dataset_copy/6/train-00053-of-00803_268.wav,0,48000,6
6--train-00053-of-00803_348,3.0,/Users/tavantai/Developer/project_thesis_code/dataset_copy/6/train-00053-of-00803_348.wav,0,48000,6
6--train-00053-of-00803_91,3.0,/Users/tavantai/Developer/project_thesis_code/dataset_copy/6/train-00053-of-00803_91.wav,0,48000,6
6--train-00053-of-00803_282,3.0,/Users/tavantai/Developer/project_thesis_code/dataset_copy/6/train-00053-of-00803_282.wav,0,48000,6
6--train-00053-of-00803_253,3.0,/Users/tavantai/Developer/project_thesis_code/dataset_copy/6/train-00053-of-00803_253.wav,0,48000,6
6--train-00053-of-00803_301,3.0,/Users/tavantai/Developer/project_thesis_code/dataset_copy/6/train-00053-of-00803_301.wav,0,48000,6
6--train-00053-of-00803_187,3.0,/Users/tavantai/Developer/project_thesis_code/dataset_copy/6/train-00053-of-00803_187.wav,0,48000,6
6--train-00053-of-00803_326,3.0,/Users/tavantai/Developer/project_thesis_code/dataset_copy/6/train-00053-of-00803_326.wav,0,48000,6
6--train-00053-of-00803_323,3.0,/Users/tavantai/Developer/project_thesis_code/dataset_copy/6/train-00053-of-00803_323.wav,0,48000,6
6--train-00053-of-00803_324,3.0,/Users/tavantai/Developer/project_thesis_code/dataset_copy/6/train-00053-of-00803_324.wav,0,48000,6
6--train-00053-of-00803_267,3.0,/Users/tavantai/Developer/project_thesis_code/dataset_copy/6/train-00053-of-00803_267.wav,0,48000,6
6--train-00053-of-00803_312,3.0,/Users/tavantai/Developer/project_thesis_code/dataset_copy/6/train-00053-of-00803_312.wav,0,48000,6
6--train-00053-of-00803_142,3.0,/Users/tavantai/Developer/project_thesis_code/dataset_copy/6/train-00053-of-00803_142.wav,0,48000,6
6--train-00053-of-00803_198,3.0,/Users/tavantai/Developer/project_thesis_code/dataset_copy/6/train-00053-of-00803_198.wav,0,48000,6
6--train-00053-of-00803_123,3.0,/Users/tavantai/Developer/project_thesis_code/dataset_copy/6/train-00053-of-00803_123.wav,0,48000,6
6--train-00053-of-00803_212,3.0,/Users/tavantai/Developer/project_thesis_code/dataset_copy/6/train-00053-of-00803_212.wav,0,48000,6
6--train-00053-of-00803_317,3.0,/Users/tavantai/Developer/project_thesis_code/dataset_copy/6/train-00053-of-00803_317.wav,0,48000,6
6--train-00053-of-00803_355,3.0,/Users/tavantai/Developer/project_thesis_code/dataset_copy/6/train-00053-of-00803_355.wav,0,48000,6
6--train-00053-of-00803_152,3.0,/Users/tavantai/Developer/project_thesis_code/dataset_copy/6/train-00053-of-00803_152.wav,0,48000,6
6--train-00053-of-00803_79,3.0,/Users/tavantai/Developer/project_thesis_code/dataset_copy/6/train-00053-of-00803_79.wav,0,48000,6
6--train-00053-of-00803_347,3.0,/Users/tavantai/Developer/project_thesis_code/dataset_copy/6/train-00053-of-00803_347.wav,0,48000,6
6--train-00053-of-00803_332,3.0,/Users/tavantai/Developer/project_thesis_code/dataset_copy/6/train-00053-of-00803_332.wav,0,48000,6
6--train-00053-of-00803_319,3.0,/Users/tavantai/Developer/project_thesis_code/dataset_copy/6/train-00053-of-00803_319.wav,0,48000,6
6--train-00053-of-00803_121,3.0,/Users/tavantai/Developer/project_thesis_code/dataset_copy/6/train-00053-of-00803_121.wav,0,48000,6
6--train-00053-of-00803_292,3.0,/Users/tavantai/Developer/project_thesis_code/dataset_copy/6/train-00053-of-00803_292.wav,0,48000,6
6--train-00053-of-00803_263,3.0,/Users/tavantai/Developer/project_thesis_code/dataset_copy/6/train-00053-of-00803_263.wav,0,48000,6
6--train-00053-of-00803_120,3.0,/Users/tavantai/Developer/project_thesis_code/dataset_copy/6/train-00053-of-00803_120.wav,0,48000,6
6--train-00053-of-00803_140,3.0,/Users/tavantai/Developer/project_thesis_code/dataset_copy/6/train-00053-of-00803_140.wav,0,48000,6
6--train-00053-of-00803_97,3.0,/Users/tavantai/Developer/project_thesis_code/dataset_copy/6/train-00053-of-00803_97.wav,0,48000,6
6--train-00053-of-00803_199,3.0,/Users/tavantai/Developer/project_thesis_code/dataset_copy/6/train-00053-of-00803_199.wav,0,48000,6
6--train-00053-of-00803_116,3.0,/Users/tavantai/Developer/project_thesis_code/dataset_copy/6/train-00053-of-00803_116.wav,0,48000,6
6--train-00053-of-00803_163,3.0,/Users/tavantai/Developer/project_thesis_code/dataset_copy/6/train-00053-of-00803_163.wav,0,48000,6
6--train-00053-of-00803_233,3.0,/Users/tavantai/Developer/project_thesis_code/dataset_copy/6/train-00053-of-00803_233.wav,0,48000,6
6--train-00053-of-00803_272,3.0,/Users/tavantai/Developer/project_thesis_code/dataset_copy/6/train-00053-of-00803_272.wav,0,48000,6
6--train-00053-of-00803_289,3.0,/Users/tavantai/Developer/project_thesis_code/dataset_copy/6/train-00053-of-00803_289.wav,0,48000,6
6--train-00053-of-00803_288,3.0,/Users/tavantai/Developer/project_thesis_code/dataset_copy/6/train-00053-of-00803_288.wav,0,48000,6
7--train-00007-of-00803_44,3.0,/Users/tavantai/Developer/project_thesis_code/dataset_copy/7/train-00007-of-00803_44.wav,0,48000,7
7--train-00007-of-00803_95,3.0,/Users/tavantai/Developer/project_thesis_code/dataset_copy/7/train-00007-of-00803_95.wav,0,48000,7
7--train-00007-of-00803_497,3.0,/Users/tavantai/Developer/project_thesis_code/dataset_copy/7/train-00007-of-00803_497.wav,0,48000,7
7--train-00007-of-00803_227,3.0,/Users/tavantai/Developer/project_thesis_code/dataset_copy/7/train-00007-of-00803_227.wav,0,48000,7
7--train-00007-of-00803_411,3.0,/Users/tavantai/Developer/project_thesis_code/dataset_copy/7/train-00007-of-00803_411.wav,0,48000,7
7--train-00007-of-00803_387,3.0,/Users/tavantai/Developer/project_thesis_code/dataset_copy/7/train-00007-of-00803_387.wav,0,48000,7
7--train-00006-of-00803_1290,3.0,/Users/tavantai/Developer/project_thesis_code/dataset_copy/7/train-00006-of-00803_1290.wav,0,48000,7
7--train-00007-of-00803_65,3.0,/Users/tavantai/Developer/project_thesis_code/dataset_copy/7/train-00007-of-00803_65.wav,0,48000,7
7--train-00007-of-00803_211,3.0,/Users/tavantai/Developer/project_thesis_code/dataset_copy/7/train-00007-of-00803_211.wav,0,48000,7
7--train-00007-of-00803_173,3.0,/Users/tavantai/Developer/project_thesis_code/dataset_copy/7/train-00007-of-00803_173.wav,0,48000,7
7--train-00007-of-00803_253,3.0,/Users/tavantai/Developer/project_thesis_code/dataset_copy/7/train-00007-of-00803_253.wav,0,48000,7
7--train-00007-of-00803_148,3.0,/Users/tavantai/Developer/project_thesis_code/dataset_copy/7/train-00007-of-00803_148.wav,0,48000,7
7--train-00007-of-00803_94,3.0,/Users/tavantai/Developer/project_thesis_code/dataset_copy/7/train-00007-of-00803_94.wav,0,48000,7
7--train-00007-of-00803_538,3.0,/Users/tavantai/Developer/project_thesis_code/dataset_copy/7/train-00007-of-00803_538.wav,0,48000,7
7--train-00007-of-00803_98,3.0,/Users/tavantai/Developer/project_thesis_code/dataset_copy/7/train-00007-of-00803_98.wav,0,48000,7
7--train-00007-of-00803_192,3.0,/Users/tavantai/Developer/project_thesis_code/dataset_copy/7/train-00007-of-00803_192.wav,0,48000,7
7--train-00006-of-00803_1286,3.0,/Users/tavantai/Developer/project_thesis_code/dataset_copy/7/train-00006-of-00803_1286.wav,0,48000,7
7--train-00007-of-00803_429,3.0,/Users/tavantai/Developer/project_thesis_code/dataset_copy/7/train-00007-of-00803_429.wav,0,48000,7
7--train-00007-of-00803_487,3.0,/Users/tavantai/Developer/project_thesis_code/dataset_copy/7/train-00007-of-00803_487.wav,0,48000,7
7--train-00007-of-00803_200,3.0,/Users/tavantai/Developer/project_thesis_code/dataset_copy/7/train-00007-of-00803_200.wav,0,48000,7
7--train-00007-of-00803_515,3.0,/Users/tavantai/Developer/project_thesis_code/dataset_copy/7/train-00007-of-00803_515.wav,0,48000,7
7--train-00007-of-00803_12,3.0,/Users/tavantai/Developer/project_thesis_code/dataset_copy/7/train-00007-of-00803_12.wav,0,48000,7
7--train-00007-of-00803_389,3.0,/Users/tavantai/Developer/project_thesis_code/dataset_copy/7/train-00007-of-00803_389.wav,0,48000,7
7--train-00007-of-00803_510,3.0,/Users/tavantai/Developer/project_thesis_code/dataset_copy/7/train-00007-of-00803_510.wav,0,48000,7
7--train-00007-of-00803_309,3.0,/Users/tavantai/Developer/project_thesis_code/dataset_copy/7/train-00007-of-00803_309.wav,0,48000,7
7--train-00007-of-00803_269,3.0,/Users/tavantai/Developer/project_thesis_code/dataset_copy/7/train-00007-of-00803_269.wav,0,48000,7
7--train-00007-of-00803_518,3.0,/Users/tavantai/Developer/project_thesis_code/dataset_copy/7/train-00007-of-00803_518.wav,0,48000,7
7--train-00007-of-00803_404,3.0,/Users/tavantai/Developer/project_thesis_code/dataset_copy/7/train-00007-of-00803_404.wav,0,48000,7
7--train-00007-of-00803_84,3.0,/Users/tavantai/Developer/project_thesis_code/dataset_copy/7/train-00007-of-00803_84.wav,0,48000,7
7--train-00007-of-00803_390,3.0,/Users/tavantai/Developer/project_thesis_code/dataset_copy/7/train-00007-of-00803_390.wav,0,48000,7
7--train-00007-of-00803_396,3.0,/Users/tavantai/Developer/project_thesis_code/dataset_copy/7/train-00007-of-00803_396.wav,0,48000,7
7--train-00007-of-00803_587,3.0,/Users/tavantai/Developer/project_thesis_code/dataset_copy/7/train-00007-of-00803_587.wav,0,48000,7
7--train-00007-of-00803_536,3.0,/Users/tavantai/Developer/project_thesis_code/dataset_copy/7/train-00007-of-00803_536.wav,0,48000,7
7--train-00007-of-00803_539,3.0,/Users/tavantai/Developer/project_thesis_code/dataset_copy/7/train-00007-of-00803_539.wav,0,48000,7
7--train-00007-of-00803_206,3.0,/Users/tavantai/Developer/project_thesis_code/dataset_copy/7/train-00007-of-00803_206.wav,0,48000,7
7--train-00007-of-00803_282,3.0,/Users/tavantai/Developer/project_thesis_code/dataset_copy/7/train-00007-of-00803_282.wav,0,48000,7
7--train-00007-of-00803_83,3.0,/Users/tavantai/Developer/project_thesis_code/dataset_copy/7/train-00007-of-00803_83.wav,0,48000,7
7--train-00007-of-00803_350,3.0,/Users/tavantai/Developer/project_thesis_code/dataset_copy/7/train-00007-of-00803_350.wav,0,48000,7
7--train-00007-of-00803_452,3.0,/Users/tavantai/Developer/project_thesis_code/dataset_copy/7/train-00007-of-00803_452.wav,0,48000,7
7--train-00007-of-00803_81,3.0,/Users/tavantai/Developer/project_thesis_code/dataset_copy/7/train-00007-of-00803_81.wav,0,48000,7
7--train-00007-of-00803_490,3.0,/Users/tavantai/Developer/project_thesis_code/dataset_copy/7/train-00007-of-00803_490.wav,0,48000,7
7--train-00007-of-00803_369,3.0,/Users/tavantai/Developer/project_thesis_code/dataset_copy/7/train-00007-of-00803_369.wav,0,48000,7
7--train-00007-of-00803_453,3.0,/Users/tavantai/Developer/project_thesis_code/dataset_copy/7/train-00007-of-00803_453.wav,0,48000,7
7--train-00007-of-00803_172,3.0,/Users/tavantai/Developer/project_thesis_code/dataset_copy/7/train-00007-of-00803_172.wav,0,48000,7
7--train-00007-of-00803_250,3.0,/Users/tavantai/Developer/project_thesis_code/dataset_copy/7/train-00007-of-00803_250.wav,0,48000,7
7--train-00007-of-00803_355,3.0,/Users/tavantai/Developer/project_thesis_code/dataset_copy/7/train-00007-of-00803_355.wav,0,48000,7
7--train-00007-of-00803_139,3.0,/Users/tavantai/Developer/project_thesis_code/dataset_copy/7/train-00007-of-00803_139.wav,0,48000,7
7--train-00007-of-00803_33,3.0,/Users/tavantai/Developer/project_thesis_code/dataset_copy/7/train-00007-of-00803_33.wav,0,48000,7
7--train-00007-of-00803_188,3.0,/Users/tavantai/Developer/project_thesis_code/dataset_copy/7/train-00007-of-00803_188.wav,0,48000,7
7--train-00007-of-00803_104,3.0,/Users/tavantai/Developer/project_thesis_code/dataset_copy/7/train-00007-of-00803_104.wav,0,48000,7
7--train-00007-of-00803_13,3.0,/Users/tavantai/Developer/project_thesis_code/dataset_copy/7/train-00007-of-00803_13.wav,0,48000,7
7--train-00007-of-00803_344,3.0,/Users/tavantai/Developer/project_thesis_code/dataset_copy/7/train-00007-of-00803_344.wav,0,48000,7
7--train-00007-of-00803_533,3.0,/Users/tavantai/Developer/project_thesis_code/dataset_copy/7/train-00007-of-00803_533.wav,0,48000,7
7--train-00007-of-00803_237,3.0,/Users/tavantai/Developer/project_thesis_code/dataset_copy/7/train-00007-of-00803_237.wav,0,48000,7
7--train-00007-of-00803_131,3.0,/Users/tavantai/Developer/project_thesis_code/dataset_copy/7/train-00007-of-00803_131.wav,0,48000,7
7--train-00007-of-00803_371,3.0,/Users/tavantai/Developer/project_thesis_code/dataset_copy/7/train-00007-of-00803_371.wav,0,48000,7
7--train-00007-of-00803_283,3.0,/Users/tavantai/Developer/project_thesis_code/dataset_copy/7/train-00007-of-00803_283.wav,0,48000,7
7--train-00007-of-00803_169,3.0,/Users/tavantai/Developer/project_thesis_code/dataset_copy/7/train-00007-of-00803_169.wav,0,48000,7
7--train-00007-of-00803_289,3.0,/Users/tavantai/Developer/project_thesis_code/dataset_copy/7/train-00007-of-00803_289.wav,0,48000,7
7--train-00007-of-00803_29,3.0,/Users/tavantai/Developer/project_thesis_code/dataset_copy/7/train-00007-of-00803_29.wav,0,48000,7
7--train-00007-of-00803_264,3.0,/Users/tavantai/Developer/project_thesis_code/dataset_copy/7/train-00007-of-00803_264.wav,0,48000,7
7--train-00007-of-00803_491,3.0,/Users/tavantai/Developer/project_thesis_code/dataset_copy/7/train-00007-of-00803_491.wav,0,48000,7
7--train-00007-of-00803_67,3.0,/Users/tavantai/Developer/project_thesis_code/dataset_copy/7/train-00007-of-00803_67.wav,0,48000,7
7--train-00007-of-00803_190,3.0,/Users/tavantai/Developer/project_thesis_code/dataset_copy/7/train-00007-of-00803_190.wav,0,48000,7
7--train-00007-of-00803_485,3.0,/Users/tavantai/Developer/project_thesis_code/dataset_copy/7/train-00007-of-00803_485.wav,0,48000,7
7--train-00007-of-00803_135,3.0,/Users/tavantai/Developer/project_thesis_code/dataset_copy/7/train-00007-of-00803_135.wav,0,48000,7
7--train-00007-of-00803_400,3.0,/Users/tavantai/Developer/project_thesis_code/dataset_copy/7/train-00007-of-00803_400.wav,0,48000,7
7--train-00007-of-00803_477,3.0,/Users/tavantai/Developer/project_thesis_code/dataset_copy/7/train-00007-of-00803_477.wav,0,48000,7
7--train-00007-of-00803_123,3.0,/Users/tavantai/Developer/project_thesis_code/dataset_copy/7/train-00007-of-00803_123.wav,0,48000,7
7--train-00007-of-00803_161,3.0,/Users/tavantai/Developer/project_thesis_code/dataset_copy/7/train-00007-of-00803_161.wav,0,48000,7
7--train-00007-of-00803_114,3.0,/Users/tavantai/Developer/project_thesis_code/dataset_copy/7/train-00007-of-00803_114.wav,0,48000,7
7--train-00007-of-00803_476,3.0,/Users/tavantai/Developer/project_thesis_code/dataset_copy/7/train-00007-of-00803_476.wav,0,48000,7
7--train-00007-of-00803_39,3.0,/Users/tavantai/Developer/project_thesis_code/dataset_copy/7/train-00007-of-00803_39.wav,0,48000,7
7--train-00006-of-00803_1284,3.0,/Users/tavantai/Developer/project_thesis_code/dataset_copy/7/train-00006-of-00803_1284.wav,0,48000,7
7--train-00007-of-00803_588,3.0,/Users/tavantai/Developer/project_thesis_code/dataset_copy/7/train-00007-of-00803_588.wav,0,48000,7
7--train-00007-of-00803_20,3.0,/Users/tavantai/Developer/project_thesis_code/dataset_copy/7/train-00007-of-00803_20.wav,0,48000,7
7--train-00007-of-00803_136,3.0,/Users/tavantai/Developer/project_thesis_code/dataset_copy/7/train-00007-of-00803_136.wav,0,48000,7
7--train-00007-of-00803_378,3.0,/Users/tavantai/Developer/project_thesis_code/dataset_copy/7/train-00007-of-00803_378.wav,0,48000,7
7--train-00007-of-00803_168,3.0,/Users/tavantai/Developer/project_thesis_code/dataset_copy/7/train-00007-of-00803_168.wav,0,48000,7
7--train-00007-of-00803_343,3.0,/Users/tavantai/Developer/project_thesis_code/dataset_copy/7/train-00007-of-00803_343.wav,0,48000,7
7--train-00007-of-00803_54,3.0,/Users/tavantai/Developer/project_thesis_code/dataset_copy/7/train-00007-of-00803_54.wav,0,48000,7
7--train-00006-of-00803_1289,3.0,/Users/tavantai/Developer/project_thesis_code/dataset_copy/7/train-00006-of-00803_1289.wav,0,48000,7
7--train-00007-of-00803_126,3.0,/Users/tavantai/Developer/project_thesis_code/dataset_copy/7/train-00007-of-00803_126.wav,0,48000,7
7--train-00007-of-00803_295,3.0,/Users/tavantai/Developer/project_thesis_code/dataset_copy/7/train-00007-of-00803_295.wav,0,48000,7
7--train-00007-of-00803_590,3.0,/Users/tavantai/Developer/project_thesis_code/dataset_copy/7/train-00007-of-00803_590.wav,0,48000,7
7--train-00007-of-00803_445,3.0,/Users/tavantai/Developer/project_thesis_code/dataset_copy/7/train-00007-of-00803_445.wav,0,48000,7
7--train-00007-of-00803_189,3.0,/Users/tavantai/Developer/project_thesis_code/dataset_copy/7/train-00007-of-00803_189.wav,0,48000,7
7--train-00007-of-00803_129,3.0,/Users/tavantai/Developer/project_thesis_code/dataset_copy/7/train-00007-of-00803_129.wav,0,48000,7
7--train-00007-of-00803_315,3.0,/Users/tavantai/Developer/project_thesis_code/dataset_copy/7/train-00007-of-00803_315.wav,0,48000,7
7--train-00007-of-00803_179,3.0,/Users/tavantai/Developer/project_thesis_code/dataset_copy/7/train-00007-of-00803_179.wav,0,48000,7
7--train-00007-of-00803_554,3.0,/Users/tavantai/Developer/project_thesis_code/dataset_copy/7/train-00007-of-00803_554.wav,0,48000,7
7--train-00007-of-00803_464,3.0,/Users/tavantai/Developer/project_thesis_code/dataset_copy/7/train-00007-of-00803_464.wav,0,48000,7
7--train-00007-of-00803_398,3.0,/Users/tavantai/Developer/project_thesis_code/dataset_copy/7/train-00007-of-00803_398.wav,0,48000,7
7--train-00007-of-00803_273,3.0,/Users/tavantai/Developer/project_thesis_code/dataset_copy/7/train-00007-of-00803_273.wav,0,48000,7
7--train-00007-of-00803_520,3.0,/Users/tavantai/Developer/project_thesis_code/dataset_copy/7/train-00007-of-00803_520.wav,0,48000,7
7--train-00007-of-00803_296,3.0,/Users/tavantai/Developer/project_thesis_code/dataset_copy/7/train-00007-of-00803_296.wav,0,48000,7
7--train-00007-of-00803_397,3.0,/Users/tavantai/Developer/project_thesis_code/dataset_copy/7/train-00007-of-00803_397.wav,0,48000,7
7--train-00007-of-00803_346,3.0,/Users/tavantai/Developer/project_thesis_code/dataset_copy/7/train-00007-of-00803_346.wav,0,48000,7
7--train-00007-of-00803_78,3.0,/Users/tavantai/Developer/project_thesis_code/dataset_copy/7/train-00007-of-00803_78.wav,0,48000,7
7--train-00007-of-00803_306,3.0,/Users/tavantai/Developer/project_thesis_code/dataset_copy/7/train-00007-of-00803_306.wav,0,48000,7
7--train-00007-of-00803_145,3.0,/Users/tavantai/Developer/project_thesis_code/dataset_copy/7/train-00007-of-00803_145.wav,0,48000,7
7--train-00007-of-00803_1,3.0,/Users/tavantai/Developer/project_thesis_code/dataset_copy/7/train-00007-of-00803_1.wav,0,48000,7
7--train-00007-of-00803_261,3.0,/Users/tavantai/Developer/project_thesis_code/dataset_copy/7/train-00007-of-00803_261.wav,0,48000,7
7--train-00007-of-00803_288,3.0,/Users/tavantai/Developer/project_thesis_code/dataset_copy/7/train-00007-of-00803_288.wav,0,48000,7
7--train-00007-of-00803_310,3.0,/Users/tavantai/Developer/project_thesis_code/dataset_copy/7/train-00007-of-00803_310.wav,0,48000,7
7--train-00007-of-00803_74,3.0,/Users/tavantai/Developer/project_thesis_code/dataset_copy/7/train-00007-of-00803_74.wav,0,48000,7
7--train-00007-of-00803_548,3.0,/Users/tavantai/Developer/project_thesis_code/dataset_copy/7/train-00007-of-00803_548.wav,0,48000,7
7--train-00006-of-00803_1273,3.0,/Users/tavantai/Developer/project_thesis_code/dataset_copy/7/train-00006-of-00803_1273.wav,0,48000,7
7--train-00007-of-00803_543,3.0,/Users/tavantai/Developer/project_thesis_code/dataset_copy/7/train-00007-of-00803_543.wav,0,48000,7
7--train-00007-of-00803_301,3.0,/Users/tavantai/Developer/project_thesis_code/dataset_copy/7/train-00007-of-00803_301.wav,0,48000,7
7--train-00007-of-00803_448,3.0,/Users/tavantai/Developer/project_thesis_code/dataset_copy/7/train-00007-of-00803_448.wav,0,48000,7
7--train-00007-of-00803_419,3.0,/Users/tavantai/Developer/project_thesis_code/dataset_copy/7/train-00007-of-00803_419.wav,0,48000,7
7--train-00007-of-00803_166,3.0,/Users/tavantai/Developer/project_thesis_code/dataset_copy/7/train-00007-of-00803_166.wav,0,48000,7
7--train-00007-of-00803_563,3.0,/Users/tavantai/Developer/project_thesis_code/dataset_copy/7/train-00007-of-00803_563.wav,0,48000,7
7--train-00007-of-00803_298,3.0,/Users/tavantai/Developer/project_thesis_code/dataset_copy/7/train-00007-of-00803_298.wav,0,48000,7
7--train-00007-of-00803_348,3.0,/Users/tavantai/Developer/project_thesis_code/dataset_copy/7/train-00007-of-00803_348.wav,0,48000,7
7--train-00007-of-00803_14,3.0,/Users/tavantai/Developer/project_thesis_code/dataset_copy/7/train-00007-of-00803_14.wav,0,48000,7
7--train-00007-of-00803_459,3.0,/Users/tavantai/Developer/project_thesis_code/dataset_copy/7/train-00007-of-00803_459.wav,0,48000,7
7--train-00007-of-00803_109,3.0,/Users/tavantai/Developer/project_thesis_code/dataset_copy/7/train-00007-of-00803_109.wav,0,48000,7
7--train-00007-of-00803_416,3.0,/Users/tavantai/Developer/project_thesis_code/dataset_copy/7/train-00007-of-00803_416.wav,0,48000,7
7--train-00007-of-00803_323,3.0,/Users/tavantai/Developer/project_thesis_code/dataset_copy/7/train-00007-of-00803_323.wav,0,48000,7
7--train-00007-of-00803_495,3.0,/Users/tavantai/Developer/project_thesis_code/dataset_copy/7/train-00007-of-00803_495.wav,0,48000,7
7--train-00007-of-00803_427,3.0,/Users/tavantai/Developer/project_thesis_code/dataset_copy/7/train-00007-of-00803_427.wav,0,48000,7
7--train-00007-of-00803_357,3.0,/Users/tavantai/Developer/project_thesis_code/dataset_copy/7/train-00007-of-00803_357.wav,0,48000,7
7--train-00007-of-00803_202,3.0,/Users/tavantai/Developer/project_thesis_code/dataset_copy/7/train-00007-of-00803_202.wav,0,48000,7
7--train-00007-of-00803_15,3.0,/Users/tavantai/Developer/project_thesis_code/dataset_copy/7/train-00007-of-00803_15.wav,0,48000,7
7--train-00007-of-00803_354,3.0,/Users/tavantai/Developer/project_thesis_code/dataset_copy/7/train-00007-of-00803_354.wav,0,48000,7
7--train-00007-of-00803_359,3.0,/Users/tavantai/Developer/project_thesis_code/dataset_copy/7/train-00007-of-00803_359.wav,0,48000,7
7--train-00007-of-00803_424,3.0,/Users/tavantai/Developer/project_thesis_code/dataset_copy/7/train-00007-of-00803_424.wav,0,48000,7
7--train-00007-of-00803_373,3.0,/Users/tavantai/Developer/project_thesis_code/dataset_copy/7/train-00007-of-00803_373.wav,0,48000,7
7--train-00007-of-00803_86,3.0,/Users/tavantai/Developer/project_thesis_code/dataset_copy/7/train-00007-of-00803_86.wav,0,48000,7
7--train-00007-of-00803_144,3.0,/Users/tavantai/Developer/project_thesis_code/dataset_copy/7/train-00007-of-00803_144.wav,0,48000,7
7--train-00007-of-00803_494,3.0,/Users/tavantai/Developer/project_thesis_code/dataset_copy/7/train-00007-of-00803_494.wav,0,48000,7
7--train-00007-of-00803_45,3.0,/Users/tavantai/Developer/project_thesis_code/dataset_copy/7/train-00007-of-00803_45.wav,0,48000,7
7--train-00007-of-00803_72,3.0,/Users/tavantai/Developer/project_thesis_code/dataset_copy/7/train-00007-of-00803_72.wav,0,48000,7
7--train-00007-of-00803_219,3.0,/Users/tavantai/Developer/project_thesis_code/dataset_copy/7/train-00007-of-00803_219.wav,0,48000,7
7--train-00007-of-00803_321,3.0,/Users/tavantai/Developer/project_thesis_code/dataset_copy/7/train-00007-of-00803_321.wav,0,48000,7
7--train-00007-of-00803_451,3.0,/Users/tavantai/Developer/project_thesis_code/dataset_copy/7/train-00007-of-00803_451.wav,0,48000,7
7--train-00007-of-00803_524,3.0,/Users/tavantai/Developer/project_thesis_code/dataset_copy/7/train-00007-of-00803_524.wav,0,48000,7
7--train-00007-of-00803_482,3.0,/Users/tavantai/Developer/project_thesis_code/dataset_copy/7/train-00007-of-00803_482.wav,0,48000,7
7--train-00007-of-00803_212,3.0,/Users/tavantai/Developer/project_thesis_code/dataset_copy/7/train-00007-of-00803_212.wav,0,48000,7
7--train-00007-of-00803_111,3.0,/Users/tavantai/Developer/project_thesis_code/dataset_copy/7/train-00007-of-00803_111.wav,0,48000,7
7--train-00007-of-00803_66,3.0,/Users/tavantai/Developer/project_thesis_code/dataset_copy/7/train-00007-of-00803_66.wav,0,48000,7
9--train-00015-of-00803_592,3.0,/Users/tavantai/Developer/project_thesis_code/dataset_copy/9/train-00015-of-00803_592.wav,0,48000,9
9--train-00015-of-00803_565,3.0,/Users/tavantai/Developer/project_thesis_code/dataset_copy/9/train-00015-of-00803_565.wav,0,48000,9
9--train-00015-of-00803_552,3.0,/Users/tavantai/Developer/project_thesis_code/dataset_copy/9/train-00015-of-00803_552.wav,0,48000,9
9--train-00015-of-00803_471,3.0,/Users/tavantai/Developer/project_thesis_code/dataset_copy/9/train-00015-of-00803_471.wav,0,48000,9
9--train-00015-of-00803_481,3.0,/Users/tavantai/Developer/project_thesis_code/dataset_copy/9/train-00015-of-00803_481.wav,0,48000,9
9--train-00015-of-00803_519,3.0,/Users/tavantai/Developer/project_thesis_code/dataset_copy/9/train-00015-of-00803_519.wav,0,48000,9
9--train-00015-of-00803_459,3.0,/Users/tavantai/Developer/project_thesis_code/dataset_copy/9/train-00015-of-00803_459.wav,0,48000,9
9--train-00015-of-00803_523,3.0,/Users/tavantai/Developer/project_thesis_code/dataset_copy/9/train-00015-of-00803_523.wav,0,48000,9
9--train-00015-of-00803_562,3.0,/Users/tavantai/Developer/project_thesis_code/dataset_copy/9/train-00015-of-00803_562.wav,0,48000,9
9--train-00015-of-00803_453,3.0,/Users/tavantai/Developer/project_thesis_code/dataset_copy/9/train-00015-of-00803_453.wav,0,48000,9
9--train-00015-of-00803_479,3.0,/Users/tavantai/Developer/project_thesis_code/dataset_copy/9/train-00015-of-00803_479.wav,0,48000,9
9--train-00015-of-00803_466,3.0,/Users/tavantai/Developer/project_thesis_code/dataset_copy/9/train-00015-of-00803_466.wav,0,48000,9
9--train-00015-of-00803_514,3.0,/Users/tavantai/Developer/project_thesis_code/dataset_copy/9/train-00015-of-00803_514.wav,0,48000,9
9--train-00015-of-00803_530,3.0,/Users/tavantai/Developer/project_thesis_code/dataset_copy/9/train-00015-of-00803_530.wav,0,48000,9
9--train-00015-of-00803_464,3.0,/Users/tavantai/Developer/project_thesis_code/dataset_copy/9/train-00015-of-00803_464.wav,0,48000,9
9--train-00015-of-00803_443,3.0,/Users/tavantai/Developer/project_thesis_code/dataset_copy/9/train-00015-of-00803_443.wav,0,48000,9
9--train-00015-of-00803_440,3.0,/Users/tavantai/Developer/project_thesis_code/dataset_copy/9/train-00015-of-00803_440.wav,0,48000,9
9--train-00015-of-00803_462,3.0,/Users/tavantai/Developer/project_thesis_code/dataset_copy/9/train-00015-of-00803_462.wav,0,48000,9
9--train-00015-of-00803_566,3.0,/Users/tavantai/Developer/project_thesis_code/dataset_copy/9/train-00015-of-00803_566.wav,0,48000,9
9--train-00015-of-00803_536,3.0,/Users/tavantai/Developer/project_thesis_code/dataset_copy/9/train-00015-of-00803_536.wav,0,48000,9
9--train-00015-of-00803_538,3.0,/Users/tavantai/Developer/project_thesis_code/dataset_copy/9/train-00015-of-00803_538.wav,0,48000,9
9--train-00015-of-00803_533,3.0,/Users/tavantai/Developer/project_thesis_code/dataset_copy/9/train-00015-of-00803_533.wav,0,48000,9
9--train-00015-of-00803_512,3.0,/Users/tavantai/Developer/project_thesis_code/dataset_copy/9/train-00015-of-00803_512.wav,0,48000,9
9--train-00015-of-00803_579,3.0,/Users/tavantai/Developer/project_thesis_code/dataset_copy/9/train-00015-of-00803_579.wav,0,48000,9
9--train-00015-of-00803_584,3.0,/Users/tavantai/Developer/project_thesis_code/dataset_copy/9/train-00015-of-00803_584.wav,0,48000,9
9--train-00015-of-00803_450,3.0,/Users/tavantai/Developer/project_thesis_code/dataset_copy/9/train-00015-of-00803_450.wav,0,48000,9
9--train-00015-of-00803_527,3.0,/Users/tavantai/Developer/project_thesis_code/dataset_copy/9/train-00015-of-00803_527.wav,0,48000,9
9--train-00015-of-00803_452,3.0,/Users/tavantai/Developer/project_thesis_code/dataset_copy/9/train-00015-of-00803_452.wav,0,48000,9
9--train-00015-of-00803_477,3.0,/Users/tavantai/Developer/project_thesis_code/dataset_copy/9/train-00015-of-00803_477.wav,0,48000,9
9--train-00015-of-00803_484,3.0,/Users/tavantai/Developer/project_thesis_code/dataset_copy/9/train-00015-of-00803_484.wav,0,48000,9
9--train-00015-of-00803_478,3.0,/Users/tavantai/Developer/project_thesis_code/dataset_copy/9/train-00015-of-00803_478.wav,0,48000,9
9--train-00015-of-00803_451,3.0,/Users/tavantai/Developer/project_thesis_code/dataset_copy/9/train-00015-of-00803_451.wav,0,48000,9
9--train-00015-of-00803_448,3.0,/Users/tavantai/Developer/project_thesis_code/dataset_copy/9/train-00015-of-00803_448.wav,0,48000,9
9--train-00015-of-00803_591,3.0,/Users/tavantai/Developer/project_thesis_code/dataset_copy/9/train-00015-of-00803_591.wav,0,48000,9
9--train-00015-of-00803_535,3.0,/Users/tavantai/Developer/project_thesis_code/dataset_copy/9/train-00015-of-00803_535.wav,0,48000,9
9--train-00015-of-00803_576,3.0,/Users/tavantai/Developer/project_thesis_code/dataset_copy/9/train-00015-of-00803_576.wav,0,48000,9
9--train-00015-of-00803_503,3.0,/Users/tavantai/Developer/project_thesis_code/dataset_copy/9/train-00015-of-00803_503.wav,0,48000,9
9--train-00015-of-00803_516,3.0,/Users/tavantai/Developer/project_thesis_code/dataset_copy/9/train-00015-of-00803_516.wav,0,48000,9
9--train-00015-of-00803_540,3.0,/Users/tavantai/Developer/project_thesis_code/dataset_copy/9/train-00015-of-00803_540.wav,0,48000,9
9--train-00015-of-00803_590,3.0,/Users/tavantai/Developer/project_thesis_code/dataset_copy/9/train-00015-of-00803_590.wav,0,48000,9
9--train-00015-of-00803_506,3.0,/Users/tavantai/Developer/project_thesis_code/dataset_copy/9/train-00015-of-00803_506.wav,0,48000,9
